call,quay,terminal,sections,ship,imo,mmsi,flag,length_m,beam_m,draught_m,eta_utc,etd_utc,from_port,to_port,agent
51399-1,24B,"APM TERMINALS BARCELONA, S.L.U.",4-7,PERSEUS,9371414,255806363,Portugal,140.38,,8.7,2024-01-09 02:41:00,2024-01-09 11:28:00,Algeciras,Valencia,A PEREZ Y CIA SL
51567-1,24B,"APM TERMINALS BARCELONA, S.L.U.",5-8,NANTO,9083043,276870000,Estònia,151,19.4,7.42,2024-01-09 12:36:00,2024-01-09 19:36:00,Alicante,Alicante,NOATUM MARITIME SPAIN SAU
51567-3,24B,"APM TERMINALS BARCELONA, S.L.U.",13-16,NANTO,9083043,276870000,Estònia,151,19.4,7.42,2024-01-12 13:08:00,2024-01-13 01:03:00,Alicante,Alicante,NOATUM MARITIME SPAIN SAU
51427-1,24B,"APM TERMINALS BARCELONA, S.L.U.",5-8,MIRROR,9328041,255805842,Portugal,141,,7.32,2024-01-12 23:30:00,2024-01-13 06:42:00,Valencia,Aliaga,NOATUM MARITIME SPAIN SAU
51611-1,24B,"APM TERMINALS BARCELONA, S.L.U.",5-8,PERSEUS,9371414,255806363,Portugal,140.38,,8.7,2024-01-15 06:00:00,2024-01-15 12:29:00,Alicante,Valencia,A PEREZ Y CIA SL
51400-1,24B,"APM TERMINALS BARCELONA, S.L.U.",5-8,WEC MAJORELLE,9134153,210312000,Xipre,122,18.2,6.69,2024-01-15 16:31:00,2024-01-16 00:51:00,Valencia,Algeciras,A PEREZ Y CIA SL
51404-1,24B,"APM TERMINALS BARCELONA, S.L.U.",10-14,MAERSK NARMADA,9356098,477552700,Hong Kong,211,,11.4,2024-01-15 16:51:00,2024-01-16 06:26:00,Valencia,Genoa,NOATUM MARITIME SPAIN SAU
51664-1,24B,"APM TERMINALS BARCELONA, S.L.U.",8-11,STEEN,9360996,255915587,Portugal,138.15,,7.74,2024-01-17 15:40:00,2024-01-18 02:38:00,Valencia,Casablanca,GLOBAL LINER AGENCIAS IBERIA SL
51403-1,24B,"APM TERMINALS BARCELONA, S.L.U.",4-7,CARLOTA B,9404065,255805878,Portugal,141,,7.33,2024-01-18 06:09:00,2024-01-19 19:59:00,Alicante,Cadiz,BOLUDA LINES SA
51568-1,24B,"APM TERMINALS BARCELONA, S.L.U.",8-11,NJORD,9349227,245872000,Països Baixos,142,,7.3,2024-01-19 13:22:00,2024-01-19 23:17:00,Valencia,Aliaga,NOATUM MARITIME SPAIN SAU
51480-1,24B,"APM TERMINALS BARCELONA, S.L.U.",18-22,CMA CGM MONTREAL,9363417,229846000,Malta,200,,11.28,2024-01-20 00:09:00,2024-01-20 20:32:00,Genoa,Valencia,CMA CGM IBERICA SAU
51569-1,24B,"APM TERMINALS BARCELONA, S.L.U.",4-7,WEGA,9141118,211235880,Alemanya,151,,7.42,2024-01-21 05:44:00,2024-01-21 20:13:00,Alicante,Alicante,NOATUM MARITIME SPAIN SAU
51629-1,24B,"APM TERMINALS BARCELONA, S.L.U.",4-7,PERSEUS,9371414,255806363,Portugal,140.38,,8.7,2024-01-22 08:13:00,2024-01-22 13:38:00,Algeciras,Valencia,A PEREZ Y CIA SL
51657-1,24B,"APM TERMINALS BARCELONA, S.L.U.",8-13,ZIM VIRGINIA,9231808,428002000,Israel,294,,13.5,2024-01-22 17:08:00,2024-01-23 05:05:00,Genoa,Valencia,A PEREZ Y CIA SL
51405-1,24B,"APM TERMINALS BARCELONA, S.L.U.",4-7,K-RIVER,9138355,255805995,Portugal,121.99,,6.69,2024-01-22 23:09:00,2024-01-23 11:08:00,Valencia,Algeciras,A PEREZ Y CIA SL
51597-1,24B,"APM TERMINALS BARCELONA, S.L.U.",9-14,MELINA,9401075,538007680,Illes Marshall,260.05,32.25,12.63,2024-01-23 08:37:00,2024-01-24 00:39:00,Valencia,Mersin,A PEREZ Y CIA SL
51681-1,24B,"APM TERMINALS BARCELONA, S.L.U.",4-7,VERONICA B,9436305,255805755,Portugal,141,,7.34,2024-01-25 11:30:00,2024-01-26 22:14:00,Alicante,Cadiz,BOLUDA LINES SA
51570-1,24B,"APM TERMINALS BARCELONA, S.L.U.",13-16,NANTO,9083043,276870000,Estònia,151,19.4,7.42,2024-01-25 11:34:00,2024-01-27 11:12:00,Alicante,Alicante,NOATUM MARITIME SPAIN SAU
51571-1,24B,"APM TERMINALS BARCELONA, S.L.U.",8-11,MIRROR,9328041,255805842,Portugal,141,,7.32,2024-01-26 01:16:00,2024-01-26 07:41:00,Valencia,Aliaga,NOATUM MARITIME SPAIN SAU
51666-1,24B,"APM TERMINALS BARCELONA, S.L.U.",9-12,ANDREA,9333357,255993000,Portugal,134,,8.7,2024-01-26 11:04:00,2024-01-27 01:02:00,Valencia,Casablanca,GLOBAL LINER AGENCIAS IBERIA SL
51814-1,24B,"APM TERMINALS BARCELONA, S.L.U.",4-8,CINZIA A,9226516,215421000,Malta,200,,11.55,2024-01-27 00:15:00,2024-01-27 18:10:00,Castellon de la Plana,Piraeus,ARKAS SPAIN SA
51674-1,24B,"APM TERMINALS BARCELONA, S.L.U.",9-13,MAERSK NUBA,9356115,477552100,Hong Kong,211,,11.4,2024-01-27 12:14:00,2024-01-28 01:37:00,Valencia,Genoa,NOATUM MARITIME SPAIN SAU
51516-1,24B,"APM TERMINALS BARCELONA, S.L.U.",4-7,RACHEL BORCHARD,9212010,538005064,Illes Marshall,159,,9.2,2024-01-28 11:48:00,2024-01-28 22:20:00,Marseille,Genoa,NOATUM MARITIME SPAIN SAU
51892-1,24B,"APM TERMINALS BARCELONA, S.L.U.",8-12,NYSTED MAERSK,9220897,477642700,Hong Kong,198.6,30.2,11.15,2024-01-28 18:46:00,2024-01-29 03:15:00,Tanger Med,Vado Ligure,NOATUM MARITIME SPAIN SAU
51632-1,24B,"APM TERMINALS BARCELONA, S.L.U.",4-7,PERSEUS,9371414,255806363,Portugal,140.38,,8.7,2024-01-29 08:00:00,2024-01-29 14:37:00,Algeciras,Valencia,A PEREZ Y CIA SL
52129-1,24B,"APM TERMINALS BARCELONA, S.L.U.",4-7,WEGA,9141118,211235880,Alemanya,151,,7.42,2024-01-30 13:03:00,2024-01-30 19:40:00,Alicante,Alicante,NOATUM MARITIME SPAIN SAU
51658-1,24B,"APM TERMINALS BARCELONA, S.L.U.",8-14,ZIM ASIA,9464716,636021664,Libèria,260,,12.6,2024-01-30 13:06:00,2024-01-30 22:51:00,Genoa,Valencia,A PEREZ Y CIA SL
51602-1,24B,"APM TERMINALS BARCELONA, S.L.U.",8-14,OOCL EUROPE,9300805,477214700,Hong Kong,323,42.8,15.03,2024-01-31 05:36:00,2024-02-01 08:31:00,Fos-sur-Mer,Valencia,ORIENT OVERSEAS CONTAINER LINE SPAIN SL
51810-1,24B,"APM TERMINALS BARCELONA, S.L.U.",4-7,K-OCEAN,9143972,255805996,Portugal,121.76,18.2,6.69,2024-01-31 06:34:00,2024-01-31 11:00:00,Valencia,Algeciras,A PEREZ Y CIA SL
51778-1,24B,"APM TERMINALS BARCELONA, S.L.U.",4-7,TROUPER,9326952,255805844,Portugal,134.44,,8.71,2024-01-31 19:07:00,2024-02-01 10:30:00,Valencia,Casablanca,GLOBAL LINER AGENCIAS IBERIA SL
51598-1,24B,"APM TERMINALS BARCELONA, S.L.U.",8-12,VIVIEN A,9491848,271040635,Turquia,210.45,29.8,11.4,2024-02-01 09:57:00,2024-02-02 03:21:00,Casablanca,Piraeus,ARKAS SPAIN SA
51894-1,24B,"APM TERMINALS BARCELONA, S.L.U.",4-7,CARLOTA B,9404065,255805878,Portugal,141,21.8,7.33,2024-02-01 12:41:00,2024-02-02 20:24:00,Alicante,Cadiz,BOLUDA LINES SA
52053-1,24B,"APM TERMINALS BARCELONA, S.L.U.",14-18,MAERSK JAIPUR,9343974,248207000,Malta,222.2,30,12.02,2024-02-02 01:44:00,2024-02-02 18:23:00,Castellon de la Plana,Piraeus,NOATUM MARITIME SPAIN SAU
52129-3,24B,"APM TERMINALS BARCELONA, S.L.U.",8-11,WEGA,9141118,211235880,Alemanya,151,,7.42,2024-02-02 16:42:00,2024-02-03 07:47:00,Alicante,Alicante,NOATUM MARITIME SPAIN SAU
51811-1,24B,"APM TERMINALS BARCELONA, S.L.U.",4-7,NJORD,9349227,245872000,Països Baixos,142,,7.3,2024-02-03 00:30:00,2024-02-03 12:12:00,Valencia,Aliaga,GLOBAL LINER AGENCIAS IBERIA SL
51815-1,24B,"APM TERMINALS BARCELONA, S.L.U.",13-17,MARTHA A,9299484,271044070,Turquia,207.4,29.8,11.4,2024-02-03 11:41:00,2024-02-03 22:45:00,Valencia,Genoa,ARKAS SPAIN SA
51517-1,24B,"APM TERMINALS BARCELONA, S.L.U.",8-11,CHARLOTTE BORCHARD,9212022,538005039,Illes Marshall,158.7,25.6,9.2,2024-02-04 06:10:00,2024-02-04 14:35:00,Marseille,Castellon de la Plana,NOATUM MARITIME SPAIN SAU
51890-1,24B,"APM TERMINALS BARCELONA, S.L.U.",15-19,MAERSK NORFOLK,9356139,219225000,Dinamarca,210.49,29.8,11.4,2024-02-04 19:38:00,2024-02-05 07:06:00,Fos-sur-Mer,Valencia,NOATUM MARITIME SPAIN SAU
52115-1,24B,"APM TERMINALS BARCELONA, S.L.U.",4-7,PERSEUS,9371414,255806363,Portugal,140.38,22.8,8.7,2024-02-04 23:55:00,2024-02-05 06:45:00,Algeciras,Valencia,A PEREZ Y CIA SL
51912-1,24B,"APM TERMINALS BARCELONA, S.L.U.",9-14,NAVIOS INDIGO,9324875,538003035,Illes Marshall,260.66,,12.6,2024-02-05 06:37:00,2024-02-05 19:16:00,Genoa,Valencia,A PEREZ Y CIA SL
51596-1,24B,"APM TERMINALS BARCELONA, S.L.U.",7-14,CMA CGM DALILA,9450624,256855000,França,334.04,42.8,15,2024-02-05 23:58:00,2024-02-06 20:33:00,Fos-sur-Mer,Valencia,CMA CGM IBERICA SAU
52140-1,24B,"APM TERMINALS BARCELONA, S.L.U.",3-6,STEEN,9360996,255915587,Portugal,138.15,,7.74,2024-02-06 12:15:00,2024-02-06 22:17:00,Valencia,Casablanca,GLOBAL LINER AGENCIAS IBERIA SL
51909-1,24B,"APM TERMINALS BARCELONA, S.L.U.",7-14,SEASPAN OCEANIA,9286009,477020300,Hong Kong,334,42.8,14.5,2024-02-06 23:52:00,2024-02-08 02:02:00,Genoa,Valencia,COSCO SHIPPING LINES SPAIN SA
52132-1,24B,"APM TERMINALS BARCELONA, S.L.U.",3-6,NANTO,9083043,276870000,Estònia,151,19.4,7.42,2024-02-07 05:54:00,2024-02-07 19:27:00,Alicante,Alicante,NOATUM MARITIME SPAIN SAU
51847-1,24B,"APM TERMINALS BARCELONA, S.L.U.",15-22,ONE FREEDOM,9934357,477846600,Hong Kong,366,,16,2024-02-07 17:39:00,2024-02-09 09:34:00,Damietta,Valencia,OCEAN NETWORK EXPRESS SPAIN SA
52051-1,24B,"APM TERMINALS BARCELONA, S.L.U.",4-7,VERONICA B,9436305,255805755,Portugal,141,21.8,7.34,2024-02-08 12:13:00,2024-02-09 21:06:00,Alicante,Cadiz,BOLUDA LINES SA
51650-1,24B,"APM TERMINALS BARCELONA, S.L.U.",8-12,CAPE CITIUS,9848742,210070000,Xipre,185.96,34.79,11,2024-02-09 01:09:00,2024-02-10 01:11:00,Genoa,Caucedo,HAPAG LLOYD SPAIN SL
51652-1,24B,"APM TERMINALS BARCELONA, S.L.U.",15-22,NAGOYA EXPRESS,9450428,636093219,Libèria,335.08,,14.61,2024-02-09 15:23:00,2024-02-10 10:06:00,Genoa,Caucedo,HAPAG LLOYD SPAIN SL
52133-1,24B,"APM TERMINALS BARCELONA, S.L.U.",4-7,MIRROR,9328041,255805842,Portugal,141,21.8,7.32,2024-02-10 00:46:00,2024-02-10 10:58:00,Valencia,Aliaga,NOATUM MARITIME SPAIN SAU
52055-1,24B,"APM TERMINALS BARCELONA, S.L.U.",8-12,CMA CGM MONTREAL,9363417,229846000,Malta,200,,11.28,2024-02-10 09:30:00,2024-02-10 22:24:00,Castellon de la Plana,Piraeus,CMA CGM IBERICA SAU
51946-2,24B,"APM TERMINALS BARCELONA, S.L.U.",4-7,WEC MAJORELLE,9134153,210312000,Xipre,122,18.2,6.69,2024-02-10 18:31:00,2024-02-11 03:00:00,Valencia,Algeciras,A PEREZ Y CIA SL
52132-5,24B,"APM TERMINALS BARCELONA, S.L.U.",8-11,NANTO,9083043,276870000,Estònia,151,19.4,7.42,2024-02-11 05:26:00,2024-02-11 21:59:00,Alicante,Alicante,NOATUM MARITIME SPAIN SAU
52063-1,24B,"APM TERMINALS BARCELONA, S.L.U.",4-7,RUTH BORCHARD,9212034,538005024,Illes Marshall,158.72,,9.2,2024-02-11 12:50:00,2024-02-12 01:09:00,Castellon de la Plana,Genoa,NOATUM MARITIME SPAIN SAU
51914-1,24B,"APM TERMINALS BARCELONA, S.L.U.",9-14,ZIM ATLANTIC,9440801,636021472,Libèria,262.06,,12.5,2024-02-11 23:42:00,2024-02-12 23:18:00,Valencia,Mersin,A PEREZ Y CIA SL
51893-1,24B,"APM TERMINALS BARCELONA, S.L.U.",4-8,NEXOE MAERSK,9220885,477642400,Hong Kong,199,,11.15,2024-02-12 03:31:00,2024-02-12 21:03:00,Fos-sur-Mer,Valencia,NOATUM MARITIME SPAIN SAU
51916-1,24B,"APM TERMINALS BARCELONA, S.L.U.",9-14,MELINA,9401075,538007680,Illes Marshall,260.05,32.25,12.63,2024-02-13 01:16:00,2024-02-13 15:55:00,Genoa,Valencia,A PEREZ Y CIA SL
51964-1,24B,"APM TERMINALS BARCELONA, S.L.U.",15-22,HMM HANBADA,9869203,636020707,Libèria,365.16,51,16.02,2024-02-13 08:49:00,2024-02-15 04:18:00,Fos-sur-Mer,Singapore,MARITIME AGENCY HMM SPAIN SL
52202-1,24B,"APM TERMINALS BARCELONA, S.L.U.",11-14,PERSEUS,9371414,255806363,Portugal,140.38,22.8,8.7,2024-02-13 17:30:00,2024-02-14 07:33:00,Algeciras,Valencia,A PEREZ Y CIA SL
51915-1,24B,"APM TERMINALS BARCELONA, S.L.U.",4-9,ZIM CHINA,9389382,636021739,Libèria,261.4,32.25,12.62,2024-02-14 06:20:00,2024-02-14 15:55:00,Valencia,Mersin,A PEREZ Y CIA SL
52175-1,24B,"APM TERMINALS BARCELONA, S.L.U.",11-14,ANDREA,9333357,255993000,Portugal,134,,8.7,2024-02-14 11:46:00,2024-02-15 00:57:00,Valencia,Casablanca,GLOBAL LINER AGENCIAS IBERIA SL
52208-1,24B,"APM TERMINALS BARCELONA, S.L.U.",4-7,CARLOTA B,9404065,255805878,Portugal,141,21.8,7.33,2024-02-15 06:14:00,2024-02-17 01:14:00,Alicante,Cadiz,BOLUDA LINES SA
51848-1,24B,"APM TERMINALS BARCELONA, S.L.U.",14-21,ONE MACKINAC,9689603,431241000,Japó,366,,15.52,2024-02-15 06:51:00,2024-02-16 13:06:00,Damietta,Valencia,OCEAN NETWORK EXPRESS SPAIN SA
52207-1,24B,"APM TERMINALS BARCELONA, S.L.U.",9-13,CINZIA A,9226516,215421000,Malta,200,29.8,11.55,2024-02-15 16:39:00,2024-02-16 11:14:00,Castellon de la Plana,Piraeus,ARKAS SPAIN SA
52116-1,24B,"APM TERMINALS BARCELONA, S.L.U.",9-13,MAERSK NARMADA,9356098,477552700,Hong Kong,211,,11.4,2024-02-16 15:48:00,2024-02-17 08:11:00,Valencia,Genoa,NOATUM MARITIME SPAIN SAU
51874-1,24B,"APM TERMINALS BARCELONA, S.L.U.",9-12,NJORD,9349227,245872000,Països Baixos,142,,7.3,2024-02-17 11:38:00,2024-02-17 20:31:00,Valencia,Aliaga,GLOBAL LINER AGENCIAS IBERIA SL
52064-1,24B,"APM TERMINALS BARCELONA, S.L.U.",8-11,RACHEL BORCHARD,9212010,538005064,Illes Marshall,159,,9.2,2024-02-17 23:47:00,2024-02-18 10:04:00,Castellon de la Plana,Genoa,NOATUM MARITIME SPAIN SAU
52367-1,24B,"APM TERMINALS BARCELONA, S.L.U.",4-7,TROUPER,9326952,255805844,Portugal,134.44,,8.71,2024-02-18 00:12:00,2024-02-18 10:31:00,Casablanca,Valencia,GLOBAL LINER AGENCIAS IBERIA SL
52114-1,24B,"APM TERMINALS BARCELONA, S.L.U.",4-7,K-RIVER,9138355,255805995,Portugal,121.99,,6.69,2024-02-18 11:42:00,2024-02-18 18:18:00,Algeciras,Valencia,A PEREZ Y CIA SL
51917-1,24B,"APM TERMINALS BARCELONA, S.L.U.",8-13,ZIM PACIFIC,9440837,636021362,Libèria,262,,12.5,2024-02-18 22:35:00,2024-02-19 13:44:00,Valencia,Mersin,A PEREZ Y CIA SL
52107-1,24B,"APM TERMINALS BARCELONA, S.L.U.",8-12,WANDA A,9415947,229111000,Malta,184.01,,9,2024-02-19 17:24:00,2024-02-20 00:39:00,Fos-sur-Mer,Valencia,ARKAS SPAIN SA
52380-1,24B,"APM TERMINALS BARCELONA, S.L.U.",4-7,PERSEUS,9371414,255806363,Portugal,140.38,,8.7,2024-02-20 00:13:00,2024-02-20 10:31:00,Algeciras,Valencia,A PEREZ Y CIA SL
52109-1,24B,"APM TERMINALS BARCELONA, S.L.U.",8-13,SINE A,9343089,256318000,Malta,222.15,,12.02,2024-02-20 06:50:00,2024-02-20 22:51:00,Casablanca,Piraeus,ARKAS SPAIN SA
51918-1,24B,"APM TERMINALS BARCELONA, S.L.U.",8-13,ZIM IBERIA,9431719,636020648,Libèria,261.05,,12.6,2024-02-21 06:06:00,2024-02-21 17:46:00,Genoa,Valencia,A PEREZ Y CIA SL
51969-1,24B,"APM TERMINALS BARCELONA, S.L.U.",14-21,HMM MIR,9869198,636020615,Libèria,365.16,51,16.02,2024-02-22 12:33:00,2024-02-24 07:53:00,Fos-sur-Mer,Piraeus,MARITIME AGENCY HMM SPAIN SL
52358-1,24B,"APM TERMINALS BARCELONA, S.L.U.",10-13,VERONICA B,9436305,255805755,Portugal,141,21.8,7.34,2024-02-22 13:04:00,2024-02-23 21:27:00,Alicante,Cadiz,BOLUDA LINES SA
52446-1,24B,"APM TERMINALS BARCELONA, S.L.U.",4-9,MAERSK JAIPUR,9343974,248207000,Malta,222.2,30,12.02,2024-02-22 18:42:00,2024-02-23 15:58:00,Castellon de la Plana,Piraeus,NOATUM MARITIME SPAIN SAU
52134-1,24B,"APM TERMINALS BARCELONA, S.L.U.",4-7,MIRROR,9328041,255805842,Portugal,141,,7.32,2024-02-23 17:05:00,2024-02-24 05:01:00,Valencia,Aliaga,NOATUM MARITIME SPAIN SAU
52108-1,24B,"APM TERMINALS BARCELONA, S.L.U.",9-13,TEOMAN A,9226504,215179000,Malta,199.95,,11.55,2024-02-24 01:15:00,2024-02-24 15:27:00,Valencia,Genoa,ARKAS SPAIN SA
52571-1,24B,"APM TERMINALS BARCELONA, S.L.U.",4-8,NYSTED MAERSK,9220897,477642700,Hong Kong,198.6,,11.15,2024-02-24 13:44:00,2024-02-24 23:51:00,Fos-sur-Mer,Valencia,NOATUM MARITIME SPAIN SAU
52338-1,24B,"APM TERMINALS BARCELONA, S.L.U.",4-7,CHARLOTTE BORCHARD,9212022,538005039,Illes Marshall,158.7,,9.2,2024-02-25 01:04:00,2024-02-25 11:31:00,Marseille,Castellon de la Plana,NOATUM MARITIME SPAIN SAU
52502-1,24B,"APM TERMINALS BARCELONA, S.L.U.",4-7,PERSEUS,9371414,255806363,Portugal,140.38,,8.7,2024-02-26 05:50:00,2024-02-26 16:14:00,Algeciras,Valencia,A PEREZ Y CIA SL
51919-1,24B,"APM TERMINALS BARCELONA, S.L.U.",14-20,ZIM VIRGINIA,9231808,428002000,Israel,294,,13.5,2024-02-26 05:52:00,2024-02-26 18:35:00,Valencia,Mersin,A PEREZ Y CIA SL
52746-4,24B,"APM TERMINALS BARCELONA, S.L.U.",6-9,MEDKON CANAKKALE,9341964,352002364,Panamà,130,20.6,7.4,2024-02-27 23:04:00,2024-02-28 04:52:00,Valencia,Istanbul,MEDKON IBERIA SL
51920-1,24B,"APM TERMINALS BARCELONA, S.L.U.",14-19,ZIM ATLANTIC,9440801,636021472,Libèria,262.06,32.2,12.5,2024-02-28 01:49:00,2024-02-28 12:52:00,Genoa,Valencia,A PEREZ Y CIA SL
52469-1,24B,"APM TERMINALS BARCELONA, S.L.U.",4-7,CARLOTA B,9404065,255805878,Portugal,141,,7.33,2024-02-29 11:56:00,2024-03-01 21:01:00,Alicante,Cadiz,BOLUDA LINES SA
51875-1,24B,"APM TERMINALS BARCELONA, S.L.U.",8-11,NJORD,9349227,245872000,Països Baixos,142,,7.3,2024-03-01 16:36:00,2024-03-02 04:40:00,Valencia,Aliaga,GLOBAL LINER AGENCIAS IBERIA SL
52461-1,24B,"APM TERMINALS BARCELONA, S.L.U.",4-8,MAERSK NUBA,9356115,477552100,Hong Kong,211,,11.4,2024-03-02 07:36:00,2024-03-02 18:28:00,Valencia,Genoa,NOATUM MARITIME SPAIN SAU
52501-1,24B,"APM TERMINALS BARCELONA, S.L.U.",6-10,MAERSK NORFOLK,9356139,219225000,Dinamarca,210.49,,11.4,2024-03-03 11:54:00,2024-03-03 19:14:00,Fos-sur-Mer,Valencia,NOATUM MARITIME SPAIN SAU
52068-1,24B,"APM TERMINALS BARCELONA, S.L.U.",14-21,ONE MONACO,9757204,353997000,Panamà,366,51.2,15.52,2024-03-04 01:00:00,2024-03-05 12:59:00,Singapore,Valencia,OCEAN NETWORK EXPRESS SPAIN SA
52393-1,24B,"APM TERMINALS BARCELONA, S.L.U.",5-9,CMA CGM MONTREAL,9363417,229846000,Malta,200,,11.28,2024-03-05 05:34:00,2024-03-05 22:16:00,Castellon de la Plana,Piraeus,CMA CGM IBERICA SAU
52230-1,24B,"APM TERMINALS BARCELONA, S.L.U.",15-21,HYUNDAI BUSAN,9305659,212350000,Xipre,304,40,14,2024-03-05 16:10:00,2024-03-06 10:45:00,Valencia,Genoa,MARITIME AGENCY HMM SPAIN SL
52541-1,24B,"APM TERMINALS BARCELONA, S.L.U.",5-10,ZIM ASIA,9464716,636021664,Libèria,260,32.2,12.6,2024-03-06 00:21:00,2024-03-06 21:52:00,Valencia,Mersin,A PEREZ Y CIA SL
52542-1,24B,"APM TERMINALS BARCELONA, S.L.U.",16-21,ZIM CHINA,9389382,636021739,Libèria,261.4,32.25,12.62,2024-03-06 15:39:00,2024-03-07 05:33:00,Genoa,Valencia,A PEREZ Y CIA SL
52034-1,24B,"APM TERMINALS BARCELONA, S.L.U.",14-21,CMA CGM LA TRAVIATA,9299795,228340900,França,334,,14.5,2024-03-07 11:53:00,2024-03-08 07:15:00,Fos-sur-Mer,Valencia,CMA CGM IBERICA SAU
52670-2,24B,"APM TERMINALS BARCELONA, S.L.U.",4-7,VERONICA B,9436305,255805755,Portugal,141,,7.34,2024-03-07 20:40:00,2024-03-08 22:52:00,Alicante,Cadiz,BOLUDA LINES SA
52992-1,24B,"APM TERMINALS BARCELONA, S.L.U.",4-8,NEXOE MAERSK,9220885,477642400,Hong Kong,199,,11.15,2024-03-09 00:41:00,2024-03-09 05:36:00,Fos-sur-Mer,Valencia,NOATUM MARITIME SPAIN SAU
52357-1,24B,"APM TERMINALS BARCELONA, S.L.U.",9-13,MARTHA A,9299484,271044070,Turquia,207.4,,11.4,2024-03-09 00:59:00,2024-03-09 19:14:00,Valencia,Genoa,ARKAS SPAIN SA
52742-1,24B,"APM TERMINALS BARCELONA, S.L.U.",9-13,CINZIA A,9226516,215421000,Malta,200,,11.55,2024-03-10 00:10:00,2024-03-10 18:20:00,Castellon de la Plana,Piraeus,ARKAS SPAIN SA
52994-1,24B,"APM TERMINALS BARCELONA, S.L.U.",5-11,HYUNDAI OAKLAND,9385013,440062000,Corea del Sud,293.2,,14.02,2024-03-11 23:56:00,2024-03-12 15:07:00,Valencia,Genoa,MARITIME AGENCY HMM SPAIN SL
51849-1,24B,"APM TERMINALS BARCELONA, S.L.U.",14-21,ONE FRIENDSHIP,9934369,477856800,Hong Kong,366,,16,2024-03-12 01:09:00,2024-03-13 09:00:00,Damietta,Valencia,OCEAN NETWORK EXPRESS SPAIN SA
52543-1,24B,"APM TERMINALS BARCELONA, S.L.U.",6-11,NAVIOS INDIGO,9324875,538003035,Illes Marshall,260.66,,12.6,2024-03-12 16:24:00,2024-03-13 01:48:00,Valencia,Mersin,A PEREZ Y CIA SL
52355-1,24B,"APM TERMINALS BARCELONA, S.L.U.",6-10,VIVIEN A,9491848,271040635,Turquia,210.45,29.8,11.4,2024-03-13 04:04:00,2024-03-14 01:56:00,Casablanca,Piraeus,ARKAS SPAIN SA
52544-1,24B,"APM TERMINALS BARCELONA, S.L.U.",15-20,ZIM PACIFIC,9440837,636021362,Libèria,262,,12.5,2024-03-13 11:12:00,2024-03-14 02:06:00,Genoa,Valencia,A PEREZ Y CIA SL
52867-1,24B,"APM TERMINALS BARCELONA, S.L.U.",8-11,CARLOTA B,9404065,255805878,Portugal,141,,7.33,2024-03-14 11:26:00,2024-03-15 21:18:00,Alicante,Cadiz,BOLUDA LINES SA
52602-1,24B,"APM TERMINALS BARCELONA, S.L.U.",4-7,NJORD,9349227,245872000,Països Baixos,142,20.6,7.3,2024-03-15 09:33:00,2024-03-15 22:41:00,Valencia,Aliaga,GLOBAL LINER AGENCIAS IBERIA SL
52828-1,24B,"APM TERMINALS BARCELONA, S.L.U.",17-21,MAERSK NARMADA,9356098,477552700,Hong Kong,210.54,,11.4,2024-03-16 06:18:00,2024-03-17 01:14:00,Valencia,Genoa,NOATUM MARITIME SPAIN SAU
53002-1,24B,"APM TERMINALS BARCELONA, S.L.U.",5-9,MAERSK JAIPUR,9343974,248207000,Malta,222.2,,12.02,2024-03-16 06:53:00,2024-03-16 21:53:00,Castellon de la Plana,Piraeus,NOATUM MARITIME SPAIN SAU
52914-1,24B,"APM TERMINALS BARCELONA, S.L.U.",6-11,SEASPAN SAIGON,9301809,477106800,Hong Kong,260.1,,12.73,2024-03-17 12:27:00,2024-03-17 23:12:00,Genoa,Valencia,HAPAG LLOYD SPAIN SL
52527-1,24B,"APM TERMINALS BARCELONA, S.L.U.",14-21,ONE MILANO,9757187,371076000,Panamà,366,,15.52,2024-03-17 17:18:00,2024-03-19 12:27:00,Fos-sur-Mer,Singapore,OCEAN NETWORK EXPRESS SPAIN SA
52999-1,24B,"APM TERMINALS BARCELONA, S.L.U.",7-11,KALLIROE C,9985021,636023406,Libèria,171.9,,8.5,2024-03-18 04:56:00,2024-03-18 22:28:00,Hamburg,La Spezia,HAPAG LLOYD SPAIN SL
52545-1,24B,"APM TERMINALS BARCELONA, S.L.U.",6-11,MELINA,9401075,538007680,Illes Marshall,260.05,,12.63,2024-03-19 04:33:00,2024-03-19 22:21:00,Valencia,Mersin,A PEREZ Y CIA SL
52062-1,24B,"APM TERMINALS BARCELONA, S.L.U.",14-21,ONE MUNCHEN,9706750,373911000,Panamà,365.94,51.2,15.52,2024-03-19 14:26:00,2024-03-21 00:52:00,Damietta,Valencia,OCEAN NETWORK EXPRESS SPAIN SA
52799-1,24B,"APM TERMINALS BARCELONA, S.L.U.",5-11,OOCL EUROPE,9300805,477214700,Hong Kong,323,,15.03,2024-03-19 23:51:00,2024-03-20 20:16:00,Fos-sur-Mer,Valencia,ORIENT OVERSEAS CONTAINER LINE SPAIN SL
52546-1,24B,"APM TERMINALS BARCELONA, S.L.U.",5-11,ZIM VIRGINIA,9231808,428002000,Israel,294,,13.5,2024-03-21 00:17:00,2024-03-21 14:42:00,Genoa,Valencia,A PEREZ Y CIA SL
52876-1,24B,"APM TERMINALS BARCELONA, S.L.U.",4-7,TROUPER,9326952,255805844,Portugal,134.44,,8.71,2024-03-23 06:59:00,2024-03-23 18:24:00,Valencia,Casablanca,GLOBAL LINER AGENCIAS IBERIA SL
52674-1,24B,"APM TERMINALS BARCELONA, S.L.U.",4-7,RUTH BORCHARD,9212034,538005024,Illes Marshall,158.72,,9.2,2024-03-23 22:47:00,2024-03-24 09:19:00,Castellon de la Plana,Genoa,NOATUM MARITIME SPAIN SAU
52634-1,24B,"APM TERMINALS BARCELONA, S.L.U.",3-7,SASKIA A,9315927,271044177,Turquia,222,,12,2024-03-24 19:42:00,2024-03-26 02:53:00,Casablanca,Piraeus,ARKAS SPAIN SA
52441-1,24B,"APM TERMINALS BARCELONA, S.L.U.",9-15,CMA CGM DALILA,9450624,256855000,França,334.04,,15,2024-03-25 00:30:00,2024-03-26 00:14:00,Fos-sur-Mer,Valencia,CMA CGM IBERICA SAU
53191-1,24B,"APM TERMINALS BARCELONA, S.L.U.",9-15,HYUNDAI VOYAGER,9347580,538007486,Illes Marshall,294.1,,13.52,2024-03-26 01:48:00,2024-03-26 14:37:00,Valencia,Genoa,MARITIME AGENCY HMM SPAIN SL
53516-1,24B,"APM TERMINALS BARCELONA, S.L.U.",4-7,WILHELM,9376050,212777000,Xipre,134.44,22.5,8.71,2024-03-26 03:53:00,2024-03-26 09:21:00,Algeciras,Valencia,A PEREZ Y CIA SL
52548-1,24B,"APM TERMINALS BARCELONA, S.L.U.",8-13,ZIM ASIA,9464716,636021664,Libèria,260,,12.6,2024-03-26 17:27:00,2024-03-27 09:04:00,Genoa,Valencia,A PEREZ Y CIA SL
53226-1,24B,"APM TERMINALS BARCELONA, S.L.U.",14-21,HYUNDAI PRIDE,9637260,441486000,Corea del Sud,365.5,,15.52,2024-03-27 05:30:00,2024-03-29 15:22:00,Damietta,Valencia,MARITIME AGENCY HMM SPAIN SL
53269-1,24B,"APM TERMINALS BARCELONA, S.L.U.",2-5,CARLOTA B,9404065,255805878,Portugal,141,,7.33,2024-03-28 10:48:00,2024-03-29 19:42:00,Alicante,Cadiz,BOLUDA LINES SA
52547-1,24B,"APM TERMINALS BARCELONA, S.L.U.",8-13,ZIM IBERIA,9431719,636020648,Libèria,261.05,,12.6,2024-03-29 08:24:00,2024-03-29 23:12:00,Valencia,Mersin,A PEREZ Y CIA SL
53185-1,24B,"APM TERMINALS BARCELONA, S.L.U.",15-21,HYUNDAI TOKYO,9305673,212347000,Xipre,303.83,40,14.02,2024-03-29 19:18:00,2024-03-30 05:37:00,Valencia,Genoa,MARITIME AGENCY HMM SPAIN SL
53149-1,24B,"APM TERMINALS BARCELONA, S.L.U.",5-9,NYSTED MAERSK,9220897,477642700,Hong Kong,198.6,,11.15,2024-03-30 03:03:00,2024-03-30 18:32:00,Fos-sur-Mer,Valencia,NOATUM MARITIME SPAIN SAU
53695-1,24B,"APM TERMINALS BARCELONA, S.L.U.",6-10,MAERSK NORFOLK,9356139,219225000,Dinamarca,210.49,29.8,11.4,2024-03-30 21:00:00,2024-03-31 18:24:00,Fos-sur-Mer,Valencia,NOATUM MARITIME SPAIN SAU
53297-1,24B,"APM TERMINALS BARCELONA, S.L.U.",11-15,CINZIA A,9226516,215421000,Malta,200,,11.55,2024-03-31 08:05:00,2024-04-01 07:40:00,Castellon de la Plana,Piraeus,ARKAS SPAIN SA
53131-1,24B,"APM TERMINALS BARCELONA, S.L.U.",16-21,NAVIOS INDIGO,9324875,538003035,Illes Marshall,260.66,32.25,12.6,2024-04-01 03:57:00,2024-04-01 21:04:00,Genoa,Valencia,A PEREZ Y CIA SL
53718-1,24B,"APM TERMINALS BARCELONA, S.L.U.",6-9,WILHELM,9376050,212777000,Xipre,134.44,,8.71,2024-04-01 12:37:00,2024-04-02 11:58:00,Algeciras,Valencia,A PEREZ Y CIA SL
52996-1,24B,"APM TERMINALS BARCELONA, S.L.U.",14-21,NAGOYA EXPRESS,9450428,636093219,Libèria,335.08,,14.61,2024-04-02 11:20:00,2024-04-03 04:48:00,Fos-sur-Mer,Valencia,HAPAG LLOYD SPAIN SL
53130-1,24B,"APM TERMINALS BARCELONA, S.L.U.",7-13,ZIM ATLANTIC,9440801,636021472,Libèria,262.06,,12.5,2024-04-03 00:53:00,2024-04-03 14:13:00,Valencia,Mersin,A PEREZ Y CIA SL
53199-1,24B,"APM TERMINALS BARCELONA, S.L.U.",14-21,HYUNDAI DREAM,9637222,441981000,Corea del Sud,365.5,48.4,15.52,2024-04-03 11:43:00,2024-04-05 19:32:00,Fos-sur-Mer,Piraeus,MARITIME AGENCY HMM SPAIN SL
53515-1,24B,"APM TERMINALS BARCELONA, S.L.U.",4-6,K-RIVER,9138355,255805995,Portugal,121.99,18.2,6.69,2024-04-05 04:58:00,2024-04-05 10:19:00,Algeciras,Valencia,A PEREZ Y CIA SL
53160-1,24B,"APM TERMINALS BARCELONA, S.L.U.",9-13,MAERSK NUBA,9356115,477552100,Hong Kong,211,29.8,11.4,2024-04-05 15:03:00,2024-04-06 06:27:00,Valencia,Genoa,NOATUM MARITIME SPAIN SAU
52043-1,24B,"APM TERMINALS BARCELONA, S.L.U.",14-20,APL PHOENIX,9597501,566951000,Singapur,328.2,45.2,15,2024-04-06 00:43:00,2024-04-06 15:04:00,Fos-sur-Mer,Algeciras,CMA CGM IBERICA SAU
53198-1,24B,"APM TERMINALS BARCELONA, S.L.U.",7-13,HYUNDAI JAKARTA,9323522,441398000,Corea del Sud,303.83,40,14.02,2024-04-06 11:04:00,2024-04-07 08:07:00,Valencia,Genoa,MARITIME AGENCY HMM SPAIN SL
53119-1,24B,"APM TERMINALS BARCELONA, S.L.U.",3-6,CHARLOTTE BORCHARD,9212022,538005039,Illes Marshall,158.7,,9.2,2024-04-06 17:34:00,2024-04-06 23:21:00,Marseille,Castellon de la Plana,NOATUM MARITIME SPAIN SAU
52997-1,24B,"APM TERMINALS BARCELONA, S.L.U.",14-21,LUDWIGSHAFEN EXPRESS,9613018,218566000,Alemanya,366.52,,15.5,2024-04-06 19:08:00,2024-04-08 00:19:00,Damietta,Valencia,HAPAG LLOYD SPAIN SL
53518-1,24B,"APM TERMINALS BARCELONA, S.L.U.",9-13,ARIANA A,9320142,538009388,Illes Marshall,215.32,,11.55,2024-04-07 10:44:00,2024-04-08 01:30:00,Castellon de la Plana,Piraeus,NOATUM MARITIME SPAIN SAU
53409-1,24B,"APM TERMINALS BARCELONA, S.L.U.",3-7,CAPE CITIUS,9848742,210070000,Xipre,185.96,,11,2024-04-07 15:53:00,2024-04-08 10:37:00,Genoa,Caucedo,HAPAG LLOYD SPAIN SL
53410-1,24B,"APM TERMINALS BARCELONA, S.L.U.",6-12,FOS EXPRESS,9348699,636093280,Libèria,294.04,32.2,13.5,2024-04-09 05:09:00,2024-04-10 00:38:00,Genoa,Valencia,HAPAG LLOYD SPAIN SL
53132-1,24B,"APM TERMINALS BARCELONA, S.L.U.",14-19,ZIM CHINA,9389382,636021739,Libèria,261.4,,12.62,2024-04-09 13:07:00,2024-04-09 23:31:00,Valencia,Mersin,A PEREZ Y CIA SL
53150-1,24B,"APM TERMINALS BARCELONA, S.L.U.",7-11,GISELE A,9321471,256475000,Malta,215.29,29.8,11.57,2024-04-10 11:59:00,2024-04-11 12:39:00,Casablanca,Piraeus,ARKAS SPAIN SA
53298-1,24B,"APM TERMINALS BARCELONA, S.L.U.",7-11,MARTHA A,9299484,271044070,Turquia,207.4,29.8,11.4,2024-04-11 14:42:00,2024-04-12 08:14:00,Valencia,Genoa,ARKAS SPAIN SA
53133-1,24B,"APM TERMINALS BARCELONA, S.L.U.",7-12,MELINA,9401075,538007680,Illes Marshall,260.05,,12.63,2024-04-12 11:02:00,2024-04-12 23:40:00,Genoa,Valencia,A PEREZ Y CIA SL
53470-1,24B,"APM TERMINALS BARCELONA, S.L.U.",13-20,ONE FRONTIER,9934383,477867900,Hong Kong,366,,16,2024-04-12 14:22:00,2024-04-13 20:57:00,Jeddah,Valencia,OCEAN NETWORK EXPRESS SPAIN SA
53411-1,24B,"APM TERMINALS BARCELONA, S.L.U.",8-12,MERSIN EXPRESS,9740653,249940000,Turquia,186,,11,2024-04-13 12:45:00,2024-04-14 08:40:00,Livorno,Caucedo,HAPAG LLOYD SPAIN SL
53193-1,24B,"APM TERMINALS BARCELONA, S.L.U.",13-19,HYUNDAI COLOMBO,9323508,441399000,Corea del Sud,303.83,,14.5,2024-04-13 22:35:00,2024-04-15 04:17:00,Valencia,Genoa,MARITIME AGENCY HMM SPAIN SL
53876-1,24B,"APM TERMINALS BARCELONA, S.L.U.",8-12,MAERSK NARMADA,9356098,477552700,Hong Kong,210.54,,11.4,2024-04-15 15:44:00,2024-04-16 07:47:00,Valencia,Genoa,NOATUM MARITIME SPAIN SAU
53402-1,24B,"APM TERMINALS BARCELONA, S.L.U.",13-18,SATIE,9330513,636023859,Malta,222.11,,12,2024-04-15 18:01:00,2024-04-16 15:27:00,Tanger Med,Piraeus,HAPAG LLOYD SPAIN SL
54047-1,24B,"APM TERMINALS BARCELONA, S.L.U.",4-7,STEEN,9360996,255915587,Portugal,138,21.7,7.74,2024-04-16 10:39:00,2024-04-16 22:11:00,Lisboa,Valencia,UNIVERSAL MARITIMA SL
53421-1,24B,"APM TERMINALS BARCELONA, S.L.U.",8-15,SEASPAN EMISSARY,9407158,477627300,Hong Kong,294,32.2,13.7,2024-04-16 19:34:00,2024-04-17 10:02:00,Genoa,Valencia,HAPAG LLOYD SPAIN SL
54335-1,24B,"APM TERMINALS BARCELONA, S.L.U.",16-19,ARA AMSTERDAM,9412517,255806313,Portugal,157.69,,8.6,2024-04-17 05:09:00,2024-04-17 18:46:00,Alger (Algiers),Tanger Med,CMA CGM IBERICA SAU
53472-1,24B,"APM TERMINALS BARCELONA, S.L.U.",4-8,SC HOUSTON,9445904,538009416,Illes Marshall,212.48,,12.5,2024-04-17 05:16:00,2024-04-18 02:16:00,Castellon de la Plana,Piraeus,CMA CGM IBERICA SAU
53134-1,24B,"APM TERMINALS BARCELONA, S.L.U.",13-18,ZIM PACIFIC,9440837,636021362,Libèria,262,,12.5,2024-04-18 07:49:00,2024-04-18 21:26:00,Valencia,Mersin,A PEREZ Y CIA SL
53135-1,24B,"APM TERMINALS BARCELONA, S.L.U.",6-11,ZIM IBERIA,9431719,636020648,Libèria,261.05,32.25,12.6,2024-04-18 11:51:00,2024-04-19 02:29:00,Genoa,Valencia,A PEREZ Y CIA SL
53422-1,24B,"APM TERMINALS BARCELONA, S.L.U.",13-20,YANTIAN EXPRESS,9229831,636093161,Libèria,321,42.8,14.5,2024-04-19 00:10:00,2024-04-20 04:26:00,Fos-sur-Mer,Jebel Ali,HAPAG LLOYD SPAIN SL
53413-1,24B,"APM TERMINALS BARCELONA, S.L.U.",8-12,IZMIT EXPRESS,9740665,256486000,Malta,186,,11,2024-04-19 19:08:00,2024-04-20 13:59:00,Genoa,Caucedo,HAPAG LLOYD SPAIN SL
54134-1,24B,"APM TERMINALS BARCELONA, S.L.U.",3-7,NYSTED MAERSK,9220897,477642700,Hong Kong,198.6,,11.15,2024-04-19 23:16:00,2024-04-20 12:08:00,Fos-sur-Mer,Valencia,NOATUM MARITIME SPAIN SAU
53471-1,24B,"APM TERMINALS BARCELONA, S.L.U.",13-20,ONE MANHATTAN,9689615,431260000,Japó,365.94,,15.52,2024-04-20 06:00:00,2024-04-21 19:24:00,Fos-sur-Mer,Singapore,OCEAN NETWORK EXPRESS SPAIN SA
53889-1,24B,"APM TERMINALS BARCELONA, S.L.U.",8-12,CINZIA A,9226516,215421000,Malta,200,,11.55,2024-04-21 10:18:00,2024-04-22 03:39:00,Castellon de la Plana,Piraeus,ARKAS SPAIN SA
53441-1,24B,"APM TERMINALS BARCELONA, S.L.U.",4-7,RACHEL BORCHARD,9212010,538005064,Illes Marshall,159,,9.2,2024-04-21 11:31:00,2024-04-21 19:09:00,Castellon de la Plana,Genoa,NOATUM MARITIME SPAIN SAU
53473-1,24B,"APM TERMINALS BARCELONA, S.L.U.",13-20,ONE MILLAU,9706736,371215000,Panamà,365.9,,15.5,2024-04-21 21:55:00,2024-04-23 09:17:00,Damietta,Valencia,OCEAN NETWORK EXPRESS SPAIN SA
53137-1,24B,"APM TERMINALS BARCELONA, S.L.U.",6-12,ZIM EAGLE,9960502,636023175,Libèria,237.8,38.8,14,2024-04-22 12:17:00,2024-04-23 01:36:00,Genoa,Valencia,A PEREZ Y CIA SL
53905-1,24B,"APM TERMINALS BARCELONA, S.L.U.",4-8,TEOMAN A,9226504,215179000,Malta,199.95,,11.55,2024-04-23 06:07:00,2024-04-23 18:22:00,Valencia,Genoa,ARKAS SPAIN SA
53136-1,24B,"APM TERMINALS BARCELONA, S.L.U.",9-15,ZIM VIRGINIA,9231808,428002000,Israel,294,,13.5,2024-04-23 12:03:00,2024-04-23 22:12:00,Valencia,Mersin,A PEREZ Y CIA SL
54123-1,24B,"APM TERMINALS BARCELONA, S.L.U.",4-7,CARLOTA B,9404065,255805878,Portugal,141,,7.33,2024-04-25 10:49:00,2024-04-26 20:17:00,Alicante,Cadiz,BOLUDA LINES SA
53419-1,24B,"APM TERMINALS BARCELONA, S.L.U.",14-20,VALUE,9628166,229467000,Malta,299.95,48.2,15,2024-04-26 00:26:00,2024-04-26 19:00:00,Genoa,Valencia,HAPAG LLOYD SPAIN SL
54444-1,24B,"APM TERMINALS BARCELONA, S.L.U.",16-20,MAERSK NORFOLK,9356139,219225000,Dinamarca,210.49,,11.4,2024-04-26 22:41:00,2024-04-27 11:16:00,Fos-sur-Mer,Valencia,NOATUM MARITIME SPAIN SAU
53415-1,24B,"APM TERMINALS BARCELONA, S.L.U.",9-14,IRENES REMEDY,9315850,636014740,Libèria,222.17,,12,2024-04-27 05:13:00,2024-04-27 23:31:00,Livorno,Caucedo,HAPAG LLOYD SPAIN SL
54304-1,24B,"APM TERMINALS BARCELONA, S.L.U.",3-7,ARIANA A,9320142,538009388,Illes Marshall,215.32,,11.55,2024-04-27 10:40:00,2024-04-28 06:41:00,Castellon de la Plana,Piraeus,NOATUM MARITIME SPAIN SAU
53424-1,24B,"APM TERMINALS BARCELONA, S.L.U.",15-20,ODYSSEUS,9315824,636016770,Libèria,222.14,30,12,2024-04-27 17:26:00,2024-04-28 08:33:00,Casablanca,Piraeus,HAPAG LLOYD SPAIN SL
53888-1,24B,"APM TERMINALS BARCELONA, S.L.U.",8-13,SASKIA A,9315927,271044177,Turquia,222,,12,2024-04-28 05:52:00,2024-04-28 22:19:00,Casablanca,Piraeus,ARKAS SPAIN SA
53414-1,24B,"APM TERMINALS BARCELONA, S.L.U.",14-20,ALTAMIRA EXPRESS,9407146,477547100,Hong Kong,294.13,32.2,13.65,2024-04-28 11:03:00,2024-04-29 05:03:00,Genoa,Valencia,HAPAG LLOYD SPAIN SL
54305-1,24B,"APM TERMINALS BARCELONA, S.L.U.",8-12,MAERSK NUBA,9356115,477552100,Hong Kong,211,,11.4,2024-04-29 04:09:00,2024-04-29 21:40:00,Valencia,Genoa,NOATUM MARITIME SPAIN SAU
53138-1,24B,"APM TERMINALS BARCELONA, S.L.U.",13-18,ZIM ASIA,9464716,636021664,Libèria,260,,12.6,2024-04-29 16:13:00,2024-04-30 03:19:00,Valencia,Mersin,A PEREZ Y CIA SL
53139-1,24B,"APM TERMINALS BARCELONA, S.L.U.",7-12,ZIM CHINA,9389382,636021739,Libèria,261.4,,12.62,2024-04-29 23:59:00,2024-04-30 12:57:00,Genoa,Valencia,A PEREZ Y CIA SL
53264-1,24B,"APM TERMINALS BARCELONA, S.L.U.",13-20,CMA CGM LA TRAVIATA,9299795,228340900,França,334,,14.5,2024-04-30 04:29:00,2024-05-01 02:38:00,Fos-sur-Mer,Valencia,CMA CGM IBERICA SAU
53913-1,24B,"APM TERMINALS BARCELONA, S.L.U.",13-20,SEASPAN OCEANIA,9286009,477020300,Hong Kong,334,,14.5,2024-05-02 00:36:00,2024-05-02 23:16:00,Genoa,Valencia,COSCO SHIPPING LINES SPAIN SA
54372-1,24B,"APM TERMINALS BARCELONA, S.L.U.",4-7,VERONICA B,9436305,255805755,Portugal,141,,7.34,2024-05-02 09:56:00,2024-05-03 19:15:00,Alicante,Cadiz,BOLUDA LINES SA
54321-1,24B,"APM TERMINALS BARCELONA, S.L.U.",10-13,RUTH BORCHARD,9212034,538005024,Illes Marshall,158.72,,9.2,2024-05-03 10:01:00,2024-05-03 20:52:00,Marseille,Castellon de la Plana,NOATUM MARITIME SPAIN SAU
54299-1,24B,"APM TERMINALS BARCELONA, S.L.U.",4-7,ANDREA,9333357,255993000,Portugal,134.4,,8.7,2024-05-04 05:29:00,2024-05-04 18:01:00,Valencia,Casablanca,UNIVERSAL MARITIMA SL
54383-1,24B,"APM TERMINALS BARCELONA, S.L.U.",10-14,NEXOE MAERSK,9220885,477642400,Hong Kong,199,,11.15,2024-05-04 06:22:00,2024-05-04 18:28:00,Fos-sur-Mer,Valencia,NOATUM MARITIME SPAIN SAU
54192-1,24B,"APM TERMINALS BARCELONA, S.L.U.",7-12,AS CARELIA,9309409,255806092,Portugal,222.11,,12,2024-05-05 04:32:00,2024-05-05 23:35:00,Livorno,Caucedo,HAPAG LLOYD SPAIN SL
53416-1,24B,"APM TERMINALS BARCELONA, S.L.U.",6-12,SEOUL EXPRESS,9193305,636093131,Libèria,294,,13.55,2024-05-06 06:42:00,2024-05-06 23:05:00,Genoa,Valencia,HAPAG LLOYD SPAIN SL
54325-1,24B,"APM TERMINALS BARCELONA, S.L.U.",7-11,MARTHA A,9299484,271044070,Turquia,207.4,,11.4,2024-05-07 07:51:00,2024-05-07 18:16:00,Valencia,Genoa,ARKAS SPAIN SA
54284-1,24B,"APM TERMINALS BARCELONA, S.L.U.",13-20,ONE MANCHESTER,9706748,563131500,Singapur,365.94,,15.52,2024-05-07 13:07:00,2024-05-09 02:06:00,Damietta,Valencia,OCEAN NETWORK EXPRESS SPAIN SA
54310-1,24B,"APM TERMINALS BARCELONA, S.L.U.",6-12,OOCL EUROPE,9300805,477214700,Hong Kong,323,,15.03,2024-05-07 22:59:00,2024-05-08 23:16:00,Fos-sur-Mer,Valencia,ORIENT OVERSEAS CONTAINER LINE SPAIN SL
54262-1,24B,"APM TERMINALS BARCELONA, S.L.U.",7-12,NAVIOS INDIGO,9324875,538003035,Illes Marshall,260.66,32.25,12.6,2024-05-09 01:20:00,2024-05-09 15:32:00,Valencia,Ashdod,A PEREZ Y CIA SL
53784-1,24B,"APM TERMINALS BARCELONA, S.L.U.",13-20,CMA CGM DALILA,9450624,256855000,Malta,334.04,,15,2024-05-09 10:52:00,2024-05-10 01:43:00,Fos-sur-Mer,Valencia,CMA CGM IBERICA SAU
54488-2,24B,"APM TERMINALS BARCELONA, S.L.U.",4-7,CARLOTA B,9404065,255805878,Portugal,141,,7.33,2024-05-09 19:01:00,2024-05-10 19:25:00,Alicante,Cadiz,BOLUDA LINES SA
54461-1,24B,"APM TERMINALS BARCELONA, S.L.U.",13-20,HMM GARAM,9869186,636020384,Libèria,365.16,,16.02,2024-05-10 04:59:00,2024-05-12 13:06:00,Fos-sur-Mer,Singapore,MARITIME AGENCY HMM SPAIN SL
54322-1,24B,"APM TERMINALS BARCELONA, S.L.U.",8-12,RACHEL BORCHARD,9212010,538005064,Illes Marshall,159,25.6,9.2,2024-05-10 10:38:00,2024-05-10 19:07:00,Marseille,Castellon de la Plana,NOATUM MARITIME SPAIN SAU
54194-1,24B,"APM TERMINALS BARCELONA, S.L.U.",8-12,AS CLAUDIA,9330549,636093159,Libèria,222.11,,12,2024-05-10 22:26:00,2024-05-12 07:15:00,Civitavecchia,Caucedo,HAPAG LLOYD SPAIN SL
54552-1,24B,"APM TERMINALS BARCELONA, S.L.U.",3-7,CINZIA A,9226516,215421000,Malta,200,,11.55,2024-05-10 23:00:00,2024-05-12 02:56:00,Castellon de la Plana,Piraeus,ARKAS SPAIN SA
54504-1,24B,"APM TERMINALS BARCELONA, S.L.U.",3-7,MAERSK NARMADA,9356098,477552700,Hong Kong,210.54,,11.4,2024-05-12 06:27:00,2024-05-12 17:19:00,Valencia,Genoa,NOATUM MARITIME SPAIN SAU
53200-1,24B,"APM TERMINALS BARCELONA, S.L.U.",13-20,HYUNDAI BRAVE,9346304,538007477,Illes Marshall,339.62,45.6,14.5,2024-05-12 15:34:00,2024-05-13 12:32:00,Valencia,Genoa,MARITIME AGENCY HMM SPAIN SL
54190-1,24B,"APM TERMINALS BARCELONA, S.L.U.",7-12,SEASPAN SAIGON,9301809,477106800,Hong Kong,260.1,,12.73,2024-05-12 23:54:00,2024-05-13 20:43:00,Genoa,Valencia,HAPAG LLOYD SPAIN SL
54285-1,24B,"APM TERMINALS BARCELONA, S.L.U.",13-20,ONE FRUITION,9934371,477867800,Hong Kong,366,,16,2024-05-13 18:33:00,2024-05-14 22:24:00,Damietta,Valencia,OCEAN NETWORK EXPRESS SPAIN SA
54774-1,24B,"APM TERMINALS BARCELONA, S.L.U.",3-6,CHRISTINA,9429211,255806310,Portugal,140.69,23.2,8.7,2024-05-13 22:11:00,2024-05-14 07:49:00,Casablanca,Castellon de la Plana,BERGE MARITIMA SL
54326-1,24B,"APM TERMINALS BARCELONA, S.L.U.",7-11,GISELE A,9321471,256475000,Malta,215.29,,11.57,2024-05-14 04:56:00,2024-05-14 22:56:00,Casablanca,Piraeus,ARKAS SPAIN SA
54189-1,24B,"APM TERMINALS BARCELONA, S.L.U.",13-20,NINGBO EXPRESS,9229843,636093154,Libèria,321,42.8,14.52,2024-05-15 08:04:00,2024-05-16 04:37:00,Valencia,Jebel Ali,HAPAG LLOYD SPAIN SL
54795-1,24B,"APM TERMINALS BARCELONA, S.L.U.",6-12,HYUNDAI HONGKONG,9305661,212348000,Xipre,303.83,,14.02,2024-05-15 22:09:00,2024-05-16 12:19:00,Genoa,Valencia,MARITIME AGENCY HMM SPAIN SL
54196-1,24B,"APM TERMINALS BARCELONA, S.L.U.",13-20,DORTMUND EXPRESS,9461051,218774000,Alemanya,222.11,,12,2024-05-16 05:57:00,2024-05-17 11:53:00,Fos-sur-Mer,Singapore,HAPAG LLOYD SPAIN SL
54266-1,24B,"APM TERMINALS BARCELONA, S.L.U.",6-11,MELINA,9401075,538007680,Illes Marshall,260.05,,12.63,2024-05-16 15:11:00,2024-05-17 02:28:00,Valencia,Mersin,A PEREZ Y CIA SL
54264-1,24B,"APM TERMINALS BARCELONA, S.L.U.",7-12,ZIM PACIFIC,9440837,636021362,Libèria,262,32.2,12.5,2024-05-17 10:56:00,2024-05-18 05:30:00,Genoa,Valencia,A PEREZ Y CIA SL
54323-1,24B,"APM TERMINALS BARCELONA, S.L.U.",3-6,CHARLOTTE BORCHARD,9212022,538005039,Illes Marshall,158.7,25.6,9.2,2024-05-17 15:00:00,2024-05-18 01:00:00,Marseille,Castellon de la Plana,NOATUM MARITIME SPAIN SAU
54195-1,24B,"APM TERMINALS BARCELONA, S.L.U.",13-20,NAGOYA EXPRESS,9450428,636093219,Libèria,222.11,,12,2024-05-17 15:10:00,2024-05-18 08:15:00,Fos-sur-Mer,Valencia,HAPAG LLOYD SPAIN SL
54198-1,24B,"APM TERMINALS BARCELONA, S.L.U.",8-12,GEMLIK EXPRESS,9751107,256703000,Malta,222.11,,12,2024-05-18 11:10:00,2024-05-19 07:27:00,Livorno,Caucedo,HAPAG LLOYD SPAIN SL
52921-1,24B,"APM TERMINALS BARCELONA, S.L.U.",13-20,CMA CGM TITUS,9450636,249075000,França,334,,15,2024-05-18 19:29:00,2024-05-19 17:52:00,Genoa,Valencia,CMA CGM IBERICA SAU
54197-1,24B,"APM TERMINALS BARCELONA, S.L.U.",6-12,KOBE EXPRESS,9143544,310764000,Bermuda,293.95,32.25,13.63,2024-05-19 10:25:00,2024-05-20 07:04:00,Genoa,Valencia,HAPAG LLOYD SPAIN SL
54288-1,24B,"APM TERMINALS BARCELONA, S.L.U.",13-20,ONE FANTASTIC,9936381,477871200,Hong Kong,366,,16,2024-05-19 19:51:00,2024-05-21 10:33:00,Damietta,Valencia,OCEAN NETWORK EXPRESS SPAIN SA
54791-1,24B,"APM TERMINALS BARCELONA, S.L.U.",8-12,ARIANA A,9320142,538009388,Illes Marshall,215.32,,11.55,2024-05-20 11:30:00,2024-05-21 07:28:00,Castellon de la Plana,Piraeus,NOATUM MARITIME SPAIN SAU
55018-1,24B,"APM TERMINALS BARCELONA, S.L.U.",3-7,NYSTED MAERSK,9220897,477642700,Hong Kong,198.6,30.2,11.15,2024-05-20 18:19:00,2024-05-21 06:18:00,Fos-sur-Mer,Valencia,NOATUM MARITIME SPAIN SAU
54636-1,24B,"APM TERMINALS BARCELONA, S.L.U.",3-7,TEOMAN A,9226504,215179000,Malta,199.95,,11.55,2024-05-21 08:43:00,2024-05-21 21:01:00,Valencia,Genoa,ARKAS SPAIN SA
54191-1,24B,"APM TERMINALS BARCELONA, S.L.U.",9-13,SATIE,9330513,636023859,Malta,222.11,,12,2024-05-21 19:00:00,2024-05-22 08:45:00,Tanger Med,Piraeus,HAPAG LLOYD SPAIN SL
54327-1,24B,"APM TERMINALS BARCELONA, S.L.U.",4-8,VIVIEN A,9491848,271040635,Turquia,210.45,,11.4,2024-05-21 22:55:00,2024-05-22 18:29:00,Casablanca,Piraeus,ARKAS SPAIN SA
54885-1,24B,"APM TERMINALS BARCELONA, S.L.U.",5-9,NJORD,9349227,245872000,Països Baixos,141.58,,7.3,2024-05-23 10:32:00,2024-05-24 00:24:00,Valencia,Valencia,UNIVERSAL MARITIMA SL
54267-1,24B,"APM TERMINALS BARCELONA, S.L.U.",14-20,ZIM VIRGINIA,9231808,428002000,Israel,294,32.2,13.5,2024-05-23 22:53:00,2024-05-24 14:39:00,Genoa,Valencia,A PEREZ Y CIA SL
55053-1,24B,"APM TERMINALS BARCELONA, S.L.U.",8-12,MAERSK NORFOLK,9356139,219225000,Dinamarca,210.49,,11.4,2024-05-24 10:39:00,2024-05-24 22:01:00,Marseille,Valencia,NOATUM MARITIME SPAIN SAU
52601-1,24B,"APM TERMINALS BARCELONA, S.L.U.",13-20,KOI,9461489,636018059,Libèria,335,42.8,14.52,2024-05-24 19:24:00,2024-05-25 14:00:00,Fos-sur-Mer,Valencia,CMA CGM IBERICA SAU
55108-1,24B,"APM TERMINALS BARCELONA, S.L.U.",8-12,MAERSK NUBA,9356115,477552100,Hong Kong,211,,11.4,2024-05-25 04:00:00,2024-05-25 16:08:00,Valencia,Genoa,NOATUM MARITIME SPAIN SAU
54204-1,24B,"APM TERMINALS BARCELONA, S.L.U.",3-7,EMMA A,9308194,256042000,Malta,212.84,32.24,12,2024-05-25 10:43:00,2024-05-26 07:40:00,Livorno,Caucedo,HAPAG LLOYD SPAIN SL
54200-1,24B,"APM TERMINALS BARCELONA, S.L.U.",13-20,AL MURABBA,9708837,636093171,Libèria,368.52,51,15.52,2024-05-25 20:34:00,2024-05-27 21:57:00,Fos-sur-Mer,Singapore,HAPAG LLOYD SPAIN SL
55339-1,24B,"APM TERMINALS BARCELONA, S.L.U.",8-11,ORION,9428217,,Antigua i Barbuda,129.65,20.6,7.4,2024-05-26 05:22:00,2024-05-26 12:06:00,Casablanca,Tanger Med,HAPAG LLOYD SPAIN SL
54202-1,24B,"APM TERMINALS BARCELONA, S.L.U.",6-12,LONDON EXPRESS,9143568,310765000,Bermuda,294.04,32.25,13.63,2024-05-26 13:53:00,2024-05-28 02:02:00,Genoa,Valencia,HAPAG LLOYD SPAIN SL
54201-1,24B,"APM TERMINALS BARCELONA, S.L.U.",13-20,BREMEN EXPRESS,9343728,636093156,Libèria,335.06,42.8,14.61,2024-05-28 01:10:00,2024-05-28 19:04:00,Fos-sur-Mer,Valencia,HAPAG LLOYD SPAIN SL
54942-1,24B,"APM TERMINALS BARCELONA, S.L.U.",8-12,SC HOUSTON,9445904,538009416,Illes Marshall,212.48,32.2,12.5,2024-05-28 05:59:00,2024-05-29 03:41:00,Valencia,Piraeus,CMA CGM IBERICA SAU
54862-1,24B,"APM TERMINALS BARCELONA, S.L.U.",4-7,K-RIVER,9138355,255805995,Portugal,121.99,,6.69,2024-05-29 04:15:00,2024-05-29 13:13:00,Valencia,Algeciras,A PEREZ Y CIA SL
54269-1,24B,"APM TERMINALS BARCELONA, S.L.U.",13-19,GLEN CANYON,9302097,636020583,Libèria,284.71,40,14.02,2024-05-29 05:10:00,2024-05-29 22:09:00,Genoa,Valencia,A PEREZ Y CIA SL
55098-1,24B,"APM TERMINALS BARCELONA, S.L.U.",4-7,VERONICA B,9436305,255805755,Portugal,141,,7.34,2024-05-30 09:50:00,2024-05-31 19:29:00,Alicante,Cadiz,BOLUDA LINES SA
54778-1,24B,"APM TERMINALS BARCELONA, S.L.U.",15-19,SASKIA A,9315927,271044177,Turquia,222,,12,2024-05-30 10:28:00,2024-05-31 04:25:00,Casablanca,Piraeus,ARKAS SPAIN SA
55100-1,24B,"APM TERMINALS BARCELONA, S.L.U.",8-12,CINZIA A,9226516,215421000,Malta,200,,11.55,2024-05-31 13:45:00,2024-06-01 07:28:00,Castellon de la Plana,Piraeus,ARKAS SPAIN SA
54478-1,24B,"APM TERMINALS BARCELONA, S.L.U.",13-20,AL MASHRAB,9732319,636093181,Libèria,368,,15.52,2024-05-31 15:25:00,2024-06-02 05:24:00,Fos-sur-Mer,Singapore,HAPAG LLOYD SPAIN SL
54839-1,24B,"APM TERMINALS BARCELONA, S.L.U.",3-7,CAPE CITIUS,9848742,210070000,Xipre,185.96,,11,2024-06-01 05:55:00,2024-06-02 08:52:00,Genoa,Caucedo,HAPAG LLOYD SPAIN SL
54840-1,24B,"APM TERMINALS BARCELONA, S.L.U.",13-20,FOS EXPRESS,9348699,636093280,Libèria,294.04,,13.5,2024-06-02 07:54:00,2024-06-03 02:00:00,Genoa,Valencia,HAPAG LLOYD SPAIN SL
55094-1,24B,"APM TERMINALS BARCELONA, S.L.U.",8-12,MARTHA A,9299484,271044070,Turquia,207.4,,11.4,2024-06-02 10:19:00,2024-06-03 01:26:00,Valencia,Genoa,ARKAS SPAIN SA
54814-1,24B,"APM TERMINALS BARCELONA, S.L.U.",7-12,ZIM ATLANTIC,9440801,636021472,Libèria,262.06,,12.5,2024-06-03 03:10:00,2024-06-03 20:46:00,Genoa,Valencia,A PEREZ Y CIA SL
54291-1,24B,"APM TERMINALS BARCELONA, S.L.U.",13-20,ZEAL LUMOS,9864241,232031320,Regne Unit,366,,16,2024-06-03 04:25:00,2024-06-04 08:31:00,Damietta,Valencia,OCEAN NETWORK EXPRESS SPAIN SA
55455-1,24B,"APM TERMINALS BARCELONA, S.L.U.",5-8,BALTIC SHEARWATER,9313228,212906000,Xipre,169,27.2,9,2024-06-03 22:32:00,2024-06-04 07:19:00,Alicante,Valencia,A PEREZ Y CIA SL
53881-1,24B,"APM TERMINALS BARCELONA, S.L.U.",13-20,CYPRESS,9461477,636018058,Libèria,336,42.8,14.52,2024-06-05 15:01:00,2024-06-06 14:37:00,Fos-sur-Mer,Valencia,CMA CGM IBERICA SAU
55375-2,24B,"APM TERMINALS BARCELONA, S.L.U.",7-12,CELSIUS LONDON,9303778,538009350,Illes Marshall,222.53,32.2,12,2024-06-06 03:11:00,2024-06-07 02:23:00,Port Said,Vado Ligure,NOATUM MARITIME SPAIN SAU
55265-1,24B,"APM TERMINALS BARCELONA, S.L.U.",3-6,CARLOTA B,9404065,255805878,Portugal,141,,7.33,2024-06-06 09:56:00,2024-06-07 20:11:00,Alicante,Cadiz,BOLUDA LINES SA
54270-1,24B,"APM TERMINALS BARCELONA, S.L.U.",14-20,ZIM EAGLE,9960502,636023175,Libèria,237.8,38.8,14,2024-06-06 15:57:00,2024-06-07 10:28:00,Valencia,Mersin,A PEREZ Y CIA SL
55684-1,24B,"APM TERMINALS BARCELONA, S.L.U.",8-12,MAERSK DAKAR,9302449,636024014,Singapur,207.51,29.8,11.4,2024-06-06 23:52:00,2024-06-08 02:03:00,Barcelona,Tanger Med,NOATUM MARITIME SPAIN SAU
54199-1,24B,"APM TERMINALS BARCELONA, S.L.U.",13-20,VIENNA EXPRESS,9450416,636093194,Libèria,335,,14.61,2024-06-07 18:36:00,2024-06-08 10:52:00,Fos-sur-Mer,Valencia,HAPAG LLOYD SPAIN SL
54841-1,24B,"APM TERMINALS BARCELONA, S.L.U.",8-12,ODYSSEUS,9315824,636016770,Libèria,222.14,,12,2024-06-08 03:46:00,2024-06-08 19:21:00,Casablanca,Piraeus,HAPAG LLOYD SPAIN SL
55468-1,24B,"APM TERMINALS BARCELONA, S.L.U.",3-7,MAERSK NARMADA,9356098,477552700,Hong Kong,210.54,,11.4,2024-06-08 04:38:00,2024-06-08 17:50:00,Valencia,Genoa,NOATUM MARITIME SPAIN SAU
54844-1,24B,"APM TERMINALS BARCELONA, S.L.U.",14-18,MERSIN EXPRESS,9740653,249940000,Malta,186.02,35.2,11,2024-06-08 13:26:00,2024-06-09 07:30:00,Livorno,Caucedo,HAPAG LLOYD SPAIN SL
55258-1,24B,"APM TERMINALS BARCELONA, S.L.U.",3-7,ARIANA A,9320142,538009388,Illes Marshall,215.32,,11.55,2024-06-08 21:05:00,2024-06-09 16:50:00,Castellon de la Plana,Piraeus,NOATUM MARITIME SPAIN SAU
54845-1,24B,"APM TERMINALS BARCELONA, S.L.U.",14-20,SEASPAN EMISSARY,9407158,477627300,Hong Kong,294.13,,13.7,2024-06-09 10:05:00,2024-06-10 01:50:00,Genoa,Valencia,HAPAG LLOYD SPAIN SL
55350-1,24B,"APM TERMINALS BARCELONA, S.L.U.",7-12,MELINA,9401075,538007680,Illes Marshall,260.05,,12.63,2024-06-10 06:15:00,2024-06-10 22:49:00,Genoa,Valencia,A PEREZ Y CIA SL
55665-1,24B,"APM TERMINALS BARCELONA, S.L.U.",3-6,BALTIC SHEARWATER,9313228,212906000,Xipre,169,,9,2024-06-10 08:47:00,2024-06-10 19:51:00,Alicante,Valencia,A PEREZ Y CIA SL
55124-1,24B,"APM TERMINALS BARCELONA, S.L.U.",13-20,ZEPHYR LUMOS,9864227,232030743,Regne Unit,366,,16,2024-06-10 10:05:00,2024-06-11 18:22:00,Damietta,Valencia,OCEAN NETWORK EXPRESS SPAIN SA
55485-1,24B,"APM TERMINALS BARCELONA, S.L.U.",6-12,GLASGOW EXPRESS,9232589,310826000,Bermuda,281,,12.5,2024-06-11 00:46:00,2024-06-11 12:26:00,Fos-sur-Mer,Anvers,HAPAG LLOYD SPAIN SL
55416-1,24B,"APM TERMINALS BARCELONA, S.L.U.",3-6,ANDREA,9333357,255993000,Portugal,134.4,,8.7,2024-06-11 17:40:00,2024-06-12 06:38:00,Tanger Med,Valencia,UNIVERSAL MARITIMA SL
55123-1,24B,"APM TERMINALS BARCELONA, S.L.U.",13-20,ONE FREEDOM,9934357,477846600,Hong Kong,366,,16,2024-06-11 22:29:00,2024-06-14 06:29:00,Fos-sur-Mer,Singapore,OCEAN NETWORK EXPRESS SPAIN SA
55564-1,24B,"APM TERMINALS BARCELONA, S.L.U.",5-9,CELSIUS NICOSIA,9330496,538009437,Illes Marshall,238.86,32.2,12,2024-06-12 17:47:00,2024-06-13 08:04:00,Port Said,Vado Ligure,NOATUM MARITIME SPAIN SAU
55506-1,24B,"APM TERMINALS BARCELONA, S.L.U.",4-7,VERONICA B,9436305,255805755,Portugal,141,,7.34,2024-06-13 10:34:00,2024-06-14 21:14:00,Alicante,Cadiz,BOLUDA LINES SA
54772-1,24B,"APM TERMINALS BARCELONA, S.L.U.",11-18,CMA CGM LA TRAVIATA,9299795,228340900,França,334,,14.5,2024-06-14 12:17:00,2024-06-15 11:11:00,Fos-sur-Mer,Valencia,CMA CGM IBERICA SAU
55343-1,24B,"APM TERMINALS BARCELONA, S.L.U.",6-10,TEOMAN A,9226504,215179000,Malta,199.95,,11.55,2024-06-15 05:58:00,2024-06-15 18:57:00,Valencia,Genoa,ARKAS SPAIN SA
54887-1,24B,"APM TERMINALS BARCELONA, S.L.U.",6-10,IZMIT EXPRESS,9740665,256486000,Malta,186,,11,2024-06-16 00:10:00,2024-06-16 18:15:00,Livorno,Caucedo,HAPAG LLOYD SPAIN SL
54854-1,24B,"APM TERMINALS BARCELONA, S.L.U.",13-19,ALTAMIRA EXPRESS,9407146,477547100,Hong Kong,294.13,32.2,13.65,2024-06-16 00:21:00,2024-06-17 02:03:00,Genoa,Valencia,HAPAG LLOYD SPAIN SL
55532-1,24B,"APM TERMINALS BARCELONA, S.L.U.",5-10,ZIM IBERIA,9431719,636020648,Libèria,261.05,,12.6,2024-06-17 04:10:00,2024-06-17 18:07:00,Genoa,Valencia,A PEREZ Y CIA SL
55233-1,24B,"APM TERMINALS BARCELONA, S.L.U.",13-20,ONE FOCUS,9944792,477907900,Hong Kong,365.93,51,16,2024-06-17 04:54:00,2024-06-18 17:44:00,Fos-sur-Mer,Singapore,OCEAN NETWORK EXPRESS SPAIN SA
55673-1,24B,"APM TERMINALS BARCELONA, S.L.U.",5-8,GRETA,9404821,255806515,Portugal,130,,7.4,2024-06-17 19:02:00,2024-06-18 02:12:00,Casablanca,Castellon de la Plana,BERGE MARITIMA SL
55166-1,24B,"APM TERMINALS BARCELONA, S.L.U.",6-10,GISELE A,9321471,256475000,Malta,215.29,29.8,11.57,2024-06-18 05:26:00,2024-06-19 00:33:00,Casablanca,Piraeus,ARKAS SPAIN SA
54855-1,24B,"APM TERMINALS BARCELONA, S.L.U.",14-20,DALIAN EXPRESS,9229829,636093155,Libèria,321,,14.52,2024-06-18 19:08:00,2024-06-19 19:12:00,Genoa,Valencia,HAPAG LLOYD SPAIN SL
55351-1,24B,"APM TERMINALS BARCELONA, S.L.U.",5-10,ZIM PACIFIC,9440837,636021362,Libèria,262,32.2,12.5,2024-06-19 04:03:00,2024-06-20 00:33:00,Valencia,Mersin,A PEREZ Y CIA SL
54906-1,24B,"APM TERMINALS BARCELONA, S.L.U.",13-20,AFIF,9732345,211888820,Alemanya,368,,15.52,2024-06-19 22:03:00,2024-06-21 12:46:00,Singapore,Valencia,HAPAG LLOYD SPAIN SL
55332-1,24B,"APM TERMINALS BARCELONA, S.L.U.",5-9,SC HOUSTON,9445904,538009416,Illes Marshall,212.48,,12.5,2024-06-20 02:27:00,2024-06-20 18:44:00,Castellon de la Plana,Piraeus,CMA CGM IBERICA SAU
55691-1,24B,"APM TERMINALS BARCELONA, S.L.U.",6-10,OKEE CUNO,9406960,636020401,Libèria,176.83,,10.9,2024-06-20 22:51:00,2024-06-21 17:50:00,Livorno,Caucedo,HAPAG LLOYD SPAIN SL
55862-1,24B,"APM TERMINALS BARCELONA, S.L.U.",5-9,MAERSK NUBA,9356115,477552100,Hong Kong,211,29.8,11.4,2024-06-21 23:35:00,2024-06-22 13:56:00,Valencia,Genoa,NOATUM MARITIME SPAIN SAU
55281-1,24B,"APM TERMINALS BARCELONA, S.L.U.",13-19,HMM BANGKOK,9323510,441343000,Corea del Sud,303.83,40,14.5,2024-06-21 23:45:00,2024-06-22 16:57:00,Valencia,Genoa,MARITIME AGENCY HMM SPAIN SL
55679-1,24B,"APM TERMINALS BARCELONA, S.L.U.",6-10,CINZIA A,9226516,215421000,Malta,200,29.8,11.55,2024-06-22 18:17:00,2024-06-23 09:32:00,Castellon de la Plana,Piraeus,ARKAS SPAIN SA
55447-1,24B,"APM TERMINALS BARCELONA, S.L.U.",13-20,HMM MIR,9869198,636020615,Libèria,365.16,51,16.02,2024-06-22 19:05:00,2024-06-25 10:28:00,Fos-sur-Mer,Singapore,MARITIME AGENCY HMM SPAIN SL
55116-1,24B,"APM TERMINALS BARCELONA, S.L.U.",6-11,IRENES REMEDY,9315850,636014740,Libèria,222.17,,12,2024-06-24 10:47:00,2024-06-25 03:14:00,Livorno,Caucedo,HAPAG LLOYD SPAIN SL
55565-1,24B,"APM TERMINALS BARCELONA, S.L.U.",7-11,MAERSK NORFOLK,9356139,219225000,Dinamarca,210.49,,11.4,2024-06-25 06:09:00,2024-06-25 18:12:00,Marseille,Valencia,NOATUM MARITIME SPAIN SAU
55534-1,24B,"APM TERMINALS BARCELONA, S.L.U.",14-19,ZIM CHINA,9389382,636021739,Libèria,261.4,,12.62,2024-06-25 16:08:00,2024-06-26 13:48:00,Piraeus,Valencia,A PEREZ Y CIA SL
55340-1,24B,"APM TERMINALS BARCELONA, S.L.U.",6-10,GREEN BAY,9983437,636022347,Libèria,185.9,35.2,11,2024-06-26 00:17:00,2024-06-26 22:18:00,Casablanca,Piraeus,HAPAG LLOYD SPAIN SL
55117-1,24B,"APM TERMINALS BARCELONA, S.L.U.",13-19,SEOUL EXPRESS,9193305,636093131,Libèria,294,,13.55,2024-06-26 16:46:00,2024-06-27 21:56:00,Genoa,Valencia,HAPAG LLOYD SPAIN SL
55535-1,24B,"APM TERMINALS BARCELONA, S.L.U.",6-12,ZIM VIRGINIA,9231808,428002000,Israel,294,,13.5,2024-06-27 00:23:00,2024-06-27 14:48:00,Valencia,Mersin,A PEREZ Y CIA SL
55681-1,24B,"APM TERMINALS BARCELONA, S.L.U.",8-12,VIVIEN A,9491848,271040635,Turquia,210.45,,11.4,2024-06-27 23:58:00,2024-06-28 11:57:00,Casablanca,Piraeus,ARKAS SPAIN SA
55115-1,24B,"APM TERMINALS BARCELONA, S.L.U.",13-20,LINAH,9708801,211887090,Alemanya,369,51,15.52,2024-06-28 01:32:00,2024-06-30 03:06:00,Damietta,Valencia,HAPAG LLOYD SPAIN SL
55880-1,24B,"APM TERMINALS BARCELONA, S.L.U.",6-11,GLEN CANYON,9302097,636020583,Libèria,284.71,,14.02,2024-06-29 02:04:00,2024-06-29 15:59:00,Valencia,Piraeus,A PEREZ Y CIA SL
55352-1,24B,"APM TERMINALS BARCELONA, S.L.U.",6-10,AS CARELIA,9309409,255806092,Portugal,222,30,12,2024-06-29 23:00:00,2024-06-30 18:51:00,Livorno,Caucedo,HAPAG LLOYD SPAIN SL
55215-1,24B,"APM TERMINALS BARCELONA, S.L.U.",13-20,HYUNDAI FORCE,9347566,538007481,Illes Marshall,339.6,,14.53,2024-06-30 05:20:00,2024-06-30 19:15:00,Valencia,Genoa,MARITIME AGENCY HMM SPAIN SL
55354-1,24B,"APM TERMINALS BARCELONA, S.L.U.",15-20,SEASPAN SAIGON,9301809,477106800,Hong Kong,260.1,,12.73,2024-06-30 22:03:00,2024-07-02 02:01:00,Genoa,Valencia,HAPAG LLOYD SPAIN SL
56083-1,24B,"APM TERMINALS BARCELONA, S.L.U.",9-13,NEXOE MAERSK,9220885,477642400,Hong Kong,198.6,,11.15,2024-07-01 03:28:00,2024-07-01 19:16:00,Fos-sur-Mer,Valencia,NOATUM MARITIME SPAIN SAU
55682-1,24B,"APM TERMINALS BARCELONA, S.L.U.",4-8,MARTHA A,9299484,271044070,Turquia,207.4,,11.4,2024-07-01 05:11:00,2024-07-01 22:07:00,Valencia,Genoa,ARKAS SPAIN SA
55874-1,24B,"APM TERMINALS BARCELONA, S.L.U.",6-12,ZIM EAGLE,9960502,636023175,Libèria,237.8,,14,2024-07-02 01:25:00,2024-07-02 14:23:00,Genoa,Valencia,A PEREZ Y CIA SL
55531-1,24B,"APM TERMINALS BARCELONA, S.L.U.",13-20,HYUNDAI SHANGHAI,9305647,212353000,Xipre,303.83,,14,2024-07-02 06:41:00,2024-07-02 19:06:00,Valencia,Genoa,MARITIME AGENCY HMM SPAIN SL
55683-1,24B,"APM TERMINALS BARCELONA, S.L.U.",8-12,SASKIA A,9315927,271044177,Turquia,222,,12,2024-07-02 23:13:00,2024-07-03 14:43:00,Casablanca,Piraeus,ARKAS SPAIN SA
55067-1,24B,"APM TERMINALS BARCELONA, S.L.U.",13-20,CMA CGM DALILA,9450624,256855000,Malta,334.04,42.8,15,2024-07-02 23:29:00,2024-07-03 23:35:00,Fos-sur-Mer,Valencia,CMA CGM IBERICA SAU
55353-1,24B,"APM TERMINALS BARCELONA, S.L.U.",13-20,AL JASRAH,9732321,636093137,Libèria,368,,15.52,2024-07-04 03:45:00,2024-07-06 06:42:00,Fos-sur-Mer,Singapore,HAPAG LLOYD SPAIN SL
55693-1,24B,"APM TERMINALS BARCELONA, S.L.U.",6-11,AS CLAUDIA,9330549,636093159,Libèria,222.11,,12,2024-07-05 04:01:00,2024-07-06 07:32:00,Genoa,Caucedo,HAPAG LLOYD SPAIN SL
54711-1,24B,"APM TERMINALS BARCELONA, S.L.U.",13-20,BELITA,9318060,636018102,Libèria,334.07,42.8,14.67,2024-07-06 08:48:00,2024-07-07 17:47:00,Fos-sur-Mer,Valencia,CMA CGM IBERICA SAU
56235-1,24B,"APM TERMINALS BARCELONA, S.L.U.",8-12,MAERSK NARMADA,9356098,477552700,Hong Kong,210.54,,11.4,2024-07-06 09:35:00,2024-07-06 22:01:00,Valencia,Genoa,NOATUM MARITIME SPAIN SAU
55735-1,24B,"APM TERMINALS BARCELONA, S.L.U.",4-7,RUTH BORCHARD,9212034,538005024,Illes Marshall,158.72,25.6,9.2,2024-07-06 10:00:00,2024-07-06 23:53:00,Marseille,Castellon de la Plana,NOATUM MARITIME SPAIN SAU
56063-1,24B,"APM TERMINALS BARCELONA, S.L.U.",6-10,SC HOUSTON,9445904,538009416,Illes Marshall,212.48,,12.5,2024-07-07 04:56:00,2024-07-08 17:47:00,Castellon de la Plana,Piraeus,CMA CGM IBERICA SAU
55578-1,24B,"APM TERMINALS BARCELONA, S.L.U.",13-20,ONE FRIENDSHIP,9934369,477856800,Hong Kong,366,51,16,2024-07-08 01:17:00,2024-07-09 20:59:00,Damietta,Valencia,OCEAN NETWORK EXPRESS SPAIN SA
55692-1,24B,"APM TERMINALS BARCELONA, S.L.U.",5-12,NAGOYA EXPRESS,9450428,636093219,Libèria,335.08,42.8,14.61,2024-07-08 22:47:00,2024-07-09 17:46:00,Fos-sur-Mer,Valencia,HAPAG LLOYD SPAIN SL
55881-1,24B,"APM TERMINALS BARCELONA, S.L.U.",7-12,ZIM ATLANTIC,9440801,636021472,Libèria,262.06,32.2,12.5,2024-07-09 19:55:00,2024-07-10 06:07:00,Valencia,Mersin,A PEREZ Y CIA SL
55978-1,24B,"APM TERMINALS BARCELONA, S.L.U.",14-20,KOBE EXPRESS,9143544,310764000,Bermuda,293.95,,13.63,2024-07-10 00:05:00,2024-07-10 14:30:00,Genoa,Valencia,HAPAG LLOYD SPAIN SL
55879-1,24B,"APM TERMINALS BARCELONA, S.L.U.",9-13,ZIM CONDOR,9960552,636023747,Libèria,237.8,38.8,14,2024-07-10 10:54:00,2024-07-10 22:51:00,Genoa,Valencia,A PEREZ Y CIA SL
55992-1,24B,"APM TERMINALS BARCELONA, S.L.U.",14-20,YANTIAN EXPRESS,9229831,636093161,Libèria,321,,14.5,2024-07-10 16:17:00,2024-07-11 18:13:00,Fos-sur-Mer,Valencia,HAPAG LLOYD SPAIN SL
55988-1,24B,"APM TERMINALS BARCELONA, S.L.U.",8-13,ODYSSEUS,9315824,636016770,Libèria,222.14,,12,2024-07-11 04:53:00,2024-07-12 00:23:00,Casablanca,Piraeus,HAPAG LLOYD SPAIN SL
56559-1,24B,"APM TERMINALS BARCELONA, S.L.U.",4-7,BG RED,9976965,255804860,Portugal,169.95,26.9,9.6,2024-07-11 10:49:00,2024-07-12 02:18:00,Kumport,Rotterdam,HAPAG LLOYD SPAIN SL
56236-1,24B,"APM TERMINALS BARCELONA, S.L.U.",8-12,CINZIA A,9226516,215421000,Malta,200,,11.55,2024-07-12 00:39:00,2024-07-12 17:54:00,Castellon de la Plana,Piraeus,ARKAS SPAIN SA
55584-1,24B,"APM TERMINALS BARCELONA, S.L.U.",13-20,ZEUS LUMOS,9864239,636023646,Libèria,366,,16,2024-07-12 04:04:00,2024-07-14 02:59:00,Damietta,Valencia,OCEAN NETWORK EXPRESS SPAIN SA
55848-1,24B,"APM TERMINALS BARCELONA, S.L.U.",4-7,RACHEL BORCHARD,9212010,538005064,Illes Marshall,159,,9.2,2024-07-12 10:48:00,2024-07-12 21:57:00,Marseille,Castellon de la Plana,NOATUM MARITIME SPAIN SAU
56101-1,24B,"APM TERMINALS BARCELONA, S.L.U.",8-12,TEOMAN A,9226504,215179000,Malta,199.95,,11.55,2024-07-12 23:08:00,2024-07-13 10:30:00,Valencia,Genoa,ARKAS SPAIN SA
55796-1,24B,"APM TERMINALS BARCELONA, S.L.U.",8-12,GEMLIK EXPRESS,9751107,256703000,Malta,185.97,35.2,11,2024-07-13 19:22:00,2024-07-14 20:19:00,Livorno,Caucedo,HAPAG LLOYD SPAIN SL
56465-1,24B,"APM TERMINALS BARCELONA, S.L.U.",4-7,BALTIC SHEARWATER,9313228,212906000,Xipre,169,,9,2024-07-14 07:19:00,2024-07-14 22:26:00,Alicante,Valencia,A PEREZ Y CIA SL
55797-1,24B,"APM TERMINALS BARCELONA, S.L.U.",14-20,LONDON EXPRESS,9143568,310765000,Bermuda,294.04,32.25,13.63,2024-07-14 21:03:00,2024-07-16 00:16:00,Genoa,Valencia,HAPAG LLOYD SPAIN SL
56311-1,24B,"APM TERMINALS BARCELONA, S.L.U.",7-12,MELINA,9401075,538007680,Illes Marshall,260.05,,12.63,2024-07-15 11:21:00,2024-07-15 23:38:00,Valencia,Mersin,A PEREZ Y CIA SL
56290-1,24B,"APM TERMINALS BARCELONA, S.L.U.",6-12,HYUNDAI OAKLAND,9385013,440062000,Corea del Sud,293.2,40,14.02,2024-07-16 06:43:00,2024-07-16 21:06:00,Valencia,Genoa,MARITIME AGENCY HMM SPAIN SL
55993-1,24B,"APM TERMINALS BARCELONA, S.L.U.",13-20,BREMEN EXPRESS,9343728,636093156,Libèria,335,,14.61,2024-07-16 15:50:00,2024-07-17 06:40:00,Fos-sur-Mer,Valencia,HAPAG LLOYD SPAIN SL
56475-1,24B,"APM TERMINALS BARCELONA, S.L.U.",7-12,NIKOLAS,9203526,357388000,Panamà,207,,11.4,2024-07-17 23:53:00,2024-07-18 11:12:00,Valencia,Vado Ligure,NOATUM MARITIME SPAIN SAU
55798-1,24B,"APM TERMINALS BARCELONA, S.L.U.",12-18,VALUE,9628166,229467000,Malta,299.95,,15,2024-07-18 05:23:00,2024-07-19 06:14:00,Genoa,Valencia,HAPAG LLOYD SPAIN SL
55695-1,24B,"APM TERMINALS BARCELONA, S.L.U.",7-11,EMMA A,9308194,256042000,Malta,212.84,,12,2024-07-18 16:39:00,2024-07-19 18:37:00,Livorno,Caucedo,HAPAG LLOYD SPAIN SL
55582-1,24B,"APM TERMINALS BARCELONA, S.L.U.",13-20,ONE MILANO,9757187,371076000,Panamà,366,,15.52,2024-07-19 23:31:00,2024-07-21 21:20:00,Fos-sur-Mer,Singapore,OCEAN NETWORK EXPRESS SPAIN SA
56787-1,24B,"APM TERMINALS BARCELONA, S.L.U.",8-12,FLEUR N,9509138,636019931,Libèria,212.53,32.19,12.5,2024-07-20 01:25:00,2024-07-20 06:05:00,Algeciras,Genoa,NOATUM MARITIME SPAIN SAU
57001-1,24B,"APM TERMINALS BARCELONA, S.L.U.",4-7,CACHALOT,9212022,538005039,Illes Marshall,158.7,25.6,9.2,2024-07-20 02:39:00,2024-07-20 11:09:00,Algeciras,Algeciras,A PEREZ Y CIA SL
56644-1,24B,"APM TERMINALS BARCELONA, S.L.U.",6-10,MAERSK NUBA,9356115,477552100,Hong Kong,211,,11.4,2024-07-20 12:42:00,2024-07-21 01:06:00,Valencia,Genoa,NOATUM MARITIME SPAIN SAU
55697-1,24B,"APM TERMINALS BARCELONA, S.L.U.",6-12,FOS EXPRESS,9348699,636093280,Libèria,294.04,32.2,13.5,2024-07-21 10:43:00,2024-07-22 04:22:00,Genoa,Valencia,HAPAG LLOYD SPAIN SL
56313-1,24B,"APM TERMINALS BARCELONA, S.L.U.",13-18,ZIM IBERIA,9431719,636020648,Libèria,261.05,,12.6,2024-07-22 07:00:00,2024-07-22 21:47:00,Valencia,Mersin,A PEREZ Y CIA SL
57056-1,24B,"APM TERMINALS BARCELONA, S.L.U.",8-12,ADMIRAL GALAXY,9365843,636019647,Libèria,182.85,,11,2024-07-22 15:45:00,2024-07-22 23:57:00,Fos-sur-Mer,Piraeus,BERGE MARITIMA SL
56297-1,24B,"APM TERMINALS BARCELONA, S.L.U.",4-6,WEC MAJORELLE,9134153,210312000,Xipre,122,,6.69,2024-07-22 17:12:00,2024-07-23 07:21:00,Valencia,Algeciras,A PEREZ Y CIA SL
56312-1,24B,"APM TERMINALS BARCELONA, S.L.U.",14-20,ZIM VIRGINIA,9231808,428002000,Israel,294,32.2,13.5,2024-07-23 04:12:00,2024-07-23 21:49:00,Genoa,Valencia,A PEREZ Y CIA SL
56642-1,24B,"APM TERMINALS BARCELONA, S.L.U.",9-13,MAERSK NORFOLK,9356139,219225000,Dinamarca,210.49,,11.4,2024-07-23 10:02:00,2024-07-23 18:37:00,Marseille,Valencia,NOATUM MARITIME SPAIN SAU
56632-1,24B,"APM TERMINALS BARCELONA, S.L.U.",4-8,ARIANA A,9320142,538009388,Illes Marshall,215.32,,11.55,2024-07-23 14:05:00,2024-07-24 09:35:00,Castellon de la Plana,Piraeus,NOATUM MARITIME SPAIN SAU
55581-1,24B,"APM TERMINALS BARCELONA, S.L.U.",13-20,ONE MUNCHEN,9706750,373911000,Panamà,365.94,,15.52,2024-07-24 22:56:00,2024-07-26 18:05:00,Damietta,Valencia,OCEAN NETWORK EXPRESS SPAIN SA
56314-1,24B,"APM TERMINALS BARCELONA, S.L.U.",6-12,GLEN CANYON,9302097,636020583,Libèria,284.71,,14.02,2024-07-25 04:23:00,2024-07-25 16:03:00,Genoa,Valencia,A PEREZ Y CIA SL
57098-1,24B,"APM TERMINALS BARCELONA, S.L.U.",8-12,FLEUR N,9509138,636019931,Libèria,212.53,32.19,12.5,2024-07-25 23:03:00,2024-07-26 05:34:00,Genoa,Genoa,NOATUM MARITIME SPAIN SAU
56838-1,24B,"APM TERMINALS BARCELONA, S.L.U.",8-12,NEXOE MAERSK,9220885,477642400,Hong Kong,198.6,,11.15,2024-07-26 10:18:00,2024-07-27 01:05:00,Fos-sur-Mer,Valencia,NOATUM MARITIME SPAIN SAU
56499-1,24B,"APM TERMINALS BARCELONA, S.L.U.",4-7,ANDREA,9333357,255993000,Portugal,134.4,,8.7,2024-07-26 11:31:00,2024-07-27 05:07:00,Tanger Med,Valencia,UNIVERSAL MARITIMA SL
55799-1,24B,"APM TERMINALS BARCELONA, S.L.U.",13-20,VIENNA EXPRESS,9450416,636093194,Libèria,335,,14.61,2024-07-26 19:54:00,2024-07-27 13:50:00,Fos-sur-Mer,Valencia,HAPAG LLOYD SPAIN SL
56468-1,24B,"APM TERMINALS BARCELONA, S.L.U.",6-12,SEASPAN OCEANIA,9286009,477020300,Hong Kong,334,,14.5,2024-07-27 10:53:00,2024-07-28 03:14:00,Genoa,Valencia,COSCO SHIPPING LINES SPAIN SA
56626-1,24B,"APM TERMINALS BARCELONA, S.L.U.",9-13,SC HOUSTON,9445904,538009416,Illes Marshall,212.48,,12.5,2024-07-28 05:28:00,2024-07-28 20:20:00,Castellon de la Plana,Piraeus,CMA CGM IBERICA SAU
56648-2,24B,"APM TERMINALS BARCELONA, S.L.U.",5-8,BALTIC SHEARWATER,9313228,212906000,Xipre,169,,9,2024-07-28 11:39:00,2024-07-29 03:33:00,Alicante,Algeciras,A PEREZ Y CIA SL
55876-1,24B,"APM TERMINALS BARCELONA, S.L.U.",14-20,SEASPAN EMISSARY,9407158,477627300,Hong Kong,294.13,,13.7,2024-07-28 18:44:00,2024-07-29 11:39:00,Genoa,Valencia,HAPAG LLOYD SPAIN SL
56419-1,24B,"APM TERMINALS BARCELONA, S.L.U.",9-13,MARTHA A,9299484,271044070,Turquia,207.4,29.8,11.4,2024-07-29 11:03:00,2024-07-30 08:34:00,Valencia,Genoa,ARKAS SPAIN SA
55698-1,24B,"APM TERMINALS BARCELONA, S.L.U.",4-8,GREEN BAY,9983437,636022347,Libèria,185.99,,11,2024-07-29 19:30:00,2024-07-30 13:48:00,Casablanca,Piraeus,HAPAG LLOYD SPAIN SL
55875-1,24B,"APM TERMINALS BARCELONA, S.L.U.",14-18,CAPE CITIUS,9848742,210070000,Xipre,185.96,,11,2024-07-29 22:46:00,2024-07-30 22:09:00,Genoa,Caucedo,HAPAG LLOYD SPAIN SL
56316-1,24B,"APM TERMINALS BARCELONA, S.L.U.",7-12,ZIM ATLANTIC,9440801,636021472,Libèria,262.06,,12.5,2024-07-30 23:27:00,2024-07-31 09:24:00,Genoa,Valencia,A PEREZ Y CIA SL
55583-1,24B,"APM TERMINALS BARCELONA, S.L.U.",13-20,ZENITH LUMOS,9864215,636023645,Libèria,366,51,16,2024-07-31 01:08:00,2024-08-01 22:49:00,Fos-sur-Mer,Singapore,OCEAN NETWORK EXPRESS SPAIN SA
56054-1,24B,"APM TERMINALS BARCELONA, S.L.U.",6-12,ALTAMIRA EXPRESS,9407146,477547100,Hong Kong,294.13,,13.65,2024-07-31 18:18:00,2024-08-01 11:24:00,Genoa,Valencia,HAPAG LLOYD SPAIN SL
55699-1,24B,"APM TERMINALS BARCELONA, S.L.U.",13-20,LUDWIGSHAFEN EXPRESS,9613018,218566000,Alemanya,366.52,,15.5,2024-08-02 01:29:00,2024-08-03 11:17:00,Damietta,Valencia,HAPAG LLOYD SPAIN SL
56782-1,24B,"APM TERMINALS BARCELONA, S.L.U.",8-12,MARIO A,9337377,215177000,Malta,184,,10,2024-08-02 04:03:00,2024-08-02 10:57:00,Fos-sur-Mer,Valencia,ARKAS SPAIN SA
56048-1,24B,"APM TERMINALS BARCELONA, S.L.U.",5-12,CMA CGM LA TRAVIATA,9299795,228340900,França,334,,14.5,2024-08-02 22:14:00,2024-08-03 13:36:00,Fos-sur-Mer,Valencia,CMA CGM IBERICA SAU
55877-1,24B,"APM TERMINALS BARCELONA, S.L.U.",13-20,AL DHAIL,9732307,636093166,Libèria,368,,15.52,2024-08-03 15:05:00,2024-08-06 00:15:00,Fos-sur-Mer,Singapore,HAPAG LLOYD SPAIN SL
57086-1,24B,"APM TERMINALS BARCELONA, S.L.U.",8-12,MAERSK NARMADA,9356098,477552700,Hong Kong,210.54,,11.4,2024-08-03 17:27:00,2024-08-04 08:28:00,Valencia,Genoa,NOATUM MARITIME SPAIN SAU
56417-1,24B,"APM TERMINALS BARCELONA, S.L.U.",8-12,VIVIEN A,9491848,271040635,Turquia,210.45,,11.4,2024-08-04 09:54:00,2024-08-05 17:41:00,Casablanca,Piraeus,ARKAS SPAIN SA
57402-1,24B,"APM TERMINALS BARCELONA, S.L.U.",4-7,BALTIC SHEARWATER,9313228,212906000,Xipre,169,,9,2024-08-04 12:17:00,2024-08-06 06:51:00,Algeciras,Valencia,A PEREZ Y CIA SL
56764-1,24B,"APM TERMINALS BARCELONA, S.L.U.",8-12,CINZIA A,9226516,215421000,Malta,200,,11.55,2024-08-05 22:07:00,2024-08-06 11:39:00,Castellon de la Plana,Piraeus,ARKAS SPAIN SA
56792-1,24B,"APM TERMINALS BARCELONA, S.L.U.",14-19,ZIM EAGLE,9960502,636023175,Libèria,237.8,38.8,14,2024-08-06 03:24:00,2024-08-06 22:09:00,Valencia,Haifa,A PEREZ Y CIA SL
56850-1,24B,"APM TERMINALS BARCELONA, S.L.U.",3-6,TROUPER,9326952,255805844,Portugal,134.44,22.5,8.71,2024-08-06 08:19:00,2024-08-06 17:51:00,Valencia,Ambarli                            ,UNIVERSAL MARITIMA SL
56783-1,24B,"APM TERMINALS BARCELONA, S.L.U.",8-12,SASKIA A,9315927,271044177,Turquia,222,30,12,2024-08-06 16:11:00,2024-08-07 14:11:00,Casablanca,Piraeus,ARKAS SPAIN SA
56598-1,24B,"APM TERMINALS BARCELONA, S.L.U.",13-20,NINGBO EXPRESS,9229843,636093154,Libèria,321,42.8,14.52,2024-08-07 04:51:00,2024-08-08 03:03:00,Valencia,Genoa,HAPAG LLOYD SPAIN SL
56932-1,24B,"APM TERMINALS BARCELONA, S.L.U.",7-12,MELINA,9401075,538007680,Illes Marshall,260.05,,12.63,2024-08-07 22:53:00,2024-08-08 13:29:00,Genoa,Valencia,A PEREZ Y CIA SL
57505-1,24B,"APM TERMINALS BARCELONA, S.L.U.",3-6,SARA BORCHARD,9354428,255805686,Portugal,134.44,,8.71,2024-08-08 06:58:00,2024-08-08 12:56:00,Marseille,Castellon de la Plana,NOATUM MARITIME SPAIN SAU
55585-1,24B,"APM TERMINALS BARCELONA, S.L.U.",13-20,ONE MINATO,9805477,431929000,Japó,365.94,51.2,15.52,2024-08-08 12:25:00,2024-08-10 12:59:00,Damietta,Valencia,OCEAN NETWORK EXPRESS SPAIN SA
56769-1,24B,"APM TERMINALS BARCELONA, S.L.U.",5-12,HYUNDAI FAITH,9347554,538007480,Illes Marshall,339.6,,14.53,2024-08-08 17:58:00,2024-08-09 13:20:00,Valencia,Genoa,MARITIME AGENCY HMM SPAIN SL
56950-1,24B,"APM TERMINALS BARCELONA, S.L.U.",6-12,OOCL EUROPE,9300805,477214700,Hong Kong,323,,15.03,2024-08-09 15:55:00,2024-08-10 11:33:00,Fos-sur-Mer,Valencia,ORIENT OVERSEAS CONTAINER LINE SPAIN SL
57224-1,24B,"APM TERMINALS BARCELONA, S.L.U.",14-20,LE HAVRE EXPRESS,9332872,636093082,Libèria,293.18,,14.02,2024-08-10 15:11:00,2024-08-12 00:44:00,Yalova,Cartagena,HAPAG LLOYD SPAIN SL
56600-1,24B,"APM TERMINALS BARCELONA, S.L.U.",6-12,SEOUL EXPRESS,9193305,636093131,Libèria,294,,13.55,2024-08-10 18:26:00,2024-08-12 04:47:00,Livorno,Caucedo,HAPAG LLOYD SPAIN SL
55580-1,24B,"APM TERMINALS BARCELONA, S.L.U.",13-20,ONE FOREVER,9944807,477931500,Hong Kong,365.93,51,16,2024-08-12 03:40:00,2024-08-14 06:01:00,Fos-sur-Mer,Singapore,OCEAN NETWORK EXPRESS SPAIN SA
56933-1,24B,"APM TERMINALS BARCELONA, S.L.U.",9-12,BALTIC SHEARWATER,9313228,212906000,Xipre,169,,9,2024-08-12 06:17:00,2024-08-13 10:32:00,Alicante,Algeciras,A PEREZ Y CIA SL
56788-1,24B,"APM TERMINALS BARCELONA, S.L.U.",4-8,TEOMAN A,9226504,215179000,Malta,199.95,,11.55,2024-08-12 07:10:00,2024-08-12 22:02:00,Valencia,Genoa,ARKAS SPAIN SA
56599-1,24B,"APM TERMINALS BARCELONA, S.L.U.",4-9,IZMIT EXPRESS,9740665,256486000,Malta,186.02,35.19,11,2024-08-12 23:53:00,2024-08-13 18:01:00,Livorno,Caucedo,HAPAG LLOYD SPAIN SL
57046-1,24B,"APM TERMINALS BARCELONA, S.L.U.",4-9,ZIM ASIA,9464716,636021664,Libèria,260,,12.6,2024-08-13 23:20:00,2024-08-14 11:40:00,Valencia,Mersin,A PEREZ Y CIA SL
56890-1,24B,"APM TERMINALS BARCELONA, S.L.U.",14-20,HYUNDAI MARS,9725122,232024773,Regne Unit,324,,15.5,2024-08-14 10:39:00,2024-08-15 03:11:00,Valencia,Genoa,MARITIME AGENCY HMM SPAIN SL
57047-1,24B,"APM TERMINALS BARCELONA, S.L.U.",4-9,ZIM IBERIA,9431719,636020648,Libèria,261.05,,12.6,2024-08-14 13:02:00,2024-08-15 01:19:00,Genoa,Valencia,A PEREZ Y CIA SL
57609-1,24B,"APM TERMINALS BARCELONA, S.L.U.",3-7,NIKOLAS,9203526,357388000,Panamà,207,,11.4,2024-08-15 08:10:00,2024-08-15 12:46:00,Tanger Med,Vado Ligure,NOATUM MARITIME SPAIN SAU
57041-1,24B,"APM TERMINALS BARCELONA, S.L.U.",6-10,DJANET,9845063,605086090,Algèria,171.9,24.29,9.5,2024-08-15 21:46:00,2024-08-16 14:53:00,Alger (Algiers),Marseille,TRANSPORTES CONSIGNACION MARITIMAS SA
57715-1,24B,"APM TERMINALS BARCELONA, S.L.U.",13-20,CMA CGM TITUS,9450636,249075000,França,334,,15,2024-08-16 22:44:00,2024-08-17 13:57:00,Valencia,Valencia,CMA CGM IBERICA SAU
57149-1,24B,"APM TERMINALS BARCELONA, S.L.U.",8-12,ARIANA A,9320142,538009388,Illes Marshall,215.32,,11.55,2024-08-17 04:38:00,2024-08-18 01:48:00,Castellon de la Plana,Piraeus,NOATUM MARITIME SPAIN SAU
57452-1,24B,"APM TERMINALS BARCELONA, S.L.U.",3-7,MAERSK NUBA,9356115,477552100,Hong Kong,211,,11.4,2024-08-17 11:55:00,2024-08-18 02:59:00,Valencia,Genoa,NOATUM MARITIME SPAIN SAU
56620-1,24B,"APM TERMINALS BARCELONA, S.L.U.",13-20,SALAHUDDIN,9708796,636093169,Libèria,369,,15.52,2024-08-17 19:06:00,2024-08-20 02:14:00,Damietta,Valencia,HAPAG LLOYD SPAIN SL
57545-1,24B,"APM TERMINALS BARCELONA, S.L.U.",9-12,BALTIC SHEARWATER,9313228,212906000,Xipre,169,,9,2024-08-18 10:40:00,2024-08-19 17:08:00,Algeciras,Valencia,A PEREZ Y CIA SL
56624-1,24B,"APM TERMINALS BARCELONA, S.L.U.",3-8,IRENES REMEDY,9315850,636014740,Libèria,222.17,,12,2024-08-18 11:42:00,2024-08-19 01:12:00,Livorno,Caucedo,HAPAG LLOYD SPAIN SL
56606-1,24B,"APM TERMINALS BARCELONA, S.L.U.",3-8,SEASPAN SAIGON,9301809,477106800,Hong Kong,260.1,,12.73,2024-08-19 04:37:00,2024-08-20 06:39:00,Genoa,Valencia,HAPAG LLOYD SPAIN SL
57482-1,24B,"APM TERMINALS BARCELONA, S.L.U.",5-9,MAERSK NORFOLK,9356139,219225000,Dinamarca,210.49,,11.4,2024-08-20 11:38:00,2024-08-20 23:28:00,Marseille,Valencia,NOATUM MARITIME SPAIN SAU
56595-1,24B,"APM TERMINALS BARCELONA, S.L.U.",13-20,CMA CGM DALILA,9450624,256855000,Malta,334.04,42.8,15,2024-08-20 12:09:00,2024-08-21 06:08:00,Fos-sur-Mer,Valencia,CMA CGM IBERICA SAU
56601-1,24B,"APM TERMINALS BARCELONA, S.L.U.",13-20,BRUSSELS EXPRESS,9708784,211108000,Alemanya,368.52,51,15.52,2024-08-21 10:30:00,2024-08-22 21:45:00,Fos-sur-Mer,Singapore,HAPAG LLOYD SPAIN SL
57051-1,24B,"APM TERMINALS BARCELONA, S.L.U.",7-12,ZIM PACIFIC,9440837,636021362,Libèria,262,,12.5,2024-08-22 10:47:00,2024-08-23 00:00:00,Genoa,Valencia,A PEREZ Y CIA SL
57258-1,24B,"APM TERMINALS BARCELONA, S.L.U.",14-20,HYUNDAI TOKYO,9305673,212347000,Xipre,303.83,,14.02,2024-08-22 23:17:00,2024-08-23 11:03:00,Valencia,Genoa,MARITIME AGENCY HMM SPAIN SL
56616-1,24B,"APM TERMINALS BARCELONA, S.L.U.",9-13,ODYSSEUS,9315824,636016770,Libèria,222.14,,12,2024-08-23 02:41:00,2024-08-23 19:42:00,Livorno,Piraeus,HAPAG LLOYD SPAIN SL
57461-1,24B,"APM TERMINALS BARCELONA, S.L.U.",4-7,TROUPER,9326952,255805844,Portugal,134.44,,8.71,2024-08-23 05:27:00,2024-08-23 21:13:00,Diliskelesi,Valencia,UNIVERSAL MARITIMA SL
57239-1,24B,"APM TERMINALS BARCELONA, S.L.U.",14-18,SC HOUSTON,9445904,538009416,Illes Marshall,212.48,32.2,12.5,2024-08-23 19:11:00,2024-08-24 10:07:00,Castellon de la Plana,Piraeus,CMA CGM IBERICA SAU
56627-1,24B,"APM TERMINALS BARCELONA, S.L.U.",8-12,IRENES RESPECT,9964144,636023683,Libèria,186,35,11,2024-08-24 06:39:00,2024-08-25 20:53:00,Tema,Izmit,HAPAG LLOYD SPAIN SL
57546-1,24B,"APM TERMINALS BARCELONA, S.L.U.",4-7,BALTIC SHEARWATER,9313228,212906000,Xipre,169,,9,2024-08-24 07:10:00,2024-08-25 14:28:00,Alicante,Algeciras,A PEREZ Y CIA SL
55476-1,24B,"APM TERMINALS BARCELONA, S.L.U.",13-20,KOI,9461489,636018059,Libèria,335,,14.52,2024-08-24 18:31:00,2024-08-26 06:38:00,Fos-sur-Mer,Valencia,CMA CGM IBERICA SAU
56610-1,24B,"APM TERMINALS BARCELONA, S.L.U.",5-12,KOBE EXPRESS,9143544,310764000,Bermuda,293.95,,13.63,2024-08-26 00:47:00,2024-08-27 06:18:00,Genoa,Valencia,HAPAG LLOYD SPAIN SL
56607-1,24B,"APM TERMINALS BARCELONA, S.L.U.",13-20,NAGOYA EXPRESS,9450428,636093219,Libèria,222.11,,12,2024-08-26 11:16:00,2024-08-27 12:26:00,Fos-sur-Mer,Valencia,HAPAG LLOYD SPAIN SL
56045-1,24B,"APM TERMINALS BARCELONA, S.L.U.",5-12,CYPRESS,9461477,636018058,Libèria,336,,14.52,2024-08-27 12:00:00,2024-08-28 09:33:00,Fos-sur-Mer,Valencia,CMA CGM IBERICA SAU
56575-1,24B,"APM TERMINALS BARCELONA, S.L.U.",13-20,ONE FRONTIER,9934383,477867900,Hong Kong,366,,16,2024-08-27 14:15:00,2024-08-29 00:16:00,Fos-sur-Mer,Singapore,OCEAN NETWORK EXPRESS SPAIN SA
57454-1,24B,"APM TERMINALS BARCELONA, S.L.U.",4-8,MARTHA A,9299484,271044070,Turquia,207.4,,11.4,2024-08-28 11:03:00,2024-08-29 02:44:00,Valencia,Genoa,ARKAS SPAIN SA
57050-1,24B,"APM TERMINALS BARCELONA, S.L.U.",14-20,GLEN CANYON,9302097,636020583,Libèria,284.71,,14.02,2024-08-29 02:03:00,2024-08-29 20:38:00,Valencia,Mersin,A PEREZ Y CIA SL
56948-1,24B,"APM TERMINALS BARCELONA, S.L.U.",9-13,GISELE A,9321471,256475000,Malta,215.29,,11.57,2024-08-29 05:28:00,2024-08-29 21:00:00,Casablanca,Piraeus,ARKAS SPAIN SA
57870-1,24B,"APM TERMINALS BARCELONA, S.L.U.",4-8,NIKOLAS,9203526,357388000,Panamà,207,,11.4,2024-08-29 05:38:00,2024-08-30 02:19:00,Vado Ligure,Algeciras,NOATUM MARITIME SPAIN SAU
57610-1,24B,"APM TERMINALS BARCELONA, S.L.U.",7-11,CINZIA A,9226516,215421000,Malta,200,,11.55,2024-08-30 04:03:00,2024-08-30 21:53:00,Castellon de la Plana,Piraeus,ARKAS SPAIN SA
56576-1,24B,"APM TERMINALS BARCELONA, S.L.U.",13-20,ONE MANCHESTER,9706748,563131500,Singapur,365.94,,15.52,2024-08-30 11:12:00,2024-08-31 18:44:00,Damietta,Valencia,OCEAN NETWORK EXPRESS SPAIN SA
56603-1,24B,"APM TERMINALS BARCELONA, S.L.U.",7-11,AS CLAUDIA,9330549,636093159,Libèria,222.11,30,12,2024-08-31 00:01:00,2024-08-31 22:20:00,Livorno,Caucedo,HAPAG LLOYD SPAIN SL
57647-1,24B,"APM TERMINALS BARCELONA, S.L.U.",11-17,HYUNDAI JAKARTA,9323522,441398000,Corea del Sud,303.83,,14.02,2024-09-01 00:52:00,2024-09-01 17:19:00,Valencia,Genoa,MARITIME AGENCY HMM SPAIN SL
57087-1,24B,"APM TERMINALS BARCELONA, S.L.U.",5-9,MAERSK NARMADA,9356098,477552700,Hong Kong,210.54,,11.4,2024-09-01 01:43:00,2024-09-01 18:56:00,Valencia,Genoa,NOATUM MARITIME SPAIN SAU
56604-1,24B,"APM TERMINALS BARCELONA, S.L.U.",14-20,LONDON EXPRESS,9143568,310765000,Bermuda,294.04,32.25,13.63,2024-09-01 23:07:00,2024-09-02 18:59:00,Genoa,Valencia,HAPAG LLOYD SPAIN SL
57053-1,24B,"APM TERMINALS BARCELONA, S.L.U.",7-12,ZIM ATLANTIC,9440801,636021472,Libèria,262.06,,12.5,2024-09-02 05:59:00,2024-09-02 18:13:00,Valencia,Mersin,A PEREZ Y CIA SL
56602-1,24B,"APM TERMINALS BARCELONA, S.L.U.",13-20,BREMEN EXPRESS,9343728,636093156,Libèria,335,,14.61,2024-09-02 21:46:00,2024-09-03 10:32:00,Fos-sur-Mer,Valencia,HAPAG LLOYD SPAIN SL
56577-1,24B,"APM TERMINALS BARCELONA, S.L.U.",13-20,ONE FORTUNE,9944819,477945300,Hong Kong,366,51,16,2024-09-03 22:26:00,2024-09-05 07:00:00,Fos-sur-Mer,Singapore,OCEAN NETWORK EXPRESS SPAIN SA
57054-1,24B,"APM TERMINALS BARCELONA, S.L.U.",7-12,ZIM ASIA,9464716,636021664,Libèria,260,,12.6,2024-09-04 23:24:00,2024-09-05 11:53:00,Genoa,Valencia,A PEREZ Y CIA SL
56578-1,24B,"APM TERMINALS BARCELONA, S.L.U.",13-20,ONE FRUITION,9934371,477867800,Hong Kong,365.93,51,16,2024-09-05 16:39:00,2024-09-07 04:30:00,Damietta,Valencia,OCEAN NETWORK EXPRESS SPAIN SA
57842-1,24B,"APM TERMINALS BARCELONA, S.L.U.",8-12,ARIANA A,9320142,538009388,Illes Marshall,215.32,29.8,11.55,2024-09-05 22:21:00,2024-09-06 13:15:00,Castellon de la Plana,Piraeus,NOATUM MARITIME SPAIN SAU
56608-1,24B,"APM TERMINALS BARCELONA, S.L.U.",8-12,GREEN BAY,9983437,636022347,Libèria,185.99,,11,2024-09-06 22:52:00,2024-09-07 11:10:00,Casablanca,Piraeus,HAPAG LLOYD SPAIN SL
57631-1,24B,"APM TERMINALS BARCELONA, S.L.U.",14-20,FOS EXPRESS,9348699,636093280,Libèria,294.04,32.2,13.5,2024-09-07 20:04:00,2024-09-08 12:09:00,Genoa,Valencia,HAPAG LLOYD SPAIN SL
57620-1,24B,"APM TERMINALS BARCELONA, S.L.U.",8-12,GEMLIK EXPRESS,9751107,256703000,Malta,185.97,,11,2024-09-08 10:11:00,2024-09-09 06:50:00,Livorno,Caucedo,HAPAG LLOYD SPAIN SL
57894-3,24B,"APM TERMINALS BARCELONA, S.L.U.",13-17,FLEUR N,9509138,636019931,Libèria,212.53,32.19,12.5,2024-09-09 04:05:00,2024-09-09 10:20:00,Valencia,Vado Ligure,NOATUM MARITIME SPAIN SAU
58071-1,24B,"APM TERMINALS BARCELONA, S.L.U.",8-11,GREEN POLE,9866005,563103800,Singapur,172.07,,9.77,2024-09-09 07:54:00,2024-09-10 07:28:00,Alicante,Algeciras,A PEREZ Y CIA SL
57633-1,24B,"APM TERMINALS BARCELONA, S.L.U.",13-17,TEOMAN A,9226504,215179000,Malta,199.95,,11.55,2024-09-09 12:05:00,2024-09-10 01:49:00,Valencia,Genoa,ARKAS SPAIN SA
57665-1,24B,"APM TERMINALS BARCELONA, S.L.U.",13-16,GRETA,9404821,255806515,Portugal,129.59,20.6,7.4,2024-09-10 05:59:00,2024-09-10 12:12:00,Castellon de la Plana,Alicante,BERGE MARITIMA SL
57467-1,24B,"APM TERMINALS BARCELONA, S.L.U.",6-11,MELINA,9401075,538007680,Illes Marshall,260.05,32.25,12.63,2024-09-10 09:28:00,2024-09-11 00:00:00,Valencia,Mersin,A PEREZ Y CIA SL
57619-1,24B,"APM TERMINALS BARCELONA, S.L.U.",12-18,CAUTIN,9687538,636092792,Libèria,300,,15,2024-09-10 13:38:00,2024-09-11 09:20:00,Genoa,Valencia,HAPAG LLOYD SPAIN SL
57469-1,24B,"APM TERMINALS BARCELONA, S.L.U.",12-17,ZIM IBERIA,9431719,636020648,Libèria,261.05,,12.6,2024-09-12 10:50:00,2024-09-13 00:13:00,Savannah,Ashdod,A PEREZ Y CIA SL
57977-1,24B,"APM TERMINALS BARCELONA, S.L.U.",7-11,SC HOUSTON,9445904,538009416,Illes Marshall,212.48,32.2,12.5,2024-09-12 19:21:00,2024-09-13 12:16:00,Castellon de la Plana,Piraeus,CMA CGM IBERICA SAU
57628-1,24B,"APM TERMINALS BARCELONA, S.L.U.",13-20,VIENNA EXPRESS,9450416,636093194,Libèria,335.08,,14.61,2024-09-13 07:32:00,2024-09-14 01:50:00,Fos-sur-Mer,Valencia,HAPAG LLOYD SPAIN SL
57634-1,24B,"APM TERMINALS BARCELONA, S.L.U.",6-10,EMMA A,9308194,256042000,Malta,212.84,,12,2024-09-13 17:32:00,2024-09-14 07:20:00,Livorno,Caucedo,HAPAG LLOYD SPAIN SL
57466-1,24B,"APM TERMINALS BARCELONA, S.L.U.",6-12,ZIM VIRGINIA,9231808,428002000,Israel,294,,13.5,2024-09-14 10:48:00,2024-09-15 04:48:00,Piraeus,Valencia,A PEREZ Y CIA SL
57372-1,24B,"APM TERMINALS BARCELONA, S.L.U.",13-20,ONE FANTASTIC,9936381,477871200,Hong Kong,366.03,51.02,17,2024-09-14 12:27:00,2024-09-16 15:07:00,Damietta,Valencia,OCEAN NETWORK EXPRESS SPAIN SA
57486-1,24B,"APM TERMINALS BARCELONA, S.L.U.",8-12,VIVIEN A,9491848,271040635,Turquia,210.45,,11.4,2024-09-15 11:21:00,2024-09-16 04:24:00,Casablanca,Piraeus,ARKAS SPAIN SA
57891-1,24B,"APM TERMINALS BARCELONA, S.L.U.",3-7,MAERSK NUBA,9356115,477552100,Hong Kong,211,,11.4,2024-09-15 12:05:00,2024-09-16 04:29:00,Valencia,Genoa,NOATUM MARITIME SPAIN SAU
57635-1,24B,"APM TERMINALS BARCELONA, S.L.U.",4-10,SEASPAN EMISSARY,9407158,477627300,Hong Kong,294.13,,13.7,2024-09-16 10:30:00,2024-09-17 07:46:00,Genoa,Valencia,HAPAG LLOYD SPAIN SL
58080-1,24B,"APM TERMINALS BARCELONA, S.L.U.",14-18,MAERSK NORFOLK,9356139,219225000,Dinamarca,210.49,,11.4,2024-09-16 18:14:00,2024-09-17 02:10:00,Fos-sur-Mer,Valencia,NOATUM MARITIME SPAIN SAU
57627-1,24B,"APM TERMINALS BARCELONA, S.L.U.",13-20,SOFIA EXPRESS,9450404,636093286,Libèria,335.06,42.8,14.61,2024-09-17 05:40:00,2024-09-17 19:10:00,Fos-sur-Mer,Valencia,HAPAG LLOYD SPAIN SL
57772-1,24B,"APM TERMINALS BARCELONA, S.L.U.",4-7,TROUPER,9326952,255805844,Portugal,134.44,22.5,8.71,2024-09-17 12:12:00,2024-09-17 22:17:00,Diliskelesi,Valencia,UNIVERSAL MARITIMA SL
56415-1,24B,"APM TERMINALS BARCELONA, S.L.U.",13-20,APL PHOENIX,9597501,566951000,Singapur,328.2,,15,2024-09-17 23:16:00,2024-09-18 17:59:00,Genoa,Valencia,CMA CGM IBERICA SAU
57468-1,24B,"APM TERMINALS BARCELONA, S.L.U.",10-16,GLEN CANYON,9302097,636020583,Libèria,284.71,,14.02,2024-09-19 04:00:00,2024-09-19 18:11:00,Genoa,Valencia,A PEREZ Y CIA SL
57626-1,24B,"APM TERMINALS BARCELONA, S.L.U.",13-20,AL MURABBA,9708837,636093171,Libèria,368.52,51,15.52,2024-09-20 22:08:00,2024-09-22 14:59:00,Fos-sur-Mer,Singapore,HAPAG LLOYD SPAIN SL
57639-1,24B,"APM TERMINALS BARCELONA, S.L.U.",8-12,CAPE CITIUS,9848742,210070000,Xipre,185.96,,11,2024-09-22 06:40:00,2024-09-22 21:27:00,Genoa,Caucedo,HAPAG LLOYD SPAIN SL
58175-1,24B,"APM TERMINALS BARCELONA, S.L.U.",3-7,LISBON EXPRESS,9108128,310132000,Bermuda,216.13,,10.78,2024-09-22 07:08:00,2024-09-23 09:05:00,Genoa,Valencia,HAPAG LLOYD SPAIN SL
57474-1,24B,"APM TERMINALS BARCELONA, S.L.U.",13-20,CMA CGM LA TRAVIATA,9299795,228340900,França,334,,14.5,2024-09-22 18:46:00,2024-09-23 16:08:00,Fos-sur-Mer,Valencia,CMA CGM IBERICA SAU
57611-1,24B,"APM TERMINALS BARCELONA, S.L.U.",6-11,SASKIA A,9315927,271044177,Turquia,222,,12,2024-09-23 11:27:00,2024-09-24 00:58:00,Casablanca,Piraeus,ARKAS SPAIN SA
57373-1,24B,"APM TERMINALS BARCELONA, S.L.U.",13-20,ZEAL LUMOS,9864241,232031320,Regne Unit,366,51,16,2024-09-23 21:14:00,2024-09-25 08:42:00,Damietta,Valencia,OCEAN NETWORK EXPRESS SPAIN SA
58065-1,24B,"APM TERMINALS BARCELONA, S.L.U.",8-12,MARTHA A,9299484,271044070,Turquia,207.4,29.8,11.4,2024-09-24 05:50:00,2024-09-24 18:28:00,Valencia,El Iskandariya (= Alexandria),ARKAS SPAIN SA
57990-1,24B,"APM TERMINALS BARCELONA, S.L.U.",3-6,GRETA,9404821,255806515,Portugal,130,,7.4,2024-09-24 06:16:00,2024-09-24 10:56:00,Castellon de la Plana,Alicante,BERGE MARITIMA SL
57470-1,24B,"APM TERMINALS BARCELONA, S.L.U.",7-12,ZIM ATLANTIC,9440801,636021472,Libèria,262.06,,12.5,2024-09-24 22:27:00,2024-09-25 13:10:00,Genoa,Valencia,A PEREZ Y CIA SL
57761-2,24B,"APM TERMINALS BARCELONA, S.L.U.",3-6,WEC MAJORELLE,9134153,210312000,Xipre,122,18.2,6.69,2024-09-24 23:16:00,2024-09-25 03:47:00,Casablanca,Valencia,A PEREZ Y CIA SL
57088-1,24B,"APM TERMINALS BARCELONA, S.L.U.",13-20,BELITA,9318060,636018102,Libèria,334.07,,14.67,2024-09-25 12:32:00,2024-09-26 04:45:00,Fos-sur-Mer,Jebel Ali,CMA CGM IBERICA SAU
58068-1,24B,"APM TERMINALS BARCELONA, S.L.U.",6-10,CINZIA A,9226516,215421000,Malta,200,29.8,11.55,2024-09-25 18:21:00,2024-09-26 10:03:00,Castellon de la Plana,Piraeus,ARKAS SPAIN SA
57638-1,24B,"APM TERMINALS BARCELONA, S.L.U.",13-20,AL MASHRAB,9732319,636093181,Libèria,368,,15.52,2024-09-26 11:02:00,2024-09-27 22:56:00,Fos-sur-Mer,Singapore,HAPAG LLOYD SPAIN SL
58226-1,24B,"APM TERMINALS BARCELONA, S.L.U.",6-9,GFS SAPPHIRE,9330927,565547000,Singapur,170.02,25,9.5,2024-09-26 16:11:00,2024-09-27 03:45:00,Aliaga,Valencia,UNIVERSAL MARITIMA SL
58018-1,24B,"APM TERMINALS BARCELONA, S.L.U.",3-6,RUTH BORCHARD,9212034,538005024,Illes Marshall,158.72,,9.2,2024-09-27 10:35:00,2024-09-27 21:34:00,Marseille,Castellon de la Plana,NOATUM MARITIME SPAIN SAU
58400-1,24B,"APM TERMINALS BARCELONA, S.L.U.",8-12,MAERSK NARMADA,9356098,477552700,Hong Kong,210.54,29.8,11.4,2024-09-27 19:50:00,2024-09-28 07:08:00,Valencia,Genoa,NOATUM MARITIME SPAIN SAU
57746-1,24B,"APM TERMINALS BARCELONA, S.L.U.",13-20,HYUNDAI BRAVE,9346304,538007477,Illes Marshall,339.62,,14.5,2024-09-28 01:23:00,2024-09-28 14:50:00,Valencia,Genoa,MARITIME AGENCY HMM SPAIN SL
58284-1,24B,"APM TERMINALS BARCELONA, S.L.U.",3-7,ARIANA A,9320142,538009388,Illes Marshall,215.32,,11.55,2024-09-28 05:25:00,2024-09-28 20:55:00,Castellon de la Plana,Piraeus,NOATUM MARITIME SPAIN SAU
58243-1,24B,"APM TERMINALS BARCELONA, S.L.U.",14-20,OOCL EUROPE,9300805,477214700,Hong Kong,323,,15.03,2024-09-28 23:29:00,2024-09-29 15:01:00,Fos-sur-Mer,Valencia,ORIENT OVERSEAS CONTAINER LINE SPAIN SL
57637-1,24B,"APM TERMINALS BARCELONA, S.L.U.",9-13,IRENES RESPECT,9964144,636023683,Libèria,186,,11,2024-09-29 06:50:00,2024-09-29 20:07:00,Casablanca,Piraeus,HAPAG LLOYD SPAIN SL
58411-1,24B,"APM TERMINALS BARCELONA, S.L.U.",5-8,GREEN POLE,9866005,563103800,Singapur,172.07,27.4,9.77,2024-09-29 07:26:00,2024-09-30 06:28:00,Alicante,Algeciras,A PEREZ Y CIA SL
57374-1,24B,"APM TERMINALS BARCELONA, S.L.U.",13-20,ZEPHYR LUMOS,9864227,232030743,Regne Unit,366,,16,2024-09-29 23:24:00,2024-10-01 00:27:00,Damietta,Valencia,OCEAN NETWORK EXPRESS SPAIN SA
57642-1,24B,"APM TERMINALS BARCELONA, S.L.U.",4-10,SEOUL EXPRESS,9193305,636093131,Libèria,294,,13.55,2024-09-30 11:24:00,2024-10-01 08:04:00,Genoa,Valencia,HAPAG LLOYD SPAIN SL
58424-1,24B,"APM TERMINALS BARCELONA, S.L.U.",4-8,NIKOLAS,9203526,357388000,Panamà,207,,11.4,2024-10-01 10:45:00,2024-10-01 19:54:00,Algeciras,Vado Ligure,NOATUM MARITIME SPAIN SAU
57376-1,24B,"APM TERMINALS BARCELONA, S.L.U.",13-20,ONE FREEDOM,9934357,477846600,Hong Kong,366,,16,2024-10-01 13:40:00,2024-10-02 15:15:00,Fos-sur-Mer,Singapore,OCEAN NETWORK EXPRESS SPAIN SA
57643-1,24B,"APM TERMINALS BARCELONA, S.L.U.",6-12,YANTIAN EXPRESS,9229831,636093161,Libèria,321,,14.5,2024-10-02 00:20:00,2024-10-02 21:52:00,Fos-sur-Mer,Valencia,HAPAG LLOYD SPAIN SL
58281-1,24B,"APM TERMINALS BARCELONA, S.L.U.",13-17,SC HOUSTON,9445904,538009416,Illes Marshall,212.48,32.2,12.5,2024-10-03 17:06:00,2024-10-04 13:40:00,Castellon de la Plana,Piraeus,CMA CGM IBERICA SAU
58421-1,24B,"APM TERMINALS BARCELONA, S.L.U.",8-12,NYSTED MAERSK,9220897,477642700,Hong Kong,198.6,,11.15,2024-10-04 11:54:00,2024-10-04 23:37:00,Fos-sur-Mer,Valencia,NOATUM MARITIME SPAIN SAU
55853-1,24B,"APM TERMINALS BARCELONA, S.L.U.",3-6,CHARLOTTA,9429209,230718000,Finlàndia,140.67,,8.7,2024-10-04 12:40:00,2024-10-04 21:20:00,Marseille,Castellon de la Plana,NOATUM MARITIME SPAIN SAU
58270-1,24B,"APM TERMINALS BARCELONA, S.L.U.",13-20,CMA CGM DALILA,9450624,256855000,Malta,334.04,42.8,15,2024-10-05 00:34:00,2024-10-05 18:34:00,Fos-sur-Mer,Valencia,CMA CGM IBERICA SAU
58102-1,24B,"APM TERMINALS BARCELONA, S.L.U.",8-12,IZMIT EXPRESS,9740665,256486000,Malta,186.02,,11,2024-10-05 05:14:00,2024-10-05 19:35:00,Livorno,Caucedo,HAPAG LLOYD SPAIN SL
57640-1,24B,"APM TERMINALS BARCELONA, S.L.U.",8-14,ALTAMIRA EXPRESS,9407146,477547100,Hong Kong,294.13,,13.65,2024-10-05 22:09:00,2024-10-06 18:29:00,Genoa,Valencia,HAPAG LLOYD SPAIN SL
58658-1,24B,"APM TERMINALS BARCELONA, S.L.U.",4-7,GREEN POLE,9866005,563103800,Singapur,172.07,,9.77,2024-10-05 23:16:00,2024-10-07 02:09:00,Alicante,Algeciras,A PEREZ Y CIA SL
58357-1,24B,"APM TERMINALS BARCELONA, S.L.U.",15-20,ZIM IBERIA,9431719,636020648,Libèria,261.05,,12.6,2024-10-06 05:35:00,2024-10-06 20:56:00,Genoa,Valencia,A PEREZ Y CIA SL
58259-1,24B,"APM TERMINALS BARCELONA, S.L.U.",10-16,VALENCE,9628180,229548000,Malta,299.95,,14.5,2024-10-07 08:08:00,2024-10-08 03:23:00,Genoa,Valencia,HAPAG LLOYD SPAIN SL
58067-1,24B,"APM TERMINALS BARCELONA, S.L.U.",5-9,GISELE A,9321471,256475000,Malta,215.29,29.8,11.57,2024-10-07 11:53:00,2024-10-08 09:47:00,Casablanca,Piraeus,ARKAS SPAIN SA
57377-1,24B,"APM TERMINALS BARCELONA, S.L.U.",13-20,ONE FOCUS,9944792,477907900,Hong Kong,365.93,,16,2024-10-08 07:39:00,2024-10-10 14:09:00,Fos-sur-Mer,Singapore,OCEAN NETWORK EXPRESS SPAIN SA
58358-1,24B,"APM TERMINALS BARCELONA, S.L.U.",7-12,ZIM ASIA,9464716,636021664,Libèria,260,32.2,12.6,2024-10-08 12:20:00,2024-10-09 03:20:00,Valencia,Mersin,A PEREZ Y CIA SL
58701-1,24B,"APM TERMINALS BARCELONA, S.L.U.",9-12,SSF LILY,9318266,565849000,Singapur,149.6,,7.8,2024-10-09 15:20:00,2024-10-10 15:30:00,Nemrut Bay,Valencia,UNIVERSAL MARITIMA SL
57764-1,24B,"APM TERMINALS BARCELONA, S.L.U.",3-5,K-RIVER,9138355,255805995,Portugal,121.99,,6.69,2024-10-10 05:03:00,2024-10-10 21:03:00,Valencia,Tangier,A PEREZ Y CIA SL
58360-1,24B,"APM TERMINALS BARCELONA, S.L.U.",6-11,ZIM PACIFIC,9440837,636021362,Libèria,262,,12.5,2024-10-10 18:08:00,2024-10-11 06:46:00,Genoa,Valencia,A PEREZ Y CIA SL
58594-1,24B,"APM TERMINALS BARCELONA, S.L.U.",2-5,GFS SAPPHIRE,9330927,565547000,Singapur,170.02,,9.5,2024-10-10 21:53:00,2024-10-11 08:57:00,Valencia,Kumport,UNIVERSAL MARITIMA SL
58174-1,24B,"APM TERMINALS BARCELONA, S.L.U.",14-20,HYUNDAI SATURN,9725146,232024771,Regne Unit,324,,15.5,2024-10-10 23:09:00,2024-10-11 13:55:00,Valencia,Genoa,MARITIME AGENCY HMM SPAIN SL
58609-1,24B,"APM TERMINALS BARCELONA, S.L.U.",6-10,CINZIA A,9226516,215421000,Malta,200,29.8,11.55,2024-10-11 11:01:00,2024-10-12 08:07:00,Castellon de la Plana,Piraeus,ARKAS SPAIN SA
58084-1,24B,"APM TERMINALS BARCELONA, S.L.U.",14-20,DALIAN EXPRESS,9229829,636093155,Libèria,321,42.8,14.52,2024-10-12 05:32:00,2024-10-12 22:36:00,Marseille,Cartagena,HAPAG LLOYD SPAIN SL
58706-1,24B,"APM TERMINALS BARCELONA, S.L.U.",7-11,MAERSK NUBA,9356115,477552100,Hong Kong,211,29.8,11.4,2024-10-12 13:03:00,2024-10-12 23:14:00,Valencia,Genoa,NOATUM MARITIME SPAIN SAU
58914-1,24B,"APM TERMINALS BARCELONA, S.L.U.",2-5,GREEN POLE,9866005,563103800,Singapur,172.07,,9.77,2024-10-12 19:18:00,2024-10-13 23:54:00,Alicante,Algeciras,A PEREZ Y CIA SL
58099-1,24B,"APM TERMINALS BARCELONA, S.L.U.",13-20,ULSAN EXPRESS,9613020,211578000,Alemanya,366.52,48.2,15.5,2024-10-13 00:35:00,2024-10-14 19:32:00,Damietta,Valencia,HAPAG LLOYD SPAIN SL
58204-1,24B,"APM TERMINALS BARCELONA, S.L.U.",7-12,SEASPAN SAIGON,9301809,477106800,Hong Kong,260.1,,12.73,2024-10-13 09:35:00,2024-10-14 01:28:00,Genoa,Valencia,HAPAG LLOYD SPAIN SL
58100-1,24B,"APM TERMINALS BARCELONA, S.L.U.",7-12,IRENES REMEDY,9315850,636014740,Libèria,222.17,,12,2024-10-14 04:02:00,2024-10-14 21:51:00,Genoa,Cartagena,HAPAG LLOYD SPAIN SL
58704-1,24B,"APM TERMINALS BARCELONA, S.L.U.",2-6,MAERSK NORFOLK,9356139,219225000,Dinamarca,210.49,,11.4,2024-10-14 12:15:00,2024-10-15 03:21:00,Fos-sur-Mer,Valencia,NOATUM MARITIME SPAIN SAU
58206-1,24B,"APM TERMINALS BARCELONA, S.L.U.",13-20,NAGOYA EXPRESS,9450428,636093219,Libèria,335.08,42.8,14.61,2024-10-14 23:19:00,2024-10-15 11:53:00,Fos-sur-Mer,Valencia,HAPAG LLOYD SPAIN SL
57472-1,24B,"APM TERMINALS BARCELONA, S.L.U.",7-12,MELINA,9401075,538007680,Illes Marshall,260.05,,12.63,2024-10-15 07:39:00,2024-10-15 18:46:00,Genoa,Valencia,A PEREZ Y CIA SL
58526-1,24B,"APM TERMINALS BARCELONA, S.L.U.",13-20,ONE MADRID,9805453,431981000,Japó,366,,15.52,2024-10-15 15:00:00,2024-10-17 02:18:00,Fos-sur-Mer,Singapore,OCEAN NETWORK EXPRESS SPAIN SA
58097-1,24B,"APM TERMINALS BARCELONA, S.L.U.",6-12,VALUE,9628166,229467000,Malta,299.95,,15,2024-10-15 23:01:00,2024-10-16 22:54:00,Fos-sur-Mer,Valencia,HAPAG LLOYD SPAIN SL
58485-1,24B,"APM TERMINALS BARCELONA, S.L.U.",3-6,RUTH BORCHARD,9212034,538005024,Illes Marshall,158.72,,9.2,2024-10-18 10:59:00,2024-10-18 18:55:00,Marseille,Castellon de la Plana,NOATUM MARITIME SPAIN SAU
58101-1,24B,"APM TERMINALS BARCELONA, S.L.U.",2-6,GREEN BAY,9983437,636022347,Libèria,185.99,35.2,11,2024-10-18 23:28:00,2024-10-19 19:00:00,Casablanca,Piraeus,HAPAG LLOYD SPAIN SL
58258-1,24B,"APM TERMINALS BARCELONA, S.L.U.",15-20,AS CARELIA,9309409,255806092,Portugal,222,,12,2024-10-19 10:49:00,2024-10-20 00:19:00,Livorno,Caucedo,HAPAG LLOYD SPAIN SL
58098-1,24B,"APM TERMINALS BARCELONA, S.L.U.",8-14,KOBE EXPRESS,9143544,310764000,Bermuda,293.95,,13.63,2024-10-19 18:10:00,2024-10-20 07:54:00,Genoa,Valencia,HAPAG LLOYD SPAIN SL
58912-1,24B,"APM TERMINALS BARCELONA, S.L.U.",2-6,ARIANA A,9320142,538009388,Illes Marshall,215.32,,11.55,2024-10-19 22:54:00,2024-10-20 23:23:00,Castellon de la Plana,Piraeus,NOATUM MARITIME SPAIN SAU
58782-1,24B,"APM TERMINALS BARCELONA, S.L.U.",8-12,NEXOE MAERSK,9220885,477642400,Hong Kong,198.6,,11.15,2024-10-20 09:46:00,2024-10-20 20:50:00,Fos-sur-Mer,Valencia,NOATUM MARITIME SPAIN SAU
58257-1,24B,"APM TERMINALS BARCELONA, S.L.U.",13-20,BREMEN EXPRESS,9343728,636093156,Libèria,335,,14.61,2024-10-20 16:42:00,2024-10-21 08:48:00,Fos-sur-Mer,Valencia,HAPAG LLOYD SPAIN SL
59104-1,24B,"APM TERMINALS BARCELONA, S.L.U.",2-6,RS LISA,9287704,255915596,Portugal,138,21.3,7.47,2024-10-21 06:35:00,2024-10-21 12:21:00,Vado Ligure,Vado Ligure,NOATUM MARITIME SPAIN SAU
58362-1,24B,"APM TERMINALS BARCELONA, S.L.U.",6-12,ZIM VIRGINIA,9231808,428002000,Israel,294,,13.5,2024-10-21 10:33:00,2024-10-22 02:05:00,Valencia,Mersin,A PEREZ Y CIA SL
58781-1,24B,"APM TERMINALS BARCELONA, S.L.U.",13-20,SEASPAN OCEANIA,9286009,477020300,Hong Kong,334,,14.5,2024-10-21 10:57:00,2024-10-22 06:38:00,Genoa,Valencia,COSCO SHIPPING LINES SPAIN SA
58805-1,24B,"APM TERMINALS BARCELONA, S.L.U.",7-11,MARTHA A,9299484,271044070,Turquia,207.4,,11.4,2024-10-22 04:06:00,2024-10-22 18:31:00,Valencia,El Iskandariya (= Alexandria),ARKAS SPAIN SA
58261-1,24B,"APM TERMINALS BARCELONA, S.L.U.",13-20,AL JASRAH,9732321,636093137,Libèria,368,,15.52,2024-10-22 11:54:00,2024-10-24 07:55:00,Fos-sur-Mer,Singapore,HAPAG LLOYD SPAIN SL
58650-1,24B,"APM TERMINALS BARCELONA, S.L.U.",7-12,ZIM CHINA,9389382,636021739,Libèria,261.4,32.25,12.62,2024-10-22 23:05:00,2024-10-23 11:39:00,Genoa,Valencia,A PEREZ Y CIA SL
58696-1,24B,"APM TERMINALS BARCELONA, S.L.U.",3-6,GRETA,9404821,255806515,Portugal,130,,7.4,2024-10-23 00:03:00,2024-10-23 09:54:00,Castellon de la Plana,Alicante,BERGE MARITIMA SL
58614-1,24B,"APM TERMINALS BARCELONA, S.L.U.",8-12,VIVIEN A,9491848,271040635,Turquia,210.45,,11.4,2024-10-24 10:27:00,2024-10-25 00:11:00,Casablanca,Piraeus,ARKAS SPAIN SA
58262-1,24B,"APM TERMINALS BARCELONA, S.L.U.",13-20,CHICAGO EXPRESS,9295268,211839000,Alemanya,336.19,,14.61,2024-10-24 11:03:00,2024-10-24 22:07:00,Fos-sur-Mer,Valencia,HAPAG LLOYD SPAIN SL
58527-1,24B,"APM TERMINALS BARCELONA, S.L.U.",13-20,ONE FRIENDSHIP,9934369,477856800,Hong Kong,366,51,16,2024-10-25 04:55:00,2024-10-26 14:55:00,Damietta,Valencia,OCEAN NETWORK EXPRESS SPAIN SA
58875-1,24B,"APM TERMINALS BARCELONA, S.L.U.",3-6,CHARLOTTA,9429209,230718000,Finlàndia,140.67,,8.7,2024-10-25 12:32:00,2024-10-26 05:30:00,Marseille,Castellon de la Plana,NOATUM MARITIME SPAIN SAU
58970-1,24B,"APM TERMINALS BARCELONA, S.L.U.",8-12,MAERSK NARMADA,9356098,477552700,Hong Kong,210.54,,11.4,2024-10-25 19:28:00,2024-10-26 11:40:00,Valencia,Genoa,NOATUM MARITIME SPAIN SAU
58667-1,24B,"APM TERMINALS BARCELONA, S.L.U.",3-6,MATHILDE SCHULTE,9676709,565376000,Singapur,188.87,30.4,10.5,2024-10-26 06:43:00,2024-10-26 18:18:00,Marsaxlokk,Tanger Med,CMA CGM IBERICA SAU
58894-1,24B,"APM TERMINALS BARCELONA, S.L.U.",8-12,SC HOUSTON,9445904,538009416,Illes Marshall,212.48,,12.5,2024-10-26 17:54:00,2024-10-27 07:44:00,Castellon de la Plana,Piraeus,CMA CGM IBERICA SAU
59206-1,24B,"APM TERMINALS BARCELONA, S.L.U.",2-6,GREEN POLE,9866005,563103800,Singapur,172.07,,9.77,2024-10-26 22:51:00,2024-10-28 13:15:00,Alicante,Algeciras,A PEREZ Y CIA SL
58657-1,24B,"APM TERMINALS BARCELONA, S.L.U.",13-20,HMM PROMISE,9742168,440112000,Corea del Sud,329.99,,16,2024-10-27 05:03:00,2024-10-28 00:13:00,Valencia,Genoa,MARITIME AGENCY HMM SPAIN SL
58260-1,24B,"APM TERMINALS BARCELONA, S.L.U.",14-20,LONDON EXPRESS,9143568,310765000,Bermuda,294.04,32.25,13.63,2024-10-28 03:09:00,2024-10-29 01:42:00,Genoa,Valencia,HAPAG LLOYD SPAIN SL
58971-1,24B,"APM TERMINALS BARCELONA, S.L.U.",8-13,ZIM ATLANTIC,9440801,636021472,Libèria,262.06,,12.5,2024-10-28 11:38:00,2024-10-28 23:15:00,Valencia,Mersin,A PEREZ Y CIA SL
58918-1,24B,"APM TERMINALS BARCELONA, S.L.U.",2-6,SASKIA A,9315927,271044177,Turquia,222,,12,2024-10-28 15:42:00,2024-10-29 02:57:00,Casablanca,Piraeus,ARKAS SPAIN SA
58265-1,24B,"APM TERMINALS BARCELONA, S.L.U.",7-12,AS CLAUDIA,9330549,636093159,Libèria,222.11,,12,2024-10-29 06:25:00,2024-10-30 04:36:00,Genoa,Cartagena,HAPAG LLOYD SPAIN SL
58268-1,24B,"APM TERMINALS BARCELONA, S.L.U.",13-20,AFIF,9732345,211888820,Alemanya,368,,15.52,2024-10-29 09:01:00,2024-10-31 07:49:00,Fos-sur-Mer,Singapore,HAPAG LLOYD SPAIN SL
58528-1,24B,"APM TERMINALS BARCELONA, S.L.U.",13-20,ONE MILANO,9757187,371076000,Panamà,366,,15.52,2024-10-31 20:17:00,2024-11-02 02:11:00,Fos-sur-Mer,Singapore,OCEAN NETWORK EXPRESS SPAIN SA
58973-1,24B,"APM TERMINALS BARCELONA, S.L.U.",7-12,ZIM ASIA,9464716,636021664,Libèria,260,,12.6,2024-10-31 21:51:00,2024-11-01 10:15:00,Genoa,Valencia,A PEREZ Y CIA SL
59270-1,24B,"APM TERMINALS BARCELONA, S.L.U.",7-11,NYSTED MAERSK,9220897,477642700,Hong Kong,198.6,,11.15,2024-11-01 11:35:00,2024-11-01 22:37:00,Fos-sur-Mer,Valencia,NOATUM MARITIME SPAIN SAU
58267-1,24B,"APM TERMINALS BARCELONA, S.L.U.",13-20,NINGBO EXPRESS,9229843,636093154,Libèria,321,,14.52,2024-11-02 08:32:00,2024-11-03 06:29:00,Genoa,Valencia,HAPAG LLOYD SPAIN SL
59356-1,24B,"APM TERMINALS BARCELONA, S.L.U.",2-5,GREEN POLE,9866005,563103800,Singapur,172.07,,9.77,2024-11-02 22:46:00,2024-11-04 10:12:00,Alicante,Algeciras,A PEREZ Y CIA SL
58266-1,24B,"APM TERMINALS BARCELONA, S.L.U.",14-20,FOS EXPRESS,9348699,636093280,Libèria,294.04,,13.5,2024-11-03 07:59:00,2024-11-04 01:08:00,Genoa,Valencia,HAPAG LLOYD SPAIN SL
58916-1,24B,"APM TERMINALS BARCELONA, S.L.U.",9-13,TEOMAN A,9226504,215179000,Malta,199.95,,11.55,2024-11-03 08:54:00,2024-11-03 22:37:00,Valencia,Genoa,ARKAS SPAIN SA
59095-1,24B,"APM TERMINALS BARCELONA, S.L.U.",8-12,CINZIA A,9226516,215421000,Malta,200,29.8,11.55,2024-11-04 05:54:00,2024-11-05 23:37:00,Castellon de la Plana,Piraeus,ARKAS SPAIN SA
59135-1,24B,"APM TERMINALS BARCELONA, S.L.U.",2-5,K-RIVER,9138355,255805995,Portugal,121.99,,6.69,2024-11-04 11:45:00,2024-11-05 09:41:00,Algeciras,Valencia,A PEREZ Y CIA SL
58263-1,24B,"APM TERMINALS BARCELONA, S.L.U.",3-7,IRENES RESPECT,9964144,636023683,Libèria,186,,11,2024-11-05 11:47:00,2024-11-06 13:04:00,Casablanca,Piraeus,HAPAG LLOYD SPAIN SL
58999-1,24B,"APM TERMINALS BARCELONA, S.L.U.",12-19,ZEUS LUMOS,9864239,636023646,Libèria,366,,16,2024-11-06 04:59:00,2024-11-07 15:46:00,Damietta,Valencia,OCEAN NETWORK EXPRESS SPAIN SA
59272-1,24B,"APM TERMINALS BARCELONA, S.L.U.",6-10,NIKOLAS,9203526,357388000,Panamà,207,29.8,11.4,2024-11-07 00:29:00,2024-11-07 05:00:00,Vado Ligure,Vado Ligure,NOATUM MARITIME SPAIN SAU
59340-1,24B,"APM TERMINALS BARCELONA, S.L.U.",6-10,GFS SAPPHIRE,9330927,565547000,Malta,170.02,25,9.5,2024-11-07 07:53:00,2024-11-07 18:31:00,Valencia,Aliaga,UNIVERSAL MARITIMA SL
59150-1,24B,"APM TERMINALS BARCELONA, S.L.U.",13-20,LINAH,9708801,211887090,Alemanya,369,,15.52,2024-11-07 19:52:00,2024-11-09 11:19:00,Fos-sur-Mer,Valencia,HAPAG LLOYD SPAIN SL
58975-1,24B,"APM TERMINALS BARCELONA, S.L.U.",7-12,SPYROS V,9453365,538007681,Illes Marshall,261.03,,12.6,2024-11-08 10:44:00,2024-11-09 07:54:00,Genoa,Halifax,A PEREZ Y CIA SL
59278-1,24B,"APM TERMINALS BARCELONA, S.L.U.",2-6,MAERSK NORFOLK,9356139,219225000,Dinamarca,210.49,,11.4,2024-11-08 23:24:00,2024-11-09 12:49:00,Fos-sur-Mer,Valencia,NOATUM MARITIME SPAIN SAU
58977-1,24B,"APM TERMINALS BARCELONA, S.L.U.",7-12,ZIM IBERIA,9431719,636020648,Libèria,261.05,,12.6,2024-11-09 09:34:00,2024-11-10 01:35:00,Valencia,Mersin,A PEREZ Y CIA SL
59157-1,24B,"APM TERMINALS BARCELONA, S.L.U.",2-6,MAERSK NUBA,9356115,477552100,Hong Kong,210.54,,11.4,2024-11-09 16:21:00,2024-11-10 04:42:00,Valencia,Genoa,NOATUM MARITIME SPAIN SAU
58864-1,24B,"APM TERMINALS BARCELONA, S.L.U.",14-20,HMM BANGKOK,9323510,441343000,Corea del Sud,303.83,,14.5,2024-11-09 22:57:00,2024-11-10 14:07:00,Valencia,Genoa,MARITIME AGENCY HMM SPAIN SL
59152-1,24B,"APM TERMINALS BARCELONA, S.L.U.",7-13,SEASPAN EMISSARY,9407158,477627300,Hong Kong,294.13,,13.7,2024-11-10 13:31:00,2024-11-11 04:14:00,Genoa,Valencia,HAPAG LLOYD SPAIN SL
59151-1,24B,"APM TERMINALS BARCELONA, S.L.U.",14-18,EMMA A,9308194,256042000,Malta,212.84,,12,2024-11-10 22:37:00,2024-11-11 19:15:00,Livorno,Caucedo,HAPAG LLOYD SPAIN SL
59209-1,24B,"APM TERMINALS BARCELONA, S.L.U.",6-12,ZIM VIRGINIA,9231808,428002000,Israel,294,,13.5,2024-11-11 13:37:00,2024-11-12 04:27:00,Piraeus,Valencia,A PEREZ Y CIA SL
58227-1,24B,"APM TERMINALS BARCELONA, S.L.U.",13-20,CMA CGM TITUS,9450636,249075000,Malta,334,,15,2024-11-11 23:57:00,2024-11-12 13:54:00,Genoa,Valencia,CMA CGM IBERICA SAU
59273-1,24B,"APM TERMINALS BARCELONA, S.L.U.",7-12,ARIANA A,9320142,538009388,Illes Marshall,215.32,,11.55,2024-11-12 07:03:00,2024-11-13 01:19:00,Valencia,Canakkale,NOATUM MARITIME SPAIN SAU
59210-1,24B,"APM TERMINALS BARCELONA, S.L.U.",7-12,ZIM PACIFIC,9440837,636021362,Libèria,262,,12.5,2024-11-14 00:30:00,2024-11-14 12:35:00,Valencia,Mersin,A PEREZ Y CIA SL
58228-1,24B,"APM TERMINALS BARCELONA, S.L.U.",13-20,KOI,9461489,636018059,Libèria,335,42.8,14.52,2024-11-14 07:13:00,2024-11-15 00:08:00,Fos-sur-Mer,Valencia,CMA CGM IBERICA SAU
59693-1,24B,"APM TERMINALS BARCELONA, S.L.U.",2-6,NIKOLAS,9203526,357388000,Panamà,207,,11.4,2024-11-14 08:23:00,2024-11-14 13:25:00,Vado Ligure,Vado Ligure,NOATUM MARITIME SPAIN SAU
59056-1,24B,"APM TERMINALS BARCELONA, S.L.U.",8-12,GISELE A,9321471,256475000,Malta,215.29,,11.57,2024-11-14 18:41:00,2024-11-15 01:37:00,Casablanca,Piraeus,ARKAS SPAIN SA
59591-1,24B,"APM TERMINALS BARCELONA, S.L.U.",13-17,MAIRA,9203502,357380000,Panamà,207.16,29.8,11.4,2024-11-15 06:05:00,2024-11-15 21:59:00,San Juan,Tanger Med,HAPAG LLOYD SPAIN SL
59450-1,24B,"APM TERMINALS BARCELONA, S.L.U.",2-6,CAPE FULMAR,9359313,538002823,Illes Marshall,170.15,,9.5,2024-11-15 16:10:00,2024-11-15 23:19:00,Valencia,Ambarli                            ,NOATUM MARITIME SPAIN SAU
59172-1,24B,"APM TERMINALS BARCELONA, S.L.U.",2-5,CHARLOTTA,9429209,230718000,Finlàndia,140.67,23.2,8.7,2024-11-16 00:16:00,2024-11-16 09:27:00,Marseille,Castellon de la Plana,NOATUM MARITIME SPAIN SAU
59341-1,24B,"APM TERMINALS BARCELONA, S.L.U.",13-17,NEXOE MAERSK,9220885,477642400,Hong Kong,198.6,,11.15,2024-11-16 07:39:00,2024-11-16 14:24:00,Fos-sur-Mer,Valencia,NOATUM MARITIME SPAIN SAU
59705-1,24B,"APM TERMINALS BARCELONA, S.L.U.",8-12,GREEN POLE,9866005,563103800,Singapur,172.07,,9.77,2024-11-16 19:48:00,2024-11-17 17:51:00,Alicante,Algeciras,A PEREZ Y CIA SL
59001-1,24B,"APM TERMINALS BARCELONA, S.L.U.",13-20,ZENITH LUMOS,9864215,636023645,Libèria,366,,16,2024-11-17 04:22:00,2024-11-19 11:03:00,Fos-sur-Mer,Singapore,OCEAN NETWORK EXPRESS SPAIN SA
59371-1,24B,"APM TERMINALS BARCELONA, S.L.U.",2-6,MARTHA A,9299484,271044070,Turquia,207.4,,11.4,2024-11-18 00:54:00,2024-11-18 12:40:00,Valencia,El Iskandariya (= Alexandria),ARKAS SPAIN SA
59367-1,24B,"APM TERMINALS BARCELONA, S.L.U.",6-12,SEOUL EXPRESS,9193305,636093131,Libèria,294,,13.55,2024-11-18 16:40:00,2024-11-19 19:43:00,Genoa,Valencia,HAPAG LLOYD SPAIN SL
59353-1,24B,"APM TERMINALS BARCELONA, S.L.U.",2-5,GRETA,9404821,255806515,Portugal,130,,7.4,2024-11-19 06:22:00,2024-11-19 15:03:00,Castellon de la Plana,Alicante,BERGE MARITIMA SL
59212-1,24B,"APM TERMINALS BARCELONA, S.L.U.",13-20,MELINA,9401075,538007680,Illes Marshall,260.05,,12.63,2024-11-19 17:36:00,2024-11-20 11:59:00,Valencia,Mersin,A PEREZ Y CIA SL
59448-1,24B,"APM TERMINALS BARCELONA, S.L.U.",7-11,SC HOUSTON,9445904,538009416,Illes Marshall,212.48,,12.5,2024-11-20 01:05:00,2024-11-20 23:16:00,Castellon de la Plana,Piraeus,CMA CGM IBERICA SAU
59211-1,24B,"APM TERMINALS BARCELONA, S.L.U.",13-18,ZIM ATLANTIC,9440801,636021472,Libèria,262.06,,12.5,2024-11-20 14:51:00,2024-11-21 05:15:00,Genoa,Valencia,A PEREZ Y CIA SL
59368-1,24B,"APM TERMINALS BARCELONA, S.L.U.",8-12,CAPE CITIUS,9848742,210070000,Xipre,185.96,,11,2024-11-21 01:15:00,2024-11-22 03:37:00,Livorno,Cartagena,HAPAG LLOYD SPAIN SL
59006-1,24B,"APM TERMINALS BARCELONA, S.L.U.",13-20,ONE MUNCHEN,9706750,373911000,Singapur,365.94,51.2,15.52,2024-11-21 13:02:00,2024-11-23 14:40:00,Damietta,Valencia,OCEAN NETWORK EXPRESS SPAIN SA
59694-1,24B,"APM TERMINALS BARCELONA, S.L.U.",2-6,NIKOLAS,9203526,357388000,Panamà,207,,11.4,2024-11-21 15:46:00,2024-11-21 20:31:00,Vado Ligure,Vado Ligure,NOATUM MARITIME SPAIN SAU
59322-1,24B,"APM TERMINALS BARCELONA, S.L.U.",8-12,MERSIN EXPRESS,9740653,249940000,Malta,186.02,35.2,11,2024-11-22 12:46:00,2024-11-23 11:55:00,Genoa,Caucedo,HAPAG LLOYD SPAIN SL
59453-1,24B,"APM TERMINALS BARCELONA, S.L.U.",3-7,MARIO A,9337377,215177000,Malta,184,,10,2024-11-22 20:40:00,2024-11-23 06:48:00,Fos-sur-Mer,Valencia,ARKAS SPAIN SA
59580-1,24B,"APM TERMINALS BARCELONA, S.L.U.",2-6,MAERSK NARMADA,9356098,477552700,Hong Kong,210.54,,11.4,2024-11-23 08:05:00,2024-11-23 22:01:00,Valencia,Genoa,NOATUM MARITIME SPAIN SAU
58230-1,24B,"APM TERMINALS BARCELONA, S.L.U.",13-20,CYPRESS,9461477,636018058,Libèria,336,,14.52,2024-11-23 21:20:00,2024-11-24 19:49:00,Genoa,Valencia,CMA CGM IBERICA SAU
59706-1,24B,"APM TERMINALS BARCELONA, S.L.U.",9-12,GREEN POLE,9866005,563103800,Singapur,172.07,27.4,9.77,2024-11-24 00:11:00,2024-11-25 00:28:00,Alicante,Algeciras,A PEREZ Y CIA SL
59364-1,24B,"APM TERMINALS BARCELONA, S.L.U.",13-20,OOCL EUROPE,9300805,477214700,Hong Kong,323,42.8,15.03,2024-11-24 22:16:00,2024-11-26 06:48:00,Fos-sur-Mer,Valencia,ORIENT OVERSEAS CONTAINER LINE SPAIN SL
59214-1,24B,"APM TERMINALS BARCELONA, S.L.U.",7-12,ZIM CHINA,9389382,636021739,Libèria,261.4,,12.62,2024-11-25 04:10:00,2024-11-25 20:24:00,Valencia,Mersin,A PEREZ Y CIA SL
60057-1,24B,"APM TERMINALS BARCELONA, S.L.U.",2-6,MAERSK NAKURU,9356103,477552900,Hong Kong,210.54,,11.4,2024-11-25 19:48:00,2024-11-25 22:40:00,Port Said,Vado Ligure,NOATUM MARITIME SPAIN SAU
59747-1,24B,"APM TERMINALS BARCELONA, S.L.U.",8-12,LITTLE EMMA,9980356,636023243,Libèria,171.9,,9.7,2024-11-25 22:50:00,2024-11-26 18:54:00,Izmit,Tanger Med,HAPAG LLOYD SPAIN SL
59633-1,24B,"APM TERMINALS BARCELONA, S.L.U.",3-7,GRETA,9404821,255806515,Portugal,130,,7.4,2024-11-26 06:36:00,2024-11-26 11:25:00,Castellon de la Plana,Alicante,BERGE MARITIMA SL
59321-1,24B,"APM TERMINALS BARCELONA, S.L.U.",13-20,ALTAMIRA EXPRESS,9407146,477547100,Hong Kong,294.13,,13.65,2024-11-26 09:26:00,2024-11-27 04:08:00,Genoa,Valencia,HAPAG LLOYD SPAIN SL
59452-1,24B,"APM TERMINALS BARCELONA, S.L.U.",8-12,VIVIEN A,9491848,271040635,Turquia,210.45,29.8,11.4,2024-11-27 00:02:00,2024-11-27 15:27:00,Casablanca,Piraeus,ARKAS SPAIN SA
59923-1,24B,"APM TERMINALS BARCELONA, S.L.U.",2-6,CAPE FULMAR,9359313,538002823,Illes Marshall,170.15,,9.5,2024-11-27 10:35:00,2024-11-28 00:11:00,Aliaga,Valencia,NOATUM MARITIME SPAIN SAU
59323-1,24B,"APM TERMINALS BARCELONA, S.L.U.",11-17,CAUTIN,9687538,636092792,Libèria,300,,15,2024-11-27 19:39:00,2024-11-28 23:09:00,Genoa,Jebel Ali,HAPAG LLOYD SPAIN SL
59566-1,24B,"APM TERMINALS BARCELONA, S.L.U.",6-10,CINZIA A,9226516,215421000,Malta,200,,11.55,2024-11-28 00:56:00,2024-11-28 16:33:00,Castellon de la Plana,Piraeus,ARKAS SPAIN SA
59823-1,24B,"APM TERMINALS BARCELONA, S.L.U.",2-5,RUTH BORCHARD,9212034,538005024,Illes Marshall,158.72,,9.2,2024-11-29 11:33:00,2024-11-29 19:14:00,Marseille,Castellon de la Plana,NOATUM MARITIME SPAIN SAU
59913-1,24B,"APM TERMINALS BARCELONA, S.L.U.",11-15,ARIANA A,9320142,538009388,Illes Marshall,215.32,,11.55,2024-11-29 14:12:00,2024-11-30 07:46:00,Valencia,Canakkale,NOATUM MARITIME SPAIN SAU
59213-1,24B,"APM TERMINALS BARCELONA, S.L.U.",15-20,ZIM IBERIA,9431719,636020648,Libèria,261.05,,12.6,2024-11-30 19:23:00,2024-12-01 11:40:00,Genoa,Valencia,A PEREZ Y CIA SL
59851-1,24B,"APM TERMINALS BARCELONA, S.L.U.",10-13,GFS SAPPHIRE,9330927,565547000,Malta,170.02,,9.5,2024-12-01 00:19:00,2024-12-01 18:31:00,Valencia,Istanbul,UNIVERSAL MARITIMA SL
60147-1,24B,"APM TERMINALS BARCELONA, S.L.U.",4-7,GREEN POLE,9866005,563103800,Singapur,172.07,,9.77,2024-12-01 13:29:00,2024-12-02 15:18:00,Alicante,Algeciras,A PEREZ Y CIA SL
59342-1,24B,"APM TERMINALS BARCELONA, S.L.U.",12-19,LUDWIGSHAFEN EXPRESS,9613018,218566000,Alemanya,366.52,,15.5,2024-12-01 22:22:00,2024-12-04 00:55:00,Damietta,Valencia,HAPAG LLOYD SPAIN SL
59565-1,24B,"APM TERMINALS BARCELONA, S.L.U.",3-7,TEOMAN A,9226504,215179000,Malta,199.95,29.8,11.55,2024-12-02 17:25:00,2024-12-03 09:22:00,Valencia,Genoa,ARKAS SPAIN SA
59325-1,24B,"APM TERMINALS BARCELONA, S.L.U.",6-11,SEASPAN SAIGON,9301809,477106800,Hong Kong,260.1,,12.73,2024-12-03 13:37:00,2024-12-04 10:11:00,Genoa,Valencia,HAPAG LLOYD SPAIN SL
58880-1,24B,"APM TERMINALS BARCELONA, S.L.U.",12-18,HYUNDAI PLUTO,9725160,232018901,Regne Unit,324,,15.52,2024-12-04 02:43:00,2024-12-04 17:20:00,Valencia,Genoa,MARITIME AGENCY HMM SPAIN SL
59370-1,24B,"APM TERMINALS BARCELONA, S.L.U.",7-11,IZMIT EXPRESS,9740665,256486000,Malta,186.02,,11,2024-12-04 11:57:00,2024-12-05 04:01:00,Livorno,Caucedo,HAPAG LLOYD SPAIN SL
59564-1,24B,"APM TERMINALS BARCELONA, S.L.U.",2-6,SASKIA A,9315927,271044177,Turquia,222,,12,2024-12-04 12:33:00,2024-12-05 11:49:00,Casablanca,Piraeus,ARKAS SPAIN SA
58945-1,24B,"APM TERMINALS BARCELONA, S.L.U.",13-20,CMA CGM DALILA,9450624,256855000,Malta,334.04,,15,2024-12-04 20:26:00,2024-12-05 19:12:00,Fos-sur-Mer,Valencia,CMA CGM IBERICA SAU
59932-1,24B,"APM TERMINALS BARCELONA, S.L.U.",5-10,ZIM PACIFIC,9440837,636021362,Libèria,262,,12.5,2024-12-05 13:26:00,2024-12-06 04:09:00,Genoa,Valencia,A PEREZ Y CIA SL
59351-1,24B,"APM TERMINALS BARCELONA, S.L.U.",13-20,AL DHAIL,9732307,636093166,Libèria,368,,15.52,2024-12-05 20:55:00,2024-12-09 07:26:00,Fos-sur-Mer,Singapore,HAPAG LLOYD SPAIN SL
59931-1,24B,"APM TERMINALS BARCELONA, S.L.U.",7-12,ZIM ASIA,9464716,636021664,Libèria,260,,12.6,2024-12-06 05:32:00,2024-12-06 18:54:00,Valencia,Mersin,A PEREZ Y CIA SL
60229-1,24B,"APM TERMINALS BARCELONA, S.L.U.",2-6,MAERSK NAKURU,9356103,477552900,Hong Kong,210.54,,11.4,2024-12-06 06:13:00,2024-12-06 10:25:00,Vado Ligure,Vado Ligure,NOATUM MARITIME SPAIN SAU
59742-1,24B,"APM TERMINALS BARCELONA, S.L.U.",7-12,IRENES REMEDY,9315850,636014740,Libèria,222.17,,12,2024-12-07 04:45:00,2024-12-08 19:42:00,Genoa,Cartagena,HAPAG LLOYD SPAIN SL
59827-1,24B,"APM TERMINALS BARCELONA, S.L.U.",2-6,MAERSK NORFOLK,9356139,219225000,Dinamarca,210.49,,11.4,2024-12-07 07:18:00,2024-12-08 05:11:00,Fos-sur-Mer,Valencia,NOATUM MARITIME SPAIN SAU
59843-1,24B,"APM TERMINALS BARCELONA, S.L.U.",2-6,MAERSK NUBA,9356115,477552100,Hong Kong,210.54,,11.4,2024-12-08 15:09:00,2024-12-09 19:19:00,Valencia,Genoa,NOATUM MARITIME SPAIN SAU
58899-1,24B,"APM TERMINALS BARCELONA, S.L.U.",9-12,CIRTA,9845051,605086060,Algèria,171.9,24.29,9.5,2024-12-09 06:04:00,2024-12-09 18:58:00,Valencia,Bejaia (ex Bougie),TRANSPORTES CONSIGNACION MARITIMAS SA
59457-1,24B,"APM TERMINALS BARCELONA, S.L.U.",13-20,NHAVA SHEVA EXPRESS,9406738,636093293,Libèria,349.65,45.6,15.02,2024-12-09 09:41:00,2024-12-10 04:04:00,Fos-sur-Mer,Valencia,HAPAG LLOYD SPAIN SL
59743-1,24B,"APM TERMINALS BARCELONA, S.L.U.",4-10,KOBE EXPRESS,9143544,310764000,Bermuda,293.95,,13.63,2024-12-09 23:23:00,2024-12-10 19:32:00,Genoa,Valencia,HAPAG LLOYD SPAIN SL
59740-1,24B,"APM TERMINALS BARCELONA, S.L.U.",11-18,SALAHUDDIN,9708796,636093169,Libèria,369,,15.52,2024-12-10 06:48:00,2024-12-11 23:42:00,Damietta,Valencia,HAPAG LLOYD SPAIN SL
59934-1,24B,"APM TERMINALS BARCELONA, S.L.U.",5-10,SPYROS V,9453365,538007681,Malta,261.03,,12.6,2024-12-11 00:23:00,2024-12-11 13:05:00,Valencia,Ashdod,A PEREZ Y CIA SL
59107-1,24B,"APM TERMINALS BARCELONA, S.L.U.",8-15,BELITA,9318060,636018102,Libèria,334.07,,14.67,2024-12-12 01:17:00,2024-12-13 04:36:00,Fos-sur-Mer,Jebel Ali,CMA CGM IBERICA SAU
60209-2,24B,"APM TERMINALS BARCELONA, S.L.U.",3-6,WEC MAJORELLE,9134153,210312000,Xipre,122,,6.69,2024-12-12 05:34:00,2024-12-12 19:20:00,Valencia,Algeciras,A PEREZ Y CIA SL
59741-1,24B,"APM TERMINALS BARCELONA, S.L.U.",3-7,IRENES RESPECT,9964144,636023683,Libèria,186,,11,2024-12-13 01:35:00,2024-12-13 20:02:00,Casablanca,Piraeus,HAPAG LLOYD SPAIN SL
59773-1,24B,"APM TERMINALS BARCELONA, S.L.U.",8-15,HYUNDAI COURAGE,9347542,538007479,Illes Marshall,339.62,,14.53,2024-12-13 11:53:00,2024-12-14 00:53:00,Valencia,Genoa,MARITIME AGENCY HMM SPAIN SL
59825-1,24B,"APM TERMINALS BARCELONA, S.L.U.",3-6,RACHEL BORCHARD,9212010,538005064,Illes Marshall,159,,9.2,2024-12-14 00:20:00,2024-12-14 07:45:00,Marseille,Castellon de la Plana,NOATUM MARITIME SPAIN SAU
59160-1,24B,"APM TERMINALS BARCELONA, S.L.U.",11-18,ONE FOREVER,9944807,477931500,Hong Kong,365.93,,16,2024-12-14 03:40:00,2024-12-15 18:45:00,Fos-sur-Mer,Singapore,OCEAN NETWORK EXPRESS SPAIN SA
59744-1,24B,"APM TERMINALS BARCELONA, S.L.U.",2-9,BREMEN EXPRESS,9343728,636093156,Libèria,335,,14.61,2024-12-14 11:50:00,2024-12-15 13:17:00,Fos-sur-Mer,Valencia,HAPAG LLOYD SPAIN SL
59759-1,24B,"APM TERMINALS BARCELONA, S.L.U.",4-9,AS CARELIA,9309409,255806092,Portugal,222,,12,2024-12-15 18:03:00,2024-12-16 08:36:00,Livorno,Cartagena,HAPAG LLOYD SPAIN SL
59164-1,24B,"APM TERMINALS BARCELONA, S.L.U.",13-20,ONE EAGLE,9741396,431552000,Japó,364.15,,15.79,2024-12-15 22:45:00,2024-12-17 06:45:00,Damietta,Valencia,OCEAN NETWORK EXPRESS SPAIN SA
59833-1,24B,"APM TERMINALS BARCELONA, S.L.U.",6-12,LONDON EXPRESS,9143568,310765000,Bermuda,294.04,32.25,13.63,2024-12-16 12:22:00,2024-12-17 01:41:00,Genoa,Valencia,HAPAG LLOYD SPAIN SL
60264-1,24B,"APM TERMINALS BARCELONA, S.L.U.",8-12,MARTHA A,9299484,271044070,Turquia,207.4,,11.4,2024-12-17 04:57:00,2024-12-18 00:22:00,Valencia,El Iskandariya (= Alexandria),ARKAS SPAIN SA
60099-1,24B,"APM TERMINALS BARCELONA, S.L.U.",3-6,GRETA,9404821,255806515,Portugal,130,,7.4,2024-12-17 06:46:00,2024-12-17 14:36:00,Castellon de la Plana,Alicante,BERGE MARITIMA SL
60380-2,24B,"APM TERMINALS BARCELONA, S.L.U.",13-16,K-RIVER,9138355,255805995,Portugal,121.99,,6.69,2024-12-17 13:05:00,2024-12-17 23:06:00,Algeciras,Valencia,A PEREZ Y CIA SL
59757-1,24B,"APM TERMINALS BARCELONA, S.L.U.",13-20,BRUSSELS EXPRESS,9708784,211108000,Alemanya,368.52,,15.52,2024-12-18 01:37:00,2024-12-19 12:50:00,Fos-sur-Mer,Singapore,HAPAG LLOYD SPAIN SL
60266-1,24B,"APM TERMINALS BARCELONA, S.L.U.",7-11,GISELE A,9321471,256475000,Malta,215.29,,11.57,2024-12-18 17:32:00,2024-12-19 07:17:00,Casablanca,Piraeus,ARKAS SPAIN SA
59158-1,24B,"APM TERMINALS BARCELONA, S.L.U.",13-20,ONE MANCHESTER,9706748,563131500,Singapur,365.94,,15.52,2024-12-19 17:18:00,2024-12-21 22:49:00,Damietta,Valencia,OCEAN NETWORK EXPRESS SPAIN SA
60216-1,24B,"APM TERMINALS BARCELONA, S.L.U.",7-12,ZIM CHINA,9389382,636021739,Libèria,261.4,,12.62,2024-12-20 16:05:00,2024-12-21 04:49:00,Genoa,Valencia,A PEREZ Y CIA SL
60454-1,24B,"APM TERMINALS BARCELONA, S.L.U.",2-6,MAERSK NARMADA,9356098,477552700,Hong Kong,210.54,,11.4,2024-12-21 05:49:00,2024-12-21 18:58:00,Valencia,Genoa,NOATUM MARITIME SPAIN SAU
60409-1,24B,"APM TERMINALS BARCELONA, S.L.U.",8-12,CINZIA A,9226516,215421000,Malta,200,,11.55,2024-12-21 07:08:00,2024-12-21 23:14:00,Castellon de la Plana,Piraeus,ARKAS SPAIN SA
60640-1,24B,"APM TERMINALS BARCELONA, S.L.U.",2-6,GREEN POLE,9866005,563103800,Luxemburg,172.07,,9.77,2024-12-21 22:39:00,2024-12-23 01:21:00,Alicante,Algeciras,A PEREZ Y CIA SL
60512-1,24B,"APM TERMINALS BARCELONA, S.L.U.",14-20,HMM OAKLAND,9385013,440062000,Corea del Sud,293.2,,14.02,2024-12-22 00:56:00,2024-12-22 21:41:00,Valencia,Genoa,MARITIME AGENCY HMM SPAIN SL
59835-1,24B,"APM TERMINALS BARCELONA, S.L.U.",7-11,AS CLAUDIA,9330549,636093159,Libèria,222.11,,12,2024-12-22 12:00:00,2024-12-23 09:10:00,Livorno,Cartagena,HAPAG LLOYD SPAIN SL
59106-1,24B,"APM TERMINALS BARCELONA, S.L.U.",13-20,APL PHOENIX,9597501,566951000,Singapur,328.2,,15,2024-12-23 03:50:00,2024-12-24 03:53:00,Genoa,Valencia,CMA CGM IBERICA SAU
60509-1,24B,"APM TERMINALS BARCELONA, S.L.U.",3-6,GRETA,9404821,255806515,Portugal,130,,7.4,2024-12-23 07:23:00,2024-12-23 15:41:00,Casablanca,Castellon de la Plana,BERGE MARITIMA SL
59841-1,24B,"APM TERMINALS BARCELONA, S.L.U.",7-11,GREEN BAY,9983437,636022347,Libèria,185.99,,11,2024-12-23 16:39:00,2024-12-24 04:42:00,Castellon de la Plana,Piraeus,HAPAG LLOYD SPAIN SL
60882-1,24B,"APM TERMINALS BARCELONA, S.L.U.",6-10,MAERSK NAKURU,9356103,477552900,Hong Kong,210.54,,11.4,2024-12-26 07:03:00,2024-12-26 11:00:00,Vado Ligure,Vado Ligure,NOATUM MARITIME SPAIN SAU
60453-1,24B,"APM TERMINALS BARCELONA, S.L.U.",7-11,ARIANA A,9320142,538009388,Illes Marshall,215.32,,11.55,2024-12-27 07:02:00,2024-12-27 22:57:00,Valencia,Piraeus,NOATUM MARITIME SPAIN SAU
59836-1,24B,"APM TERMINALS BARCELONA, S.L.U.",14-20,YANTIAN EXPRESS,9229831,636093161,Libèria,321,,14.5,2024-12-27 23:52:00,2024-12-29 06:34:00,Fos-sur-Mer,Valencia,HAPAG LLOYD SPAIN SL
60217-1,24B,"APM TERMINALS BARCELONA, S.L.U.",7-12,ZIM ATLANTIC,9440801,636021472,Libèria,262.06,,12.5,2024-12-28 00:35:00,2024-12-28 16:31:00,Valencia,Ashdod,A PEREZ Y CIA SL
60706-1,24B,"APM TERMINALS BARCELONA, S.L.U.",2-6,GREEN HOPE,9629160,374588000,Panamà,171.89,,9.5,2024-12-28 05:59:00,2024-12-28 18:25:00,Piraeus,Valencia,NOATUM MARITIME SPAIN SAU
60725-1,24B,"APM TERMINALS BARCELONA, S.L.U.",8-12,NYSTED MAERSK,9220897,477642700,Hong Kong,198.6,,11.15,2024-12-29 01:19:00,2024-12-29 10:55:00,Mersin,Valencia,NOATUM MARITIME SPAIN SAU
59758-1,24B,"APM TERMINALS BARCELONA, S.L.U.",13-20,CHICAGO EXPRESS,9295268,211839000,Alemanya,336.19,,14.61,2024-12-29 08:26:00,2024-12-30 01:37:00,Fos-sur-Mer,Valencia,HAPAG LLOYD SPAIN SL
60555-1,24B,"APM TERMINALS BARCELONA, S.L.U.",2-6,GREEN POLE,9866005,563103800,Luxemburg,172.07,,9.77,2024-12-29 18:28:00,2024-12-30 19:10:00,Alicante,Algeciras,A PEREZ Y CIA SL
59838-1,24B,"APM TERMINALS BARCELONA, S.L.U.",8-12,GEMLIK EXPRESS,9751107,256703000,Malta,185.97,,11,2024-12-30 00:37:00,2024-12-30 19:56:00,Livorno,Caucedo,HAPAG LLOYD SPAIN SL
59161-1,24B,"APM TERMINALS BARCELONA, S.L.U.",13-20,ONE FRONTIER,9934383,477867900,Hong Kong,366,,16,2024-12-30 06:06:00,2024-12-31 19:34:00,Fos-sur-Mer,Singapore,OCEAN NETWORK EXPRESS SPAIN SA
51465-1,36A,TERMINAL CATALUNYA SA,12-18,MSC SHRISTI,9293442,636020334,Libèria,294.12,,13.52,2024-01-06 02:33:00,2024-01-06 20:00:00,Casablanca,Piraeus,MEDITERRANEAN SHIPPING COM ESPAÑA SLU
51519-1,36A,TERMINAL CATALUNYA SA,15-19,FIONA,9149885,636023461,Libèria,184.06,25.3,9.88,2024-01-08 13:11:00,2024-01-08 23:37:00,Valencia,Skikda (ex Philippeville),MEDITERRANEAN SHIPPING COM ESPAÑA SLU
51446-1,36A,TERMINAL CATALUNYA SA,20-22,SOLONG,9322554,255805837,Portugal,141,,7.33,2024-01-08 15:29:00,2024-01-08 23:58:00,Moerdijk,Moerdijk,MARTICO SL
51449-1,36A,TERMINAL CATALUNYA SA,19-22,FAITH,9301108,255802760,Portugal,155,,6.97,2024-01-09 05:55:00,2024-01-09 17:53:00,Koper,Koper,MARTICO SL
51476-1,36A,TERMINAL CATALUNYA SA,12-17,ROBIN 4,9399741,636017360,Libèria,225.04,,12.2,2024-01-10 07:16:00,2024-01-11 01:06:00,Vado Ligure,Algeciras,NOATUM MARITIME SPAIN SAU
51545-1,36A,TERMINAL CATALUNYA SA,19-22,WILHELMINE,9324954,255806271,Portugal,148,23.25,8.5,2024-01-10 16:06:00,2024-01-11 02:40:00,Koper,Koper,MARTICO SL
51379-1,36A,TERMINAL CATALUNYA SA,23-30,MSC BEIJING,9289099,255806376,Portugal,325,,14.5,2024-01-10 22:21:00,2024-01-11 07:12:00,La Spezia,Valencia,MEDITERRANEAN SHIPPING COM ESPAÑA SLU
51531-1,36A,TERMINAL CATALUNYA SA,11-16,MSC SAMANTHA VI,9110377,356249000,Panamà,274.67,40,14.02,2024-01-11 03:14:00,2024-01-12 07:01:00,Las Palmas,Gioia Tauro,MEDITERRANEAN SHIPPING COM ESPAÑA SLU
51565-1,36A,TERMINAL CATALUNYA SA,17-21,MSC KATALIN II,9232656,636017244,Libèria,184.1,25.3,9.85,2024-01-11 04:38:00,2024-01-11 15:25:00,Valencia,Alger (Algiers),MEDITERRANEAN SHIPPING COM ESPAÑA SLU
51604-1,36A,TERMINAL CATALUNYA SA,17-21,NORA MAERSK,9192478,477642600,Hong Kong,198.6,,11.15,2024-01-12 02:01:00,2024-01-12 09:10:00,Tanger Med,Fos-sur-Mer,NOATUM MARITIME SPAIN SAU
51466-1,36A,TERMINAL CATALUNYA SA,12-16,MSC ORTOLAN II,9401685,636022277,Libèria,175.53,27.4,10.9,2024-01-12 23:04:00,2024-01-13 05:47:00,Valencia,Bejaia (ex Bougie),MEDITERRANEAN SHIPPING COM ESPAÑA SLU
51455-1,36A,TERMINAL CATALUNYA SA,19-21,WEC VAN GOGH,9246566,212641000,Xipre,134.44,22.5,8.71,2024-01-13 00:42:00,2024-01-13 11:22:00,Valencia,Valencia,WEC LINES ESPAÑA SLU
51446-3,36A,TERMINAL CATALUNYA SA,19-21,SOLONG,9322554,255805837,Portugal,141,,7.33,2024-01-13 12:58:00,2024-01-13 21:46:00,Moerdijk,Moerdijk,MARTICO SL
51533-1,36A,TERMINAL CATALUNYA SA,12-15,ANDANTE,9354387,255805845,Portugal,134,,8.71,2024-01-13 21:20:00,2024-01-14 03:36:00,Valencia,Malta Freeport Distripark,CMA CGM IBERICA SAU
51449-3,36A,TERMINAL CATALUNYA SA,18-21,FAITH,9301108,255802760,Portugal,155,,6.97,2024-01-13 22:35:00,2024-01-14 09:23:00,Koper,Koper,MARTICO SL
51545-3,36A,TERMINAL CATALUNYA SA,12-15,WILHELMINE,9324954,255806271,Portugal,148,23.25,8.5,2024-01-14 04:54:00,2024-01-14 14:57:00,Koper,Koper,MARTICO SL
51383-1,36A,TERMINAL CATALUNYA SA,23-29,MSC MELISSA,9226918,354340000,Panamà,303.89,40,14.5,2024-01-14 16:53:00,2024-01-15 10:31:00,Valencia,Gioia Tauro,MEDITERRANEAN SHIPPING COM ESPAÑA SLU
51386-1,36A,TERMINAL CATALUNYA SA,24-30,MSC NURIA,9349825,370273000,Panamà,274.95,32.2,13.5,2024-01-15 12:34:00,2024-01-15 21:39:00,Valencia,Marsaxlokk,MEDITERRANEAN SHIPPING COM ESPAÑA SLU
51402-1,36A,TERMINAL CATALUNYA SA,12-17,MSC PORTO III,9299020,636018191,Libèria,208,,11.4,2024-01-15 12:44:00,2024-01-16 04:23:00,King Abdullah City,Genoa,MEDITERRANEAN SHIPPING COM ESPAÑA SLU
51779-1,36A,TERMINAL CATALUNYA SA,24-29,MSC SANDRA,9203954,355305000,Panamà,274,,10,2024-01-15 23:33:00,2024-01-16 18:20:00,La Spezia,Valencia,MEDITERRANEAN SHIPPING COM ESPAÑA SLU
51400-2,36A,TERMINAL CATALUNYA SA,20-22,WEC MAJORELLE,9134153,210312000,Xipre,122,18.2,6.69,2024-01-16 00:52:00,2024-01-16 03:41:00,Valencia,Algeciras,A PEREZ Y CIA SL
51713-1,36A,TERMINAL CATALUNYA SA,20-22,BF ESPERANZA,9252785,304907000,Antigua i Barbuda,134.44,,8.71,2024-01-16 06:47:00,2024-01-16 21:45:00,Tanger Med,Alger (Algiers),NOATUM MARITIME SPAIN SAU
51654-1,36A,TERMINAL CATALUNYA SA,21-25,NORA MAERSK,9192478,477642600,Hong Kong,198.6,,11.15,2024-01-17 00:08:00,2024-01-17 19:10:00,Vado Ligure,Algeciras,NOATUM MARITIME SPAIN SAU
51467-1,36A,TERMINAL CATALUNYA SA,22-29,MSC SUSANNA,9290543,371466000,Panamà,336.67,,15.5,2024-01-18 04:51:00,2024-01-18 15:38:00,La Spezia,Valencia,MEDITERRANEAN SHIPPING COM ESPAÑA SLU
51647-1,36A,TERMINAL CATALUNYA SA,12-16,ROBIN 4,9399741,636017360,Libèria,225.04,,12.2,2024-01-18 09:06:00,2024-01-19 01:12:00,Tanger Med,Fos-sur-Mer,NOATUM MARITIME SPAIN SAU
51471-1,36A,TERMINAL CATALUNYA SA,23-29,MSC LISA,9281279,353968000,Panamà,294.1,,13.5,2024-01-18 18:10:00,2024-01-19 10:41:00,Anvers,Gioia Tauro,MEDITERRANEAN SHIPPING COM ESPAÑA SLU
51702-1,36A,TERMINAL CATALUNYA SA,17-20,ANDANTE,9354387,255805845,Portugal,134,,8.71,2024-01-18 19:36:00,2024-01-19 06:02:00,Marseille,Marseille,CMA CGM IBERICA SAU
51586-1,36A,TERMINAL CATALUNYA SA,12-16,MSC PAXI II,9256391,636023185,Libèria,176,27.4,10.9,2024-01-19 03:01:00,2024-01-19 12:26:00,Valencia,Bejaia (ex Bougie),MEDITERRANEAN SHIPPING COM ESPAÑA SLU
51842-1,36A,TERMINAL CATALUNYA SA,21-26,CELSIUS BOSTON,9315355,538009604,Illes Marshall,246.86,,12.3,2024-01-19 13:37:00,2024-01-20 06:54:00,Dakar,Algeciras,NOATUM MARITIME SPAIN SAU
51470-1,36A,TERMINAL CATALUNYA SA,12-19,MSC VIRGINIA,9908059,636021366,Libèria,335,,17.02,2024-01-19 14:33:00,2024-01-20 08:12:00,Genoa,Valencia,MEDITERRANEAN SHIPPING COM ESPAÑA SLU
51518-1,36A,TERMINAL CATALUNYA SA,27-30,WEC VERMEER,9237371,209177000,Xipre,134.55,,8.7,2024-01-19 23:46:00,2024-01-20 08:24:00,Valencia,Valencia,WEC LINES ESPAÑA SLU
51889-1,36A,TERMINAL CATALUNYA SA,12-20,APL VANDA,9631993,566954000,Singapur,397.56,,16,2024-01-20 12:24:00,2024-01-22 00:18:00,Fos-sur-Mer,Valencia,CMA CGM IBERICA SAU
51472-1,36A,TERMINAL CATALUNYA SA,23-29,MSC CATERINA,9705005,255806492,Portugal,299.95,,14.6,2024-01-20 22:38:00,2024-01-21 09:28:00,La Spezia,Valencia,MEDITERRANEAN SHIPPING COM ESPAÑA SLU
51855-1,36A,TERMINAL CATALUNYA SA,24-29,MSC TAMARA,9351579,354745000,Panamà,265,32.25,10,2024-01-21 10:52:00,2024-01-21 21:59:00,Valencia,Napoli,MEDITERRANEAN SHIPPING COM ESPAÑA SLU
51401-1,36A,TERMINAL CATALUNYA SA,23-29,MSC SHRISTI,9293442,636020334,Libèria,294.12,,13.52,2024-01-21 23:44:00,2024-01-22 06:46:00,Aliaga,Valencia,MEDITERRANEAN SHIPPING COM ESPAÑA SLU
51828-1,36A,TERMINAL CATALUNYA SA,12-17,MSC HANNAH,9316347,351400000,Panamà,211,,12.02,2024-01-22 02:46:00,2024-01-23 02:23:00,Alger (Algiers),Alger (Algiers),MEDITERRANEAN SHIPPING COM ESPAÑA SLU
51707-1,36A,TERMINAL CATALUNYA SA,3-11,MSC SAMAR,9839442,371047000,Panamà,399.93,61.51,16.5,2024-01-22 05:36:00,2024-01-25 19:58:00,Valencia,Gioia Tauro,MEDITERRANEAN SHIPPING COM ESPAÑA SLU
51945-1,36A,TERMINAL CATALUNYA SA,24-29,JPO GEMINI,9294020,636091995,Libèria,207.37,,11.4,2024-01-22 08:09:00,2024-01-23 00:13:00,Tema,Tanger Med,NOATUM MARITIME SPAIN SAU
51473-1,36A,TERMINAL CATALUNYA SA,25-29,MSC NADRIELY,9149328,636016805,Libèria,208.12,29.8,11.4,2024-01-23 01:32:00,2024-01-24 03:11:00,La Spezia,Valencia,MEDITERRANEAN SHIPPING COM ESPAÑA SLU
51405-2,36A,TERMINAL CATALUNYA SA,21-24,K-RIVER,9138355,255805995,Portugal,121.99,,6.69,2024-01-23 11:09:00,2024-01-23 22:23:00,Valencia,Algeciras,A PEREZ Y CIA SL
51535-1,36A,TERMINAL CATALUNYA SA,18-21,CMA CGM BLOSSOM,9962524,352001685,Panamà,141.93,22.5,8.21,2024-01-24 07:32:00,2024-01-24 20:56:00,Bejaia (ex Bougie),Marseille,CMA CGM IBERICA SAU
51783-1,36A,TERMINAL CATALUNYA SA,12-16,ROBIN 4,9399741,636017360,Libèria,225.04,,12.2,2024-01-24 08:01:00,2024-01-25 00:41:00,Vado Ligure,Algeciras,NOATUM MARITIME SPAIN SAU
51926-1,36A,TERMINAL CATALUNYA SA,20-25,MSC BERN V,9362449,255806449,Portugal,260.89,,10,2024-01-24 22:28:00,2024-01-25 04:52:00,Tekirdag,Valencia,MEDITERRANEAN SHIPPING COM ESPAÑA SLU
51873-1,36A,TERMINAL CATALUNYA SA,20-26,CHICAGO,9248162,255805676,Portugal,279,,14.02,2024-01-25 08:12:00,2024-01-26 13:01:00,Colombo,Koper,MARTICO SL
51829-1,36A,TERMINAL CATALUNYA SA,5-11,MSC ORIANE,9372482,353289000,Panamà,277.3,,14.5,2024-01-25 22:03:00,2024-01-26 06:02:00,Anvers,Valencia,MEDITERRANEAN SHIPPING COM ESPAÑA SLU
51907-1,36A,TERMINAL CATALUNYA SA,3-6,WILHELMINE,9324954,255806271,Portugal,148,,8.5,2024-01-26 06:56:00,2024-01-27 09:19:00,Koper,Moerdijk,MARTICO SL
51784-1,36A,TERMINAL CATALUNYA SA,7-11,NORA MAERSK,9192478,477642600,Hong Kong,198.6,,11.15,2024-01-26 07:17:00,2024-01-27 09:24:00,Vado Ligure,Algeciras,NOATUM MARITIME SPAIN SAU
51872-1,36A,TERMINAL CATALUNYA SA,12-19,MSC GIUSY,9947134,636023268,Libèria,365.94,,10,2024-01-26 09:31:00,2024-01-27 05:20:00,Fos-sur-Mer,Valencia,MEDITERRANEAN SHIPPING COM ESPAÑA SLU
51846-1,36A,TERMINAL CATALUNYA SA,23-26,WEC VAN GOGH,9246566,212641000,Xipre,134.44,,8.71,2024-01-26 14:03:00,2024-01-27 03:23:00,Valencia,Valencia,WEC LINES ESPAÑA SLU
51986-1,36A,TERMINAL CATALUNYA SA,27-30,SOLONG,9322554,255805837,Portugal,141,21.8,7.33,2024-01-27 01:07:00,2024-01-27 15:00:00,Moerdijk,Anvers,MARTICO SL
51987-1,36A,TERMINAL CATALUNYA SA,23-26,FAITH,9301108,255802760,Portugal,155,21.5,6.97,2024-01-27 04:40:00,2024-01-27 15:59:00,Koper,Moerdijk,MARTICO SL
51534-1,36A,TERMINAL CATALUNYA SA,19-22,ANDANTE,9354387,255805845,Portugal,134,22.5,8.71,2024-01-27 06:26:00,2024-01-27 18:27:00,Djen-Djen,Marseille,CMA CGM IBERICA SAU
51475-1,36A,TERMINAL CATALUNYA SA,12-18,MSC CLEA,9720524,255805930,Portugal,299.84,48.2,14.5,2024-01-27 08:03:00,2024-01-28 02:31:00,Valencia,Genoa,MEDITERRANEAN SHIPPING COM ESPAÑA SLU
51957-1,36A,TERMINAL CATALUNYA SA,7-11,FIONA,9149885,636023461,Libèria,184.06,25.3,9.88,2024-01-27 10:23:00,2024-01-28 07:59:00,Skikda (ex Philippeville),Skikda (ex Philippeville),MEDITERRANEAN SHIPPING COM ESPAÑA SLU
51520-1,36A,TERMINAL CATALUNYA SA,3-5,CONTSHIP ANA,9308596,636020814,Libèria,139,22.6,8.8,2024-01-27 11:00:00,2024-01-28 03:22:00,Tanger Med,Alger (Algiers),NOATUM MARITIME SPAIN SAU
51984-1,36A,TERMINAL CATALUNYA SA,19-23,MSC IRA II,9323493,636023306,Libèria,176.9,27.4,10.9,2024-01-27 20:08:00,2024-01-28 09:24:00,Valencia,Annaba (ex Bone),MEDITERRANEAN SHIPPING COM ESPAÑA SLU
51785-1,36A,TERMINAL CATALUNYA SA,2-5,AVA D,9306225,255705000,Portugal,168,,10.2,2024-01-28 04:15:00,2024-01-28 23:02:00,Tanger Med,Bejaia (ex Bougie),NOATUM MARITIME SPAIN SAU
52126-1,36A,TERMINAL CATALUNYA SA,13-17,MAERSK JAIPUR,9343974,248207000,Malta,222.2,30,12.02,2024-01-28 05:54:00,2024-01-28 13:49:00,Castellon de la Plana,Piraeus,NOATUM MARITIME SPAIN SAU
51530-1,36A,TERMINAL CATALUNYA SA,20-26,MSC CORNELIA,9426817,636017514,Libèria,293.89,,13.5,2024-01-29 04:55:00,2024-01-30 01:22:00,Halifax,Livorno,MEDITERRANEAN SHIPPING COM ESPAÑA SLU
51593-1,36A,TERMINAL CATALUNYA SA,3-10,MSC PINA,9339272,372973000,Panamà,336.69,,15.5,2024-01-29 06:53:00,2024-01-29 21:25:00,La Spezia,Valencia,MEDITERRANEAN SHIPPING COM ESPAÑA SLU
51594-1,36A,TERMINAL CATALUNYA SA,12-19,MSC CARLOTTA,9756731,636018106,Libèria,314.36,,14.62,2024-01-29 11:37:00,2024-01-29 22:03:00,La Spezia,Valencia,MEDITERRANEAN SHIPPING COM ESPAÑA SLU
51780-1,36A,TERMINAL CATALUNYA SA,12-18,MSC SANDRA,9203954,355305000,Panamà,274,,10,2024-01-29 23:27:00,2024-01-31 00:52:00,La Spezia,Valencia,MEDITERRANEAN SHIPPING COM ESPAÑA SLU
51813-1,36A,TERMINAL CATALUNYA SA,26-29,DELPHIS BOTHNIA,9763710,477537200,Hong Kong,177.56,,9.5,2024-01-30 03:15:00,2024-01-30 18:30:00,Valencia,Piraeus,COSCO SHIPPING LINES SPAIN SA
52163-1,36A,TERMINAL CATALUNYA SA,20-24,TIGER,9307841,636092140,Libèria,207.46,,11.4,2024-01-30 19:38:00,2024-01-31 11:00:00,Ningbo,Rotterdam,MARTICO SL
51886-1,36A,TERMINAL CATALUNYA SA,25-30,ROBIN 4,9399741,636017360,Libèria,225.04,,12.2,2024-01-30 21:52:00,2024-01-31 06:50:00,Tanger Med,Fos-sur-Mer,NOATUM MARITIME SPAIN SAU
51781-1,36A,TERMINAL CATALUNYA SA,12-18,MSC FREEPORT,9301330,636021888,Libèria,294,32.2,10,2024-01-31 02:14:00,2024-01-31 11:31:00,Valencia,Marsaxlokk,MEDITERRANEAN SHIPPING COM ESPAÑA SLU
51960-1,36A,TERMINAL CATALUNYA SA,20-24,MSC PAXI II,9256391,636023185,Libèria,176,27.4,10.9,2024-01-31 12:46:00,2024-02-01 16:17:00,Bejaia (ex Bougie),Bejaia (ex Bougie),MEDITERRANEAN SHIPPING COM ESPAÑA SLU
51591-1,36A,TERMINAL CATALUNYA SA,12-19,MSC FAITH,9842085,636019213,Libèria,365.86,,15,2024-01-31 13:46:00,2024-02-01 20:32:00,Fos-sur-Mer,Valencia,MEDITERRANEAN SHIPPING COM ESPAÑA SLU
52159-1,36A,TERMINAL CATALUNYA SA,26-29,CMA CGM BLOSSOM,9962524,352001685,Panamà,142,,8.21,2024-01-31 14:48:00,2024-01-31 19:38:00,Marseille,Djen-Djen,CMA CGM IBERICA SAU
51655-1,36A,TERMINAL CATALUNYA SA,25-29,NORA MAERSK,9192478,477642600,Hong Kong,198.6,,11.15,2024-01-31 22:08:00,2024-02-01 11:07:00,Vado Ligure,Algeciras,NOATUM MARITIME SPAIN SAU
51810-2,36A,TERMINAL CATALUNYA SA,5-7,K-OCEAN,9143972,255805996,Portugal,121.76,18.2,6.69,2024-01-31 22:47:00,2024-02-01 08:55:00,Valencia,Algeciras,A PEREZ Y CIA SL
51648-1,36A,TERMINAL CATALUNYA SA,5-11,PORTO CHELI,9221839,636020869,Libèria,300,40,14.52,2024-02-01 12:17:00,2024-02-02 05:15:00,La Spezia,Algeciras,NOATUM MARITIME SPAIN SAU
52200-1,36A,TERMINAL CATALUNYA SA,27-30,MSC NINA F,9308584,255805969,Portugal,139,,8.8,2024-02-01 14:57:00,2024-02-02 05:59:00,Alger (Algiers),Fos-sur-Mer,MEDITERRANEAN SHIPPING COM ESPAÑA SLU
51716-1,36A,TERMINAL CATALUNYA SA,22-26,GREEN SEA,9865996,563102100,Singapur,172.07,,9.77,2024-02-02 04:21:00,2024-02-02 16:35:00,Valencia,Genoa,A PEREZ Y CIA SL
51711-1,36A,TERMINAL CATALUNYA SA,4-10,MSC NURIA,9349825,370273000,Panamà,274.95,,13.5,2024-02-02 06:51:00,2024-02-03 05:23:00,Aliaga,Valencia,MEDITERRANEAN SHIPPING COM ESPAÑA SLU
52032-1,36A,TERMINAL CATALUNYA SA,18-21,WEC VERMEER,9237371,209177000,Xipre,134.55,,8.7,2024-02-02 11:05:00,2024-02-03 00:29:00,Valencia,Valencia,WEC LINES ESPAÑA SLU
51712-1,36A,TERMINAL CATALUNYA SA,11-17,MSC AGADIR,9619464,477001100,Hong Kong,299.18,48.2,14.52,2024-02-02 11:38:00,2024-02-03 13:59:00,Valencia,Livorno,MEDITERRANEAN SHIPPING COM ESPAÑA SLU
51673-1,36A,TERMINAL CATALUNYA SA,24-29,CMA CGM BETTER WAYS,9950557,256587000,Malta,272,,15,2024-02-02 23:49:00,2024-02-03 12:27:00,Marseille,Valencia,CMA CGM IBERICA SAU
52172-1,36A,TERMINAL CATALUNYA SA,18-22,MAERSK VALLETTA,9833369,563154500,Singapur,171.99,,9.5,2024-02-03 06:42:00,2024-02-03 12:44:00,Algeciras,Bejaia (ex Bougie),NOATUM MARITIME SPAIN SAU
51831-1,36A,TERMINAL CATALUNYA SA,23-29,MSC JULIE,9704996,255806498,Portugal,299.96,,14.5,2024-02-03 13:51:00,2024-02-04 05:28:00,La Spezia,Valencia,MEDITERRANEAN SHIPPING COM ESPAÑA SLU
52106-1,36A,TERMINAL CATALUNYA SA,13-17,DELPHIS FINLAND,9763722,477858700,Hong Kong,177.53,,9.5,2024-02-03 15:15:00,2024-02-04 00:35:00,Algeciras,Piraeus,COSCO SHIPPING LINES SPAIN SA
52209-1,36A,TERMINAL CATALUNYA SA,19-25,CHICAGO,9248162,255805676,Portugal,279,40.3,14.02,2024-02-04 10:43:00,2024-02-05 04:34:00,Colombo,Qingdao,MARTICO SL
52183-1,36A,TERMINAL CATALUNYA SA,26-29,MERITO,9167942,249096000,Malta,150,,8.6,2024-02-04 15:38:00,2024-02-05 07:52:00,Annaba (ex Bone),Alger (Algiers),MEDITERRANEAN SHIPPING COM ESPAÑA SLU
51834-1,36A,TERMINAL CATALUNYA SA,12-18,MSC SAO PAULO V,9147071,636016492,Libèria,294,,10,2024-02-04 21:53:00,2024-02-05 18:49:00,Montreal,Gioia Tauro,MEDITERRANEAN SHIPPING COM ESPAÑA SLU
51595-1,36A,TERMINAL CATALUNYA SA,24-29,MSC NIOVI VIII,9290488,636022795,Libèria,300,42.8,14.5,2024-02-05 18:08:00,2024-02-06 15:37:00,Algeciras,Gioia Tauro,MEDITERRANEAN SHIPPING COM ESPAÑA SLU
51830-1,36A,TERMINAL CATALUNYA SA,3-11,MSC NELA,9839296,356234000,Panamà,400,61,16.5,2024-02-06 00:53:00,2024-02-09 06:52:00,Valencia,Gioia Tauro,MEDITERRANEAN SHIPPING COM ESPAÑA SLU
51925-1,36A,TERMINAL CATALUNYA SA,12-18,MSC ALTAMIRA,9619426,636015664,Libèria,299,48.2,14.52,2024-02-06 04:23:00,2024-02-08 06:57:00,Valencia,Gioia Tauro,MEDITERRANEAN SHIPPING COM ESPAÑA SLU
52211-1,36A,TERMINAL CATALUNYA SA,20-23,MEDKON NLS,9390812,352921000,Panamà,133,,7.22,2024-02-06 15:00:00,2024-02-07 02:28:00,Annaba (ex Bone),Marseille,CMA CGM IBERICA SAU
52282-1,36A,TERMINAL CATALUNYA SA,26-29,MSC IRA II,9323493,636023306,Libèria,176.9,,10.9,2024-02-07 05:14:00,2024-02-07 12:10:00,Valencia,Bejaia (ex Bougie),MEDITERRANEAN SHIPPING COM ESPAÑA SLU
52216-1,36A,TERMINAL CATALUNYA SA,20-23,BARBARA P,9144720,255805600,Portugal,138.97,,9.19,2024-02-07 05:55:00,2024-02-07 11:43:00,Sagunto,Sagunto,SOLUCIONES INTEGRALES MARITIMAS SLU
52181-1,36A,TERMINAL CATALUNYA SA,19-23,ROBIN 4,9399741,636017360,Libèria,225.04,,12.2,2024-02-07 13:07:00,2024-02-08 04:11:00,Vado Ligure,Algeciras,NOATUM MARITIME SPAIN SAU
51832-1,36A,TERMINAL CATALUNYA SA,24-30,MSC ADONIS,9706310,636021251,Libèria,299.99,48.4,10,2024-02-08 00:42:00,2024-02-09 12:59:00,Valencia,Genoa,MEDITERRANEAN SHIPPING COM ESPAÑA SLU
51946-1,36A,TERMINAL CATALUNYA SA,19-22,WEC MAJORELLE,9134153,210312000,Xipre,122,18.2,6.69,2024-02-08 05:23:00,2024-02-08 12:17:00,Valencia,Algeciras,A PEREZ Y CIA SL
51888-1,36A,TERMINAL CATALUNYA SA,12-16,NORA MAERSK,9192478,477642600,Hong Kong,198.6,,11.15,2024-02-08 07:54:00,2024-02-09 00:14:00,Tanger Med,Fos-sur-Mer,NOATUM MARITIME SPAIN SAU
51588-1,36A,TERMINAL CATALUNYA SA,17-22,ELBSPIRIT,9372860,636091619,Libèria,238.86,32.22,12,2024-02-08 13:18:00,2024-02-09 04:47:00,Monrovia,Algeciras,CMA CGM IBERICA SAU
52127-1,36A,TERMINAL CATALUNYA SA,15-20,PANDA 001,9290787,255805780,Portugal,276,40,14,2024-02-09 06:05:00,2024-02-10 07:28:00,Koper,Koper,MARTICO SL
51883-1,36A,TERMINAL CATALUNYA SA,11-14,BF ESPERANZA,9252785,304907000,Antigua i Barbuda,134.44,,8.71,2024-02-09 08:14:00,2024-02-09 17:15:00,Tanger Med,Alger (Algiers),NOATUM MARITIME SPAIN SAU
51979-1,36A,TERMINAL CATALUNYA SA,4-10,MSC MARIANNA,9226920,352335000,Panamà,303.94,40,10,2024-02-09 09:17:00,2024-02-10 03:17:00,La Spezia,Valencia,MEDITERRANEAN SHIPPING COM ESPAÑA SLU
51981-1,36A,TERMINAL CATALUNYA SA,23-29,MSC LEANDRA V,9313943,255803590,Portugal,294,32.18,13.45,2024-02-09 15:07:00,2024-02-10 12:11:00,Aliaga,Valencia,MEDITERRANEAN SHIPPING COM ESPAÑA SLU
52216-3,36A,TERMINAL CATALUNYA SA,11-14,BARBARA P,9144720,255805600,Portugal,138.97,,9.19,2024-02-09 18:42:00,2024-02-10 00:51:00,Sagunto,Sagunto,SOLUCIONES INTEGRALES MARITIMAS SLU
52220-1,36A,TERMINAL CATALUNYA SA,11-14,CONTSHIP ANA,9308596,636020814,Libèria,139,22.6,8.8,2024-02-10 01:52:00,2024-02-10 18:37:00,Tanger Med,Alger (Algiers),NOATUM MARITIME SPAIN SAU
51978-1,36A,TERMINAL CATALUNYA SA,4-9,MSC ANNICK,9169122,636017581,Libèria,260.66,32.25,12.52,2024-02-10 05:00:00,2024-02-11 03:47:00,La Spezia,Valencia,MEDITERRANEAN SHIPPING COM ESPAÑA SLU
51676-1,36A,TERMINAL CATALUNYA SA,15-20,KRISTINA,9641223,538004913,Illes Marshall,270.07,,14.5,2024-02-10 09:08:00,2024-02-10 19:50:00,Marseille,Valencia,CMA CGM IBERICA SAU
51880-1,36A,TERMINAL CATALUNYA SA,22-29,MSC VICTORINE,9946867,636023266,Libèria,366,51,17,2024-02-10 13:47:00,2024-02-12 19:54:00,Fos-sur-Mer,Valencia,MEDITERRANEAN SHIPPING COM ESPAÑA SLU
52366-1,36A,TERMINAL CATALUNYA SA,18-21,CONTSHIP JET,9348625,636019532,Libèria,159.8,24.8,9.5,2024-02-10 20:48:00,2024-02-12 02:45:00,Piraeus,Moerdijk,MARTICO SL
51833-1,36A,TERMINAL CATALUNYA SA,11-17,MSC MARIA CLARA,9287900,636020899,Libèria,294,32.2,13.5,2024-02-10 21:34:00,2024-02-12 05:38:00,Valencia,Marsaxlokk,MEDITERRANEAN SHIPPING COM ESPAÑA SLU
52204-1,36A,TERMINAL CATALUNYA SA,7-10,WEC VAN GOGH,9246566,212641000,Xipre,134.44,22.5,8.71,2024-02-11 07:19:00,2024-02-12 02:57:00,Valencia,Valencia,WEC LINES ESPAÑA SLU
52312-1,36A,TERMINAL CATALUNYA SA,3-6,SOLONG,9322554,255805837,Portugal,141,21.8,7.33,2024-02-11 14:21:00,2024-02-12 00:44:00,Anvers,Anvers,MARTICO SL
52309-2,36A,TERMINAL CATALUNYA SA,18-21,WILHELMINE,9324954,255806271,Portugal,148,23.25,8.5,2024-02-12 03:51:00,2024-02-13 00:01:00,Koper,Moerdijk,MARTICO SL
51809-1,36A,TERMINAL CATALUNYA SA,4-10,MSC MELISSA,9226918,354340000,Panamà,303.89,40,10,2024-02-12 04:48:00,2024-02-12 18:36:00,Valencia,Gioia Tauro,MEDITERRANEAN SHIPPING COM ESPAÑA SLU
52378-1,36A,TERMINAL CATALUNYA SA,11-17,MSC SHRISTI,9293442,636020334,Libèria,294.12,32.2,10,2024-02-12 07:30:00,2024-02-13 02:17:00,Portbury,La Spezia,MEDITERRANEAN SHIPPING COM ESPAÑA SLU
51982-1,36A,TERMINAL CATALUNYA SA,23-29,MSC AGRIGENTO,9618276,357096000,Panamà,300.02,48.2,14.5,2024-02-12 22:39:00,2024-02-13 20:09:00,Algeciras,Gioia Tauro,MEDITERRANEAN SHIPPING COM ESPAÑA SLU
52332-1,36A,TERMINAL CATALUNYA SA,18-22,FIONA,9149885,636023461,Libèria,184.06,25.3,9.88,2024-02-13 01:49:00,2024-02-13 14:44:00,Valencia,Skikda (ex Philippeville),MEDITERRANEAN SHIPPING COM ESPAÑA SLU
52037-1,36A,TERMINAL CATALUNYA SA,11-17,MSC LILY,9704960,255806489,Portugal,299.95,48.2,14.5,2024-02-13 04:08:00,2024-02-14 02:52:00,La Spezia,Valencia,MEDITERRANEAN SHIPPING COM ESPAÑA SLU
52113-1,36A,TERMINAL CATALUNYA SA,18-22,MIMMI SCHULTE,9743473,563024600,Singapur,188.85,,10.5,2024-02-13 16:06:00,2024-02-13 22:35:00,Algeciras,Piraeus,ORIENT OVERSEAS CONTAINER LINE SPAIN SL
52381-1,36A,TERMINAL CATALUNYA SA,23-26,SONATA,9316103,277562000,Lituània,148,23.25,8.51,2024-02-13 22:13:00,2024-02-14 05:31:00,Valencia,Annaba (ex Bone),MEDITERRANEAN SHIPPING COM ESPAÑA SLU
52311-1,36A,TERMINAL CATALUNYA SA,18-22,LUTETIA,9246695,636090856,Libèria,220.48,32.24,12.17,2024-02-14 00:48:00,2024-02-14 06:57:00,Freetown,Valencia,CMA CGM IBERICA SAU
52426-1,36A,TERMINAL CATALUNYA SA,12-16,NORA MAERSK,9192478,477642600,Hong Kong,198.6,,11.15,2024-02-14 05:01:00,2024-02-14 16:37:00,Vado Ligure,Algeciras,NOATUM MARITIME SPAIN SAU
52214-1,36A,TERMINAL CATALUNYA SA,23-26,JONA SOPHIE,9144718,255805601,Portugal,139,,9.19,2024-02-14 06:30:00,2024-02-14 16:25:00,Sagunto,Sagunto,SOLUCIONES INTEGRALES MARITIMAS SLU
52447-1,36A,TERMINAL CATALUNYA SA,18-21,ALEXANDER MAERSK,9164237,219470000,Dinamarca,155,,9.52,2024-02-14 08:35:00,2024-02-14 17:48:00,Algeciras,Bejaia (ex Bougie),NOATUM MARITIME SPAIN SAU
52057-1,36A,TERMINAL CATALUNYA SA,3-11,MSC APOLLINE,9896983,636020542,Libèria,399.77,61,10,2024-02-14 14:29:00,2024-02-17 22:18:00,Valencia,Gioia Tauro,MEDITERRANEAN SHIPPING COM ESPAÑA SLU
52310-1,36A,TERMINAL CATALUNYA SA,27-30,FAITH,9301108,255802760,Portugal,155,21.5,6.97,2024-02-14 16:05:00,2024-02-16 05:32:00,Koper,Moerdijk,MARTICO SL
52227-1,36A,TERMINAL CATALUNYA SA,12-19,MSC CANDICE,9339284,352871000,Panamà,337,45.6,10,2024-02-14 19:43:00,2024-02-15 03:07:00,Valencia,Gioia Tauro,MEDITERRANEAN SHIPPING COM ESPAÑA SLU
52430-1,36A,TERMINAL CATALUNYA SA,21-25,ROBIN 4,9399741,636017360,Libèria,225.04,,12.2,2024-02-14 20:00:00,2024-02-15 09:10:00,Vado Ligure,Algeciras,NOATUM MARITIME SPAIN SAU
51985-1,36A,TERMINAL CATALUNYA SA,12-19,MSC LUISA,9225677,355308000,Panamà,299.99,,14.5,2024-02-15 04:27:00,2024-02-15 19:22:00,Gioia Tauro,Valencia,MEDITERRANEAN SHIPPING COM ESPAÑA SLU
52125-1,36A,TERMINAL CATALUNYA SA,20-25,MSC TAMARA,9351579,354745000,Panamà,265,32.25,10,2024-02-15 11:08:00,2024-02-16 08:40:00,Aliaga,Valencia,MEDITERRANEAN SHIPPING COM ESPAÑA SLU
52509-1,36A,TERMINAL CATALUNYA SA,12-16,MSC NADRIELY,9149328,636016805,Libèria,208.12,,11.4,2024-02-16 01:53:00,2024-02-16 21:18:00,Alger (Algiers),Marsaxlokk,MEDITERRANEAN SHIPPING COM ESPAÑA SLU
52214-3,36A,TERMINAL CATALUNYA SA,27-30,JONA SOPHIE,9144718,255805601,Portugal,139,,9.19,2024-02-16 05:56:00,2024-02-16 21:06:00,Sagunto,Sagunto,SOLUCIONES INTEGRALES MARITIMAS SLU
52394-1,36A,TERMINAL CATALUNYA SA,23-26,WEC VERMEER,9237371,209177000,Xipre,134.55,,8.7,2024-02-16 09:41:00,2024-02-17 00:16:00,Valencia,Valencia,WEC LINES ESPAÑA SLU
51669-1,36A,TERMINAL CATALUNYA SA,13-19,ALEXIS,9686900,538005958,Illes Marshall,270.9,,14.55,2024-02-16 22:41:00,2024-02-17 09:55:00,Marseille,Valencia,CMA CGM IBERICA SAU
52036-1,36A,TERMINAL CATALUNYA SA,21-28,MSC SHRISTI,9293442,636020334,Libèria,294.12,,10,2024-02-17 01:28:00,2024-02-17 15:48:00,La Spezia,Valencia,MEDITERRANEAN SHIPPING COM ESPAÑA SLU
52170-1,36A,TERMINAL CATALUNYA SA,13-19,MSC ANZU,9710426,255806496,Portugal,299.98,,14.5,2024-02-17 11:37:00,2024-02-18 03:35:00,La Spezia,Valencia,MEDITERRANEAN SHIPPING COM ESPAÑA SLU
52246-1,36A,TERMINAL CATALUNYA SA,20-24,MSC KATALIN II,9232656,636017244,Libèria,184.1,,9.85,2024-02-17 18:00:00,2024-02-18 19:01:00,Bejaia (ex Bougie),Alger (Algiers),MEDITERRANEAN SHIPPING COM ESPAÑA SLU
52599-1,36A,TERMINAL CATALUNYA SA,13-19,PANDA 001,9290787,255805780,Portugal,276,40,14,2024-02-18 04:52:00,2024-02-18 17:02:00,Koper,Algeciras,MARTICO SL
52349-1,36A,TERMINAL CATALUNYA SA,25-29,ZHONG GU DONG HAI,9842322,413215160,Xina,171.95,,9.5,2024-02-18 05:53:00,2024-02-18 14:13:00,Ningbo,Koper,MARTICO SL
52135-1,36A,TERMINAL CATALUNYA SA,5-12,MAERSK SERANGOON,9315214,565449000,Singapur,318,,15.9,2024-02-18 06:03:00,2024-02-19 00:14:00,La Spezia,Valencia,NOATUM MARITIME SPAIN SAU
52114-2,36A,TERMINAL CATALUNYA SA,2-4,K-RIVER,9138355,255805995,Portugal,121.99,,6.69,2024-02-18 18:19:00,2024-02-19 02:43:00,Algeciras,Valencia,A PEREZ Y CIA SL
52171-1,36A,TERMINAL CATALUNYA SA,13-19,MSC ALYSSA,9235050,351473000,Panamà,273.78,,8,2024-02-18 18:20:00,2024-02-19 01:58:00,Genoa,Valencia,MEDITERRANEAN SHIPPING COM ESPAÑA SLU
52457-1,36A,TERMINAL CATALUNYA SA,20-24,MSC ORTOLAN II,9401685,636022277,Libèria,175.53,,10.9,2024-02-18 20:44:00,2024-02-19 07:46:00,Skikda (ex Philippeville),Valencia,MEDITERRANEAN SHIPPING COM ESPAÑA SLU
52331-1,36A,TERMINAL CATALUNYA SA,7-12,AS CONSTANTINA,9308390,636093054,Libèria,221.69,,11.4,2024-02-19 01:10:00,2024-02-19 07:57:00,Genoa,Valencia,COSCO SHIPPING LINES SPAIN SA
52283-1,36A,TERMINAL CATALUNYA SA,2-4,K-OCEAN,9143972,255805996,Portugal,121.76,,6.69,2024-02-19 03:46:00,2024-02-19 09:29:00,Valencia,Algeciras,A PEREZ Y CIA SL
52558-1,36A,TERMINAL CATALUNYA SA,21-25,MSC JIANI,9966934,636023100,Libèria,172,28.4,9.7,2024-02-19 09:19:00,2024-02-19 22:51:00,Djen-Djen,Bejaia (ex Bougie),MEDITERRANEAN SHIPPING COM ESPAÑA SLU
52054-1,36A,TERMINAL CATALUNYA SA,12-20,CMA CGM GALAPAGOS,9894997,228410700,França,366,51,16,2024-02-19 12:14:00,2024-02-20 16:23:00,Valencia,Fos-sur-Mer,CMA CGM IBERICA SAU
52371-1,36A,TERMINAL CATALUNYA SA,8-11,AVA D,9306225,255705000,Portugal,168,,10.2,2024-02-19 12:22:00,2024-02-20 07:57:00,Algeciras,Bejaia (ex Bougie),NOATUM MARITIME SPAIN SAU
52385-1,36A,TERMINAL CATALUNYA SA,26-30,AS ANITA,9470961,636093268,Libèria,189.49,,11.35,2024-02-20 00:18:00,2024-02-20 08:25:00,Algeciras,Piraeus,COSCO SHIPPING LINES SPAIN SA
52472-1,36A,TERMINAL CATALUNYA SA,21-24,DINA TRADER,9354442,255801780,Portugal,138,,7.47,2024-02-20 02:08:00,2024-02-20 19:25:00,Port Said,Fos-sur-Mer,NOATUM MARITIME SPAIN SAU
52206-1,36A,TERMINAL CATALUNYA SA,3-11,MSC FEBE,9839478,372729000,Panamà,399.9,61.5,16.5,2024-02-20 12:08:00,2024-02-23 10:19:00,Valencia,Gioia Tauro,MEDITERRANEAN SHIPPING COM ESPAÑA SLU
52302-1,36A,TERMINAL CATALUNYA SA,12-19,MSC MARIA ELENA,9304423,355919000,Panamà,336.67,,15.5,2024-02-20 18:55:00,2024-02-21 06:43:00,Damietta,Valencia,MEDITERRANEAN SHIPPING COM ESPAÑA SLU
52059-1,36A,TERMINAL CATALUNYA SA,22-28,MSC FREEPORT,9301330,636021888,Libèria,294.05,32.2,13.5,2024-02-20 20:32:00,2024-02-21 07:35:00,Aliaga,Valencia,MEDITERRANEAN SHIPPING COM ESPAÑA SLU
51807-1,36A,TERMINAL CATALUNYA SA,12-19,MSC MAEVA,9289128,371851000,Panamà,324.8,42.8,10,2024-02-21 09:03:00,2024-02-22 10:14:00,Gioia Tauro,Abu Dhabi,MEDITERRANEAN SHIPPING COM ESPAÑA SLU
52215-1,36A,TERMINAL CATALUNYA SA,27-30,BARBARA P,9144720,255805600,Portugal,138.97,,9.19,2024-02-21 09:28:00,2024-02-21 17:48:00,Sagunto,Sagunto,SOLUCIONES INTEGRALES MARITIMAS SLU
52600-1,36A,TERMINAL CATALUNYA SA,21-25,ROBIN 4,9399741,636017360,Libèria,225.04,,12.2,2024-02-21 09:54:00,2024-02-21 19:22:00,Genoa,Algeciras,NOATUM MARITIME SPAIN SAU
52212-1,36A,TERMINAL CATALUNYA SA,27-29,MEDKON NLS,9390812,352921000,Panamà,133,,7.22,2024-02-21 18:58:00,2024-02-22 08:56:00,Djen-Djen,Marseille,CMA CGM IBERICA SAU
52383-1,36A,TERMINAL CATALUNYA SA,20-25,CELSIUS NICOSIA,9330496,538009437,Illes Marshall,238.86,,12,2024-02-21 20:39:00,2024-02-22 03:45:00,Tanger Med,Bejaia (ex Bougie),NOATUM MARITIME SPAIN SAU
52316-1,36A,TERMINAL CATALUNYA SA,21-25,CTM ISTMO,9430870,352003103,Panamà,175.56,27.4,10.9,2024-02-22 05:02:00,2024-02-22 16:15:00,Valencia,Genoa,ANTILLAS SEA AGENCY SL
52696-1,36A,TERMINAL CATALUNYA SA,27-29,BF LETICIA,9266542,209613000,Xipre,134.44,,8.71,2024-02-22 09:48:00,2024-02-23 12:21:00,Oran,Alger (Algiers),NOATUM MARITIME SPAIN SAU
52350-1,36A,TERMINAL CATALUNYA SA,12-18,MSC SANDRA,9203954,355305000,Panamà,274,,10,2024-02-22 11:29:00,2024-02-23 07:29:00,La Spezia,Valencia,MEDITERRANEAN SHIPPING COM ESPAÑA SLU
51877-1,36A,TERMINAL CATALUNYA SA,21-26,CMA CGM AMBARLI,9436422,256019000,Malta,231,32.2,12,2024-02-22 18:55:00,2024-02-23 13:57:00,Marseille,Valencia,CMA CGM IBERICA SAU
52249-1,36A,TERMINAL CATALUNYA SA,12-19,MSC ILENIA,9962548,636023270,Libèria,366,,10,2024-02-23 09:15:00,2024-02-24 17:03:00,Fos-sur-Mer,Valencia,MEDITERRANEAN SHIPPING COM ESPAÑA SLU
52554-1,36A,TERMINAL CATALUNYA SA,5-11,CONSTANTINOS P II,9461623,538007683,Illes Marshall,261.03,,12.6,2024-02-23 12:01:00,2024-02-23 21:16:00,Port Said,Tanger Med,NOATUM MARITIME SPAIN SAU
52215-3,36A,TERMINAL CATALUNYA SA,27-29,BARBARA P,9144720,255805600,Portugal,138.97,,9.19,2024-02-23 13:23:00,2024-02-24 00:58:00,Sagunto,Sagunto,SOLUCIONES INTEGRALES MARITIMAS SLU
52439-1,36A,TERMINAL CATALUNYA SA,22-25,WEC VAN GOGH,9246566,212641000,Xipre,134.44,,8.71,2024-02-23 15:08:00,2024-02-24 01:53:00,Valencia,Valencia,WEC LINES ESPAÑA SLU
52301-1,36A,TERMINAL CATALUNYA SA,5-11,MSC AGRIGENTO,9618276,357096000,Panamà,300.02,,14.5,2024-02-23 23:16:00,2024-02-24 10:56:00,La Spezia,Valencia,MEDITERRANEAN SHIPPING COM ESPAÑA SLU
52505-1,36A,TERMINAL CATALUNYA SA,24-29,WIKING,9708382,218549000,Alemanya,255,,13,2024-02-24 04:19:00,2024-02-24 22:54:00,Colombo,Koper,MARTICO SL
52248-1,36A,TERMINAL CATALUNYA SA,5-11,MSC ALBANY,9619438,636015665,Libèria,299,48.2,14.52,2024-02-24 16:10:00,2024-02-25 17:24:00,Valencia,Livorno,MEDITERRANEAN SHIPPING COM ESPAÑA SLU
52676-1,36A,TERMINAL CATALUNYA SA,19-23,SOLONG,9322554,255805837,Portugal,141,,7.33,2024-02-24 18:24:00,2024-02-25 05:32:00,Anvers,Anvers,MARTICO SL
52473-1,36A,TERMINAL CATALUNYA SA,12-15,DINA TRADER,9354442,255801780,Portugal,138,,7.47,2024-02-25 03:00:00,2024-02-25 20:31:00,Fos-sur-Mer,Fos-sur-Mer,NOATUM MARITIME SPAIN SAU
52169-1,36A,TERMINAL CATALUNYA SA,16-21,MSC BERN V,9362449,255806449,Portugal,260.89,32.25,10,2024-02-25 11:14:00,2024-02-25 21:07:00,Valencia,Marsaxlokk,MEDITERRANEAN SHIPPING COM ESPAÑA SLU
51670-1,36A,TERMINAL CATALUNYA SA,24-30,OLIVIA I,9686912,538005959,Illes Marshall,270.93,,14.55,2024-02-25 12:05:00,2024-02-25 21:37:00,Marseille,Valencia,CMA CGM IBERICA SAU
52794-1,36A,TERMINAL CATALUNYA SA,9-11,ANDROMEDA J,9355422,209850000,Xipre,140,,7.36,2024-02-25 19:24:00,2024-02-26 12:18:00,Hamilton,Moerdijk,MARTICO SL
52712-1,36A,TERMINAL CATALUNYA SA,4-8,MAERSK VALLETTA,9833369,563154500,Singapur,171.99,,9.5,2024-02-25 19:52:00,2024-02-26 08:55:00,Algeciras,Bejaia (ex Bougie),NOATUM MARITIME SPAIN SAU
52471-1,36A,TERMINAL CATALUNYA SA,26-30,DELPHIS GDANSK,9780653,477850500,Hong Kong,177.55,,9.5,2024-02-25 22:50:00,2024-02-26 11:26:00,Algeciras,Piraeus,COSCO SHIPPING LINES SPAIN SA
51983-1,36A,TERMINAL CATALUNYA SA,12-20,MSC ALANYA,9785483,636021123,Libèria,328.46,48.2,16,2024-02-26 11:38:00,2024-02-27 11:28:00,La Spezia,Valencia,MEDITERRANEAN SHIPPING COM ESPAÑA SLU
52168-1,36A,TERMINAL CATALUNYA SA,5-11,MSC AJACCIO,9605267,229625000,Malta,299.84,48.2,14.5,2024-02-26 13:41:00,2024-02-28 22:07:00,Valencia,Valencia,MEDITERRANEAN SHIPPING COM ESPAÑA SLU
51600-1,36A,TERMINAL CATALUNYA SA,21-24,CMA CGM MAPUTO,9491628,229786000,Malta,175.38,27.4,10.9,2024-02-26 17:38:00,2024-02-27 05:32:00,La Spezia,Valencia,CMA CGM IBERICA SAU
52775-1,36A,TERMINAL CATALUNYA SA,26-30,NORA MAERSK,9192478,477642600,Hong Kong,198.6,,11.15,2024-02-27 01:43:00,2024-02-27 14:19:00,Valencia,Vado Ligure,NOATUM MARITIME SPAIN SAU
52400-1,36A,TERMINAL CATALUNYA SA,12-20,MSC AZRA,9932919,255805260,Portugal,364,51,16,2024-02-27 12:57:00,2024-02-29 03:39:00,Fos-sur-Mer,Valencia,MEDITERRANEAN SHIPPING COM ESPAÑA SLU
52697-1,36A,TERMINAL CATALUNYA SA,26-29,RS LISA,9287704,255915596,Portugal,138,,7.47,2024-02-27 16:28:00,2024-02-28 11:09:00,Port Said,Fos-sur-Mer,NOATUM MARITIME SPAIN SAU
52213-1,36A,TERMINAL CATALUNYA SA,26-29,JONA SOPHIE,9144718,255805601,Portugal,139,,9.19,2024-02-28 12:39:00,2024-02-28 21:18:00,Sagunto,Sagunto,SOLUCIONES INTEGRALES MARITIMAS SLU
52462-1,36A,TERMINAL CATALUNYA SA,26-30,MSC PORTO III,9299020,636018191,Libèria,208,29.8,11.4,2024-02-28 21:59:00,2024-03-01 04:09:00,Halifax,La Spezia,MEDITERRANEAN SHIPPING COM ESPAÑA SLU
52375-1,36A,TERMINAL CATALUNYA SA,3-11,MSC CELESTINO MARESCA,9930040,636022516,Libèria,400,61.5,17,2024-02-29 01:16:00,2024-03-04 11:23:00,Valencia,Gioia Tauro,MEDITERRANEAN SHIPPING COM ESPAÑA SLU
52608-1,36A,TERMINAL CATALUNYA SA,12-19,MSC SIYA B,9793947,255806502,Portugal,330,48.2,16,2024-02-29 05:19:00,2024-03-01 10:11:00,Sines,Valencia,MEDITERRANEAN SHIPPING COM ESPAÑA SLU
52635-1,36A,TERMINAL CATALUNYA SA,21-24,BF ESPERANZA,9252785,304907000,Antigua i Barbuda,134.44,22.5,8.71,2024-02-29 06:37:00,2024-02-29 12:51:00,Tanger Med,Alger (Algiers),NOATUM MARITIME SPAIN SAU
52831-1,36A,TERMINAL CATALUNYA SA,21-24,CONTSHIP TOP,9395616,636018000,Libèria,147.87,23.25,8.5,2024-02-29 13:58:00,2024-02-29 20:48:00,Valencia,Annaba (ex Bone),MEDITERRANEAN SHIPPING COM ESPAÑA SLU
52686-1,36A,TERMINAL CATALUNYA SA,21-24,WILHELMINE,9324954,255806271,Portugal,148,23.25,8.5,2024-02-29 21:56:00,2024-03-01 15:08:00,Moerdijk,Moerdijk,MARTICO SL
52213-3,36A,TERMINAL CATALUNYA SA,27-30,JONA SOPHIE,9144718,255805601,Portugal,139,,9.19,2024-03-01 05:46:00,2024-03-02 00:11:00,Sagunto,Sagunto,SOLUCIONES INTEGRALES MARITIMAS SLU
52376-1,36A,TERMINAL CATALUNYA SA,12-18,MSC MARIA CLARA,9287900,636020899,Libèria,294,32.2,13.5,2024-03-01 12:20:00,2024-03-02 09:11:00,Aliaga,Valencia,MEDITERRANEAN SHIPPING COM ESPAÑA SLU
52798-1,36A,TERMINAL CATALUNYA SA,20-26,MSC NURIA,9349825,370273000,Panamà,274.95,32.2,13.5,2024-03-01 15:53:00,2024-03-02 13:42:00,Le Havre,Valencia,MEDITERRANEAN SHIPPING COM ESPAÑA SLU
52840-1,36A,TERMINAL CATALUNYA SA,27-30,ANDANTE,9354387,255805845,Portugal,134,,8.71,2024-03-02 01:00:00,2024-03-02 12:31:00,Marsaxlokk,Fos-sur-Mer,CMA CGM IBERICA SAU
52458-1,36A,TERMINAL CATALUNYA SA,12-18,MSC MICHELA,9720512,255805929,Portugal,299.87,48.19,14.5,2024-03-02 10:43:00,2024-03-03 16:42:00,Valencia,Livorno,MEDITERRANEAN SHIPPING COM ESPAÑA SLU
52703-1,36A,TERMINAL CATALUNYA SA,27-30,CONTSHIP JET,9348625,636019532,Libèria,159.8,24.8,7.3,2024-03-02 12:22:00,2024-03-03 06:53:00,Moerdijk,Moerdijk,MARTICO SL
52827-1,36A,TERMINAL CATALUNYA SA,19-25,MAERSK SENANG,9315240,565482000,Singapur,318,,15.89,2024-03-02 22:33:00,2024-03-04 14:21:00,Algeciras,Gioia Tauro,NOATUM MARITIME SPAIN SAU
52843-1,36A,TERMINAL CATALUNYA SA,27-30,RS LISA,9287704,255915596,Portugal,138,21.3,7.47,2024-03-03 09:14:00,2024-03-05 06:31:00,Fos-sur-Mer,Fos-sur-Mer,NOATUM MARITIME SPAIN SAU
51777-1,36A,TERMINAL CATALUNYA SA,12-16,AS PAOLA,9312418,636092860,Libèria,207.54,,11.4,2024-03-03 18:35:00,2024-03-04 02:15:00,Genoa,Valencia,CMA CGM IBERICA SAU
52868-1,36A,TERMINAL CATALUNYA SA,12-16,KUMASI,9220859,311060500,Bahames,195.6,,11.01,2024-03-04 05:11:00,2024-03-04 12:12:00,Ningbo,Moerdijk,MARTICO SL
51671-1,36A,TERMINAL CATALUNYA SA,12-18,CMA CGM EXCELLENCE,9948217,256482000,Malta,272,42.8,15,2024-03-04 13:34:00,2024-03-05 02:08:00,Marseille,Valencia,CMA CGM IBERICA SAU
52654-1,36A,TERMINAL CATALUNYA SA,5-11,MSC PRATITI,9280861,636016204,Libèria,294.1,32.2,13.5,2024-03-04 15:33:00,2024-03-05 12:33:00,Valencia,Marsaxlokk,MEDITERRANEAN SHIPPING COM ESPAÑA SLU
51959-1,36A,TERMINAL CATALUNYA SA,19-25,MAERSK PUELO,9306172,353117000,Panamà,304,,14,2024-03-04 16:15:00,2024-03-05 08:17:00,La Spezia,Valencia,NOATUM MARITIME SPAIN SAU
52464-1,36A,TERMINAL CATALUNYA SA,12-18,MSC SOFIA PAZ,9695028,636016306,Libèria,299.92,,14.5,2024-03-05 03:53:00,2024-03-06 01:26:00,La Spezia,Valencia,MEDITERRANEAN SHIPPING COM ESPAÑA SLU
52839-1,36A,TERMINAL CATALUNYA SA,27-30,DINA TRADER,9354442,255801780,Portugal,134.44,22.5,8.71,2024-03-05 07:24:00,2024-03-05 22:05:00,Fos-sur-Mer,Fos-sur-Mer,NOATUM MARITIME SPAIN SAU
53004-1,36A,TERMINAL CATALUNYA SA,19-24,WIKING,9708382,218549000,Alemanya,255,,13,2024-03-05 09:40:00,2024-03-06 09:05:00,Koper,Qingdao,MARTICO SL
52829-1,36A,TERMINAL CATALUNYA SA,7-11,GARWOOD,9347255,636016649,Libèria,186,,11.3,2024-03-05 14:13:00,2024-03-06 06:02:00,Algeciras,Bejaia (ex Bougie),NOATUM MARITIME SPAIN SAU
52397-1,36A,TERMINAL CATALUNYA SA,27-30,MEDKON NLS,9390812,352921000,Panamà,133,,7.22,2024-03-05 23:43:00,2024-03-06 14:00:00,Annaba (ex Bone),Marseille,CMA CGM IBERICA SAU
52881-1,36A,TERMINAL CATALUNYA SA,12-18,MSC CORNELIA,9426817,636017514,Libèria,293.89,,13.5,2024-03-06 02:25:00,2024-03-06 13:46:00,Halifax,Livorno,MEDITERRANEAN SHIPPING COM ESPAÑA SLU
53001-1,36A,TERMINAL CATALUNYA SA,7-11,ROBIN 4,9399741,636017360,Libèria,225.04,,12.2,2024-03-06 08:29:00,2024-03-06 19:49:00,Valencia,Genoa,NOATUM MARITIME SPAIN SAU
52284-2,36A,TERMINAL CATALUNYA SA,19-22,WEC MAJORELLE,9134153,210312000,Xipre,122,18.2,6.69,2024-03-06 10:39:00,2024-03-06 17:04:00,Algeciras,Valencia,A PEREZ Y CIA SL
52529-1,36A,TERMINAL CATALUNYA SA,23-26,WEC VERMEER,9237371,209177000,Xipre,134.55,,8.7,2024-03-06 11:17:00,2024-03-07 00:33:00,Valencia,Valencia,WEC LINES ESPAÑA SLU
53000-1,36A,TERMINAL CATALUNYA SA,12-16,MSC JIANI,9966934,636023100,Libèria,172,,9.7,2024-03-06 14:45:00,2024-03-07 16:40:00,Bejaia (ex Bougie),Bejaia (ex Bougie),MEDITERRANEAN SHIPPING COM ESPAÑA SLU
52965-1,36A,TERMINAL CATALUNYA SA,27-30,BARBARA P,9144720,255805600,Portugal,138.97,,9.19,2024-03-06 15:43:00,2024-03-07 01:02:00,Sagunto,Sagunto,SOLUCIONES INTEGRALES MARITIMAS SLU
53037-1,36A,TERMINAL CATALUNYA SA,18-21,ASIATIC NEPTUNE,9366469,352003607,Singapur,148.53,22.7,7.8,2024-03-06 19:02:00,2024-03-07 00:27:00,Koper,Desconegut,MARTICO SL
52510-1,36A,TERMINAL CATALUNYA SA,3-11,MSC LENI,9839454,356432000,Panamà,399.97,61.51,16.5,2024-03-06 23:49:00,2024-03-10 15:46:00,Valencia,Gioia Tauro,MEDITERRANEAN SHIPPING COM ESPAÑA SLU
52786-1,36A,TERMINAL CATALUNYA SA,17-21,DELPHIS FINLAND,9763722,477858700,Hong Kong,177.53,,9.5,2024-03-07 01:56:00,2024-03-07 08:35:00,Algeciras,Piraeus,COSCO SHIPPING LINES SPAIN SA
52560-1,36A,TERMINAL CATALUNYA SA,22-29,MSC KATRINA,9467445,373404000,Panamà,365.74,,17.85,2024-03-07 04:04:00,2024-03-08 09:48:00,Fos-sur-Mer,Valencia,MEDITERRANEAN SHIPPING COM ESPAÑA SLU
53043-1,36A,TERMINAL CATALUNYA SA,12-15,ALEXANDER MAERSK,9164237,219470000,Dinamarca,155,,9.52,2024-03-07 18:27:00,2024-03-08 05:36:00,Algeciras,Bejaia (ex Bougie),NOATUM MARITIME SPAIN SAU
52982-1,36A,TERMINAL CATALUNYA SA,17-20,RS LISA,9287704,255915596,Portugal,138,21.3,7.47,2024-03-08 00:33:00,2024-03-08 13:01:00,Fos-sur-Mer,Fos-sur-Mer,NOATUM MARITIME SPAIN SAU
52965-3,36A,TERMINAL CATALUNYA SA,12-15,BARBARA P,9144720,255805600,Portugal,138.97,,9.19,2024-03-08 08:57:00,2024-03-08 23:28:00,Sagunto,Sagunto,SOLUCIONES INTEGRALES MARITIMAS SLU
52857-1,36A,TERMINAL CATALUNYA SA,24-30,MAERSK KENTUCKY,9193240,563073800,Singapur,292.07,,13.52,2024-03-08 11:16:00,2024-03-09 04:24:00,Port Said,Tanger Med,NOATUM MARITIME SPAIN SAU
53089-1,36A,TERMINAL CATALUNYA SA,17-22,CELSIUS NICOSIA,9330496,538009437,Illes Marshall,238.86,,12,2024-03-08 14:56:00,2024-03-09 00:48:00,Tanger Med,Bejaia (ex Bougie),NOATUM MARITIME SPAIN SAU
52901-1,36A,TERMINAL CATALUNYA SA,16-19,WEC VAN GOGH,9246566,212641000,Xipre,134.44,22.5,8.71,2024-03-09 02:12:00,2024-03-09 15:08:00,Valencia,Valencia,WEC LINES ESPAÑA SLU
53025-1,36A,TERMINAL CATALUNYA SA,12-15,EF ELENA,9368730,255915612,Portugal,161.3,,9.5,2024-03-09 05:48:00,2024-03-09 18:00:00,Marsaxlokk,Fos-sur-Mer,CMA CGM IBERICA SAU
53061-1,36A,TERMINAL CATALUNYA SA,25-28,WEC VAN EYCK,9365984,210072000,Xipre,141.6,,7.3,2024-03-09 06:36:00,2024-03-09 16:29:00,Casablanca,Napoli,WEC LINES ESPAÑA SLU
52847-1,36A,TERMINAL CATALUNYA SA,12-15,DINA TRADER,9354442,255801780,Portugal,134.44,,8.71,2024-03-09 19:40:00,2024-03-11 00:45:00,Fos-sur-Mer,Fos-sur-Mer,NOATUM MARITIME SPAIN SAU
52065-1,36A,TERMINAL CATALUNYA SA,24-30,CMA CGM EXEMPLARITY,9948229,256485000,Malta,272.5,42.8,15,2024-03-09 20:22:00,2024-03-10 17:56:00,Marseille,Valencia,CMA CGM IBERICA SAU
52830-1,36A,TERMINAL CATALUNYA SA,16-20,FIONA,9149885,636023461,Libèria,184.06,25.3,9.88,2024-03-10 05:12:00,2024-03-11 00:07:00,Valencia,Skikda (ex Philippeville),MEDITERRANEAN SHIPPING COM ESPAÑA SLU
51584-1,36A,TERMINAL CATALUNYA SA,3-11,APL SINGAPURA,9632002,566955000,Singapur,398,,16,2024-03-10 19:54:00,2024-03-12 06:24:00,Valencia,Fos-sur-Mer,CMA CGM IBERICA SAU
53032-1,36A,TERMINAL CATALUNYA SA,22-25,AVA D,9306225,255705000,Portugal,168,,10.2,2024-03-10 21:00:00,2024-03-11 06:43:00,Algeciras,Bejaia (ex Bougie),NOATUM MARITIME SPAIN SAU
53093-1,36A,TERMINAL CATALUNYA SA,12-20,MSC IVANA,9398371,370930000,Panamà,364,45.6,10,2024-03-11 02:49:00,2024-03-12 02:38:00,Anvers,Valencia,MEDITERRANEAN SHIPPING COM ESPAÑA SLU
52460-1,36A,TERMINAL CATALUNYA SA,21-28,MSC DANIT,9404649,357051000,Panamà,365.5,,16,2024-03-11 10:07:00,2024-03-13 17:39:00,Gioia Tauro,Valencia,MEDITERRANEAN SHIPPING COM ESPAÑA SLU
53152-1,36A,TERMINAL CATALUNYA SA,16-20,NORA MAERSK,9192478,477642600,Hong Kong,198.6,,11.15,2024-03-12 04:17:00,2024-03-12 10:46:00,Valencia,Vado Ligure,NOATUM MARITIME SPAIN SAU
52656-1,36A,TERMINAL CATALUNYA SA,3-10,MSC INES,9305714,356112000,Panamà,348.51,42.8,15.5,2024-03-12 07:45:00,2024-03-14 09:48:00,Valencia,Gioia Tauro,MEDITERRANEAN SHIPPING COM ESPAÑA SLU
53088-1,36A,TERMINAL CATALUNYA SA,16-19,CONTSHIP TOP,9395616,636018000,Libèria,147.87,23.25,8.5,2024-03-12 11:44:00,2024-03-12 18:51:00,Valencia,Annaba (ex Bone),MEDITERRANEAN SHIPPING COM ESPAÑA SLU
52637-1,36A,TERMINAL CATALUNYA SA,11-18,MSC BEIJING,9289099,255806376,Portugal,325,42.8,14.5,2024-03-12 20:41:00,2024-03-14 01:37:00,Algeciras,Gioia Tauro,MEDITERRANEAN SHIPPING COM ESPAÑA SLU
52964-1,36A,TERMINAL CATALUNYA SA,27-30,JONA SOPHIE,9144718,255805601,Portugal,139,,9.19,2024-03-13 18:46:00,2024-03-14 04:17:00,Sagunto,Sagunto,SOLUCIONES INTEGRALES MARITIMAS SLU
52556-2,36A,TERMINAL CATALUNYA SA,23-26,K-RIVER,9138355,255805995,Portugal,121.99,18.2,6.69,2024-03-13 19:35:00,2024-03-14 03:03:00,Algeciras,Valencia,A PEREZ Y CIA SL
53256-1,36A,TERMINAL CATALUNYA SA,19-22,ASIAN MOON,9359117,249250000,Xipre,147.8,,8.51,2024-03-13 20:41:00,2024-03-14 02:32:00,Mostaganem,Marseille,CMA CGM IBERICA SAU
52657-1,36A,TERMINAL CATALUNYA SA,11-18,MSC MELINE,9702077,255806497,Portugal,299.96,,15.9,2024-03-14 04:41:00,2024-03-14 20:58:00,La Spezia,Valencia,MEDITERRANEAN SHIPPING COM ESPAÑA SLU
53087-1,36A,TERMINAL CATALUNYA SA,19-22,MSC PAXI II,9256391,636023185,Libèria,176,,10.9,2024-03-14 06:08:00,2024-03-15 04:33:00,Bejaia (ex Bougie),Alger (Algiers),MEDITERRANEAN SHIPPING COM ESPAÑA SLU
53097-1,36A,TERMINAL CATALUNYA SA,24-30,CELSIUS LONDON,9303778,538009350,Illes Marshall,222.53,,12,2024-03-14 06:40:00,2024-03-15 06:15:00,Valencia,Algeciras,NOATUM MARITIME SPAIN SAU
53023-1,36A,TERMINAL CATALUNYA SA,4-10,BUXWAVE,9320427,255915840,Libèria,282.97,39.76,13.5,2024-03-14 11:00:00,2024-03-15 11:35:00,Colombo,Koper,MARTICO SL
52636-1,36A,TERMINAL CATALUNYA SA,11-18,MSC NEW HAVEN,9293777,255803670,Portugal,334,,14.52,2024-03-14 23:21:00,2024-03-15 18:35:00,La Spezia,Valencia,MEDITERRANEAN SHIPPING COM ESPAÑA SLU
52561-1,36A,TERMINAL CATALUNYA SA,19-23,MIMMI SCHULTE,9743473,563024600,Singapur,188.85,,10.5,2024-03-15 05:47:00,2024-03-15 12:55:00,Algeciras,Piraeus,ORIENT OVERSEAS CONTAINER LINE SPAIN SL
52983-1,36A,TERMINAL CATALUNYA SA,27-30,RS LISA,9287704,255915596,Portugal,138,21.3,7.47,2024-03-15 07:14:00,2024-03-15 17:00:00,Fos-sur-Mer,Fos-sur-Mer,NOATUM MARITIME SPAIN SAU
53146-1,36A,TERMINAL CATALUNYA SA,24-26,DINA TRADER,9354442,255801780,Portugal,134.44,,8.71,2024-03-15 07:39:00,2024-03-15 20:45:00,Fos-sur-Mer,Fos-sur-Mer,NOATUM MARITIME SPAIN SAU
52703-4,36A,TERMINAL CATALUNYA SA,20-23,CONTSHIP JET,9348625,636019532,Libèria,159.8,24.8,7.3,2024-03-15 14:39:00,2024-03-16 03:42:00,Moerdijk,Moerdijk,MARTICO SL
52658-1,36A,TERMINAL CATALUNYA SA,4-10,MSC JEONGMIN,9720471,255805854,Portugal,299.89,48.2,14.5,2024-03-15 15:16:00,2024-03-17 07:03:00,Las Palmas,Valencia,MEDITERRANEAN SHIPPING COM ESPAÑA SLU
52964-3,36A,TERMINAL CATALUNYA SA,27-30,JONA SOPHIE,9144718,255805601,Portugal,139,,9.19,2024-03-15 17:10:00,2024-03-15 23:37:00,Sagunto,Sagunto,SOLUCIONES INTEGRALES MARITIMAS SLU
52463-1,36A,TERMINAL CATALUNYA SA,11-18,MSC LEANDRA V,9313943,255803590,Portugal,294,32.18,13.45,2024-03-15 20:07:00,2024-03-16 04:51:00,Valencia,Piraeus,MEDITERRANEAN SHIPPING COM ESPAÑA SLU
53230-1,36A,TERMINAL CATALUNYA SA,27-30,WILHELMINE,9324954,255806271,Portugal,148,23.25,8.5,2024-03-16 01:14:00,2024-03-16 15:18:00,Moerdijk,Anvers,MARTICO SL
52773-1,36A,TERMINAL CATALUNYA SA,12-19,MSC KATIE,9467457,351848000,Panamà,365.88,,16.5,2024-03-16 08:13:00,2024-03-17 08:01:00,Fos-sur-Mer,Malaga,MEDITERRANEAN SHIPPING COM ESPAÑA SLU
52610-1,36A,TERMINAL CATALUNYA SA,20-26,MSC SANDRA,9203954,355305000,Panamà,274,,10,2024-03-16 08:45:00,2024-03-17 21:37:00,La Spezia,Valencia,MEDITERRANEAN SHIPPING COM ESPAÑA SLU
52871-1,36A,TERMINAL CATALUNYA SA,27-30,BF ESPERANZA,9252785,304907000,Antigua i Barbuda,134.44,,8.71,2024-03-16 16:47:00,2024-03-17 23:29:00,Alger (Algiers),Alger (Algiers),NOATUM MARITIME SPAIN SAU
52699-1,36A,TERMINAL CATALUNYA SA,3-11,MSC IRINA,9929429,636022601,Libèria,400,61.3,13.5,2024-03-17 09:47:00,2024-03-21 18:02:00,Valencia,Gioia Tauro,MEDITERRANEAN SHIPPING COM ESPAÑA SLU
51881-1,36A,TERMINAL CATALUNYA SA,12-19,CMA CGM CEDRUS,9938121,256615000,Malta,366,51,16,2024-03-17 10:48:00,2024-03-18 12:35:00,Valencia,Fos-sur-Mer,CMA CGM IBERICA SAU
52066-1,36A,TERMINAL CATALUNYA SA,20-26,ALEXANDRA,9635676,538004912,Illes Marshall,270.07,,14.5,2024-03-17 22:54:00,2024-03-18 23:07:00,Marseille,Valencia,CMA CGM IBERICA SAU
52902-1,36A,TERMINAL CATALUNYA SA,27-30,WEC VERMEER,9237371,209177000,Xipre,134.55,,8.7,2024-03-18 10:34:00,2024-03-18 23:51:00,Valencia,Las Palmas,WEC LINES ESPAÑA SLU
53155-1,36A,TERMINAL CATALUNYA SA,13-19,GSL KALLIOPI,9285689,636019536,Libèria,300,,15,2024-03-18 15:03:00,2024-03-19 06:43:00,Port Said,Tanger Med,NOATUM MARITIME SPAIN SAU
53147-1,36A,TERMINAL CATALUNYA SA,11-17,MAERSK SENANG,9315240,565482000,Singapur,318,,15.89,2024-03-19 08:18:00,2024-03-20 00:16:00,La Spezia,Valencia,NOATUM MARITIME SPAIN SAU
52789-1,36A,TERMINAL CATALUNYA SA,19-22,GREEN SEA,9865996,563102100,Singapur,172.07,27.4,9.77,2024-03-19 17:03:00,2024-03-20 02:47:00,Valencia,Genoa,A PEREZ Y CIA SL
52836-1,36A,TERMINAL CATALUNYA SA,11-17,MSC FREEPORT,9301330,636021888,Libèria,294,32.2,10,2024-03-20 02:09:00,2024-03-20 11:07:00,Valencia,Marsaxlokk,MEDITERRANEAN SHIPPING COM ESPAÑA SLU
53046-1,36A,TERMINAL CATALUNYA SA,19-22,MSC JIANI,9966934,636023100,Libèria,172,28.4,9.7,2024-03-20 03:46:00,2024-03-20 23:52:00,Bejaia (ex Bougie),Bejaia (ex Bougie),MEDITERRANEAN SHIPPING COM ESPAÑA SLU
52989-1,36A,TERMINAL CATALUNYA SA,11-14,AS ANITA,9470961,636093268,Libèria,189.49,,11.35,2024-03-20 12:04:00,2024-03-20 21:48:00,Algeciras,Piraeus,COSCO SHIPPING LINES SPAIN SA
53148-1,36A,TERMINAL CATALUNYA SA,16-18,DINA TRADER,9354442,255801780,Portugal,134.44,22.5,8.71,2024-03-20 12:43:00,2024-03-20 20:39:00,Fos-sur-Mer,Fos-sur-Mer,NOATUM MARITIME SPAIN SAU
53156-1,36A,TERMINAL CATALUNYA SA,11-14,CONTSHIP ANA,9308596,636020814,Libèria,139,22.6,8.8,2024-03-20 22:47:00,2024-03-21 13:17:00,Alicante,Skikda (ex Philippeville),NOATUM MARITIME SPAIN SAU
53305-1,36A,TERMINAL CATALUNYA SA,17-22,ROBIN 4,9399741,636017360,Libèria,225.04,,12.2,2024-03-21 01:27:00,2024-03-21 20:14:00,Valencia,Vado Ligure,NOATUM MARITIME SPAIN SAU
52344-1,36A,TERMINAL CATALUNYA SA,24-30,CMA CGM RABELAIS,9406635,248430000,Malta,299.93,40,15,2024-03-21 10:30:00,2024-03-22 01:13:00,Valencia,Fos-sur-Mer,CMA CGM IBERICA SAU
52966-1,36A,TERMINAL CATALUNYA SA,11-13,BARBARA P,9144720,255805600,Portugal,138.97,,9.19,2024-03-21 14:09:00,2024-03-21 21:49:00,Sagunto,Sagunto,SOLUCIONES INTEGRALES MARITIMAS SLU
53033-1,36A,TERMINAL CATALUNYA SA,3-10,MSC CANDICE,9339284,352871000,Panamà,337,,10,2024-03-21 19:43:00,2024-03-22 19:24:00,Fos-sur-Mer,Valencia,MEDITERRANEAN SHIPPING COM ESPAÑA SLU
53501-1,36A,TERMINAL CATALUNYA SA,20-23,ALEXANDER MAERSK,9164237,219470000,Dinamarca,155,25,9.52,2024-03-21 22:28:00,2024-03-22 07:56:00,Algeciras,Alger (Algiers),NOATUM MARITIME SPAIN SAU
53159-1,36A,TERMINAL CATALUNYA SA,24-29,CELSIUS NICOSIA,9330496,538009437,Illes Marshall,238.86,,12,2024-03-22 03:08:00,2024-03-22 11:37:00,Port Said,Vado Ligure,NOATUM MARITIME SPAIN SAU
52879-1,36A,TERMINAL CATALUNYA SA,12-18,MSC PRATITI,9280861,636016204,Libèria,294.1,32.2,13.5,2024-03-22 03:51:00,2024-03-23 02:22:00,Aliaga,Valencia,MEDITERRANEAN SHIPPING COM ESPAÑA SLU
53262-1,36A,TERMINAL CATALUNYA SA,24-26,WEC VAN GOGH,9246566,212641000,Xipre,134.44,,8.71,2024-03-22 13:19:00,2024-03-23 03:34:00,Valencia,Valencia,WEC LINES ESPAÑA SLU
53151-1,36A,TERMINAL CATALUNYA SA,20-23,RS LISA,9287704,255915596,Portugal,138,,7.47,2024-03-22 13:29:00,2024-03-23 03:18:00,Fos-sur-Mer,Fos-sur-Mer,NOATUM MARITIME SPAIN SAU
52966-3,36A,TERMINAL CATALUNYA SA,27-30,BARBARA P,9144720,255805600,Portugal,138.97,,9.19,2024-03-22 14:09:00,2024-03-23 00:41:00,Sagunto,Sagunto,SOLUCIONES INTEGRALES MARITIMAS SLU
52655-1,36A,TERMINAL CATALUNYA SA,3-10,MSC JEWEL,9842073,636019207,Libèria,365.86,48.2,16,2024-03-22 20:48:00,2024-03-25 09:15:00,Valencia,Gioia Tauro,MEDITERRANEAN SHIPPING COM ESPAÑA SLU
53443-1,36A,TERMINAL CATALUNYA SA,27-30,MERITO,9167942,249096000,Malta,150,,8.6,2024-03-23 01:47:00,2024-03-23 17:53:00,Alger (Algiers),Alger (Algiers),MEDITERRANEAN SHIPPING COM ESPAÑA SLU
52951-1,36A,TERMINAL CATALUNYA SA,11-19,MSC ANITA,9947146,636023265,Libèria,366,51,10,2024-03-23 04:59:00,2024-03-24 07:34:00,Fos-sur-Mer,Valencia,MEDITERRANEAN SHIPPING COM ESPAÑA SLU
53324-1,36A,TERMINAL CATALUNYA SA,20-25,TANJA,9431692,538003717,Illes Marshall,261.1,,12.6,2024-03-23 05:53:00,2024-03-23 15:58:00,Port Said,Tanger Med,NOATUM MARITIME SPAIN SAU
53158-1,36A,TERMINAL CATALUNYA SA,20-24,MAERSK VALLETTA,9833369,563154500,Singapur,171.99,,9.5,2024-03-23 17:19:00,2024-03-24 09:30:00,Algeciras,Sfax,NOATUM MARITIME SPAIN SAU
53520-2,36A,TERMINAL CATALUNYA SA,27-29,STAR COMET,9242596,304416000,Antigua i Barbuda,133.39,18.7,7.24,2024-03-23 19:23:00,2024-03-24 00:05:00,Casablanca,Valencia,A PEREZ Y CIA SL
52340-1,36A,TERMINAL CATALUNYA SA,12-18,CMA CGM VOLTAIRE,9635652,229877000,Malta,270.07,42.8,14.52,2024-03-24 08:51:00,2024-03-25 06:14:00,Marseille,Valencia,CMA CGM IBERICA SAU
53500-1,36A,TERMINAL CATALUNYA SA,20-23,DINA TRADER,9354442,255801780,Portugal,134.44,22.5,8.71,2024-03-24 10:11:00,2024-03-25 05:28:00,Fos-sur-Mer,Fos-sur-Mer,NOATUM MARITIME SPAIN SAU
53284-1,36A,TERMINAL CATALUNYA SA,24-29,JADRANA,9619385,255805572,Portugal,255,37.3,13,2024-03-24 15:06:00,2024-03-25 11:29:00,Colombo,Koper,MARTICO SL
53444-1,36A,TERMINAL CATALUNYA SA,20-23,CONTSHIP TOP,9395616,636018000,Libèria,147.87,23.25,8.5,2024-03-25 07:44:00,2024-03-25 15:28:00,Valencia,Annaba (ex Bone),MEDITERRANEAN SHIPPING COM ESPAÑA SLU
52496-1,36A,TERMINAL CATALUNYA SA,12-19,OOCL FRANCE,9622617,477222700,Hong Kong,366.47,,15.53,2024-03-25 08:21:00,2024-03-27 01:33:00,Valencia,Fos-sur-Mer,ORIENT OVERSEAS CONTAINER LINE SPAIN SL
52878-1,36A,TERMINAL CATALUNYA SA,3-10,MSC SIXIN,9839301,370711000,Panamà,399.82,61,16.5,2024-03-25 11:06:00,2024-03-30 12:03:00,Valencia,Gioia Tauro,MEDITERRANEAN SHIPPING COM ESPAÑA SLU
53475-1,36A,TERMINAL CATALUNYA SA,24-30,BUXWAVE,9320427,255915840,Libèria,282.97,,13.5,2024-03-25 12:34:00,2024-03-26 10:06:00,Koper,Colombo,MARTICO SL
53632-1,36A,TERMINAL CATALUNYA SA,20-23,CONTSHIP MAX,9347786,636017374,Libèria,139.13,,8.8,2024-03-25 16:50:00,2024-03-26 06:03:00,Bejaia (ex Bougie),Marseille,CMA CGM IBERICA SAU
52348-1,36A,TERMINAL CATALUNYA SA,26-30,CMA CGM MALTA,9301433,229340000,Malta,210,30.2,11.5,2024-03-26 11:24:00,2024-03-27 02:09:00,Genoa,Valencia,CMA CGM IBERICA SAU
52774-1,36A,TERMINAL CATALUNYA SA,21-25,MSC PORTO III,9299020,636018191,Libèria,208,29.8,11.4,2024-03-26 11:38:00,2024-03-27 08:06:00,La Spezia,Valencia,MEDITERRANEAN SHIPPING COM ESPAÑA SLU
53288-1,36A,TERMINAL CATALUNYA SA,26-29,DELPHIS GDANSK,9780653,477850500,Hong Kong,177.55,,9.5,2024-03-27 03:30:00,2024-03-27 09:36:00,Algeciras,Piraeus,COSCO SHIPPING LINES SPAIN SA
52832-1,36A,TERMINAL CATALUNYA SA,12-19,MSC ORION,9857157,255806339,Portugal,366,,16,2024-03-27 04:22:00,2024-03-28 08:00:00,Gioia Tauro,Malaga,MEDITERRANEAN SHIPPING COM ESPAÑA SLU
53022-1,36A,TERMINAL CATALUNYA SA,23-30,MSC BEIJING,9289099,255806376,Portugal,325,,14.5,2024-03-27 10:54:00,2024-03-28 00:17:00,La Spezia,Valencia,MEDITERRANEAN SHIPPING COM ESPAÑA SLU
52963-1,36A,TERMINAL CATALUNYA SA,27-29,JONA SOPHIE,9144718,255805601,Portugal,139,,9.19,2024-03-28 09:37:00,2024-03-28 21:59:00,Sagunto,Sagunto,SOLUCIONES INTEGRALES MARITIMAS SLU
53260-1,36A,TERMINAL CATALUNYA SA,12-15,ATLANTIC NORTH,9236597,563157600,Singapur,159,24,10.2,2024-03-28 12:37:00,2024-03-29 00:09:00,Marseille,Bejaia (ex Bougie),CMA CGM IBERICA SAU
53423-1,36A,TERMINAL CATALUNYA SA,16-19,BG GREEN,9964613,255804590,Portugal,169.95,26.9,9.6,2024-03-28 16:30:00,2024-03-29 06:40:00,Chittagong,Moerdijk,MARTICO SL
53041-1,36A,TERMINAL CATALUNYA SA,20-24,MSC NAHARA,9955789,636023312,Libèria,209.9,35.6,12,2024-03-28 17:00:00,2024-03-29 08:30:00,Valencia,Alger (Algiers),MEDITERRANEAN SHIPPING COM ESPAÑA SLU
53325-1,36A,TERMINAL CATALUNYA SA,26-29,NORA MAERSK,9192478,477642600,Hong Kong,198.6,,11.15,2024-03-28 23:33:00,2024-03-29 10:31:00,Valencia,Vado Ligure,NOATUM MARITIME SPAIN SAU
53273-1,36A,TERMINAL CATALUNYA SA,12-19,MSC TIANJIN,9285471,636019332,Libèria,323,,15.03,2024-03-29 07:55:00,2024-03-29 16:18:00,Tanger Med,Valencia,MEDITERRANEAN SHIPPING COM ESPAÑA SLU
53519-1,36A,TERMINAL CATALUNYA SA,20-24,FIONA,9149885,636023461,Libèria,184.06,25.3,9.88,2024-03-29 09:32:00,2024-03-30 04:33:00,Skikda (ex Philippeville),Skikda (ex Philippeville),MEDITERRANEAN SHIPPING COM ESPAÑA SLU
53280-1,36A,TERMINAL CATALUNYA SA,26-29,GARWOOD,9347255,636016649,Libèria,186.34,,11.3,2024-03-29 13:39:00,2024-03-30 01:55:00,Algeciras,Fos-sur-Mer,NOATUM MARITIME SPAIN SAU
53244-1,36A,TERMINAL CATALUNYA SA,12-19,MSC JEONGMIN,9720471,255805854,Portugal,299.89,48.2,14.5,2024-03-29 19:53:00,2024-03-30 19:43:00,La Spezia,Valencia,MEDITERRANEAN SHIPPING COM ESPAÑA SLU
53517-1,36A,TERMINAL CATALUNYA SA,20-23,DINA TRADER,9354442,255801780,Portugal,134.44,,8.71,2024-03-30 05:38:00,2024-03-30 18:41:00,Fos-sur-Mer,Fos-sur-Mer,NOATUM MARITIME SPAIN SAU
53434-1,36A,TERMINAL CATALUNYA SA,24-30,ALS APOLLO,9401063,563232100,Libèria,260.05,,12.6,2024-03-30 07:02:00,2024-03-31 05:35:00,Fos-sur-Mer,Fos-sur-Mer,NOATUM MARITIME SPAIN SAU
53034-1,36A,TERMINAL CATALUNYA SA,4-10,MSC MAXINE,9720287,255806521,Portugal,299.84,48.2,14.5,2024-03-30 13:35:00,2024-04-01 18:11:00,Valencia,Livorno,MEDITERRANEAN SHIPPING COM ESPAÑA SLU
53567-1,36A,TERMINAL CATALUNYA SA,20-23,WEC VERMEER,9237371,209177000,Xipre,134.55,,8.7,2024-03-30 20:38:00,2024-03-31 08:33:00,Valencia,Las Palmas,WEC LINES ESPAÑA SLU
53190-1,36A,TERMINAL CATALUNYA SA,12-19,MSC DORINE,9301328,636020898,Libèria,294.05,32.2,13.5,2024-03-30 22:21:00,2024-03-31 11:43:00,Valencia,Piraeus,MEDITERRANEAN SHIPPING COM ESPAÑA SLU
53680-1,36A,TERMINAL CATALUNYA SA,26-29,RS LISA,9287704,255915596,Portugal,138,21.3,7.47,2024-03-31 08:14:00,2024-04-01 00:11:00,Fos-sur-Mer,Fos-sur-Mer,NOATUM MARITIME SPAIN SAU
53712-1,36A,TERMINAL CATALUNYA SA,20-23,WILHELMINE,9324954,255806271,Portugal,148,,8.5,2024-03-31 10:17:00,2024-04-01 13:51:00,Moerdijk,Moerdijk,MARTICO SL
53245-1,36A,TERMINAL CATALUNYA SA,12-19,MSC SUSANNA,9290543,371466000,Panamà,336.67,45.6,15.5,2024-03-31 12:59:00,2024-04-01 08:22:00,La Spezia,Valencia,MEDITERRANEAN SHIPPING COM ESPAÑA SLU
53846-1,36A,TERMINAL CATALUNYA SA,26-30,MSC ROMINA II,9449821,255806097,Portugal,180.43,25,9.5,2024-04-01 01:14:00,2024-04-02 08:26:00,Alger (Algiers),Alger (Algiers),MEDITERRANEAN SHIPPING COM ESPAÑA SLU
53275-1,36A,TERMINAL CATALUNYA SA,12-19,MSC BRUNELLA,9702106,255806491,Portugal,300,48.2,14.5,2024-04-01 09:41:00,2024-04-01 22:55:00,La Spezia,Valencia,MEDITERRANEAN SHIPPING COM ESPAÑA SLU
53714-1,36A,TERMINAL CATALUNYA SA,20-23,CONTSHIP JET,9348625,636019532,Libèria,159.8,24.8,7.3,2024-04-01 15:36:00,2024-04-02 03:17:00,Moerdijk,Moerdijk,MARTICO SL
53096-1,36A,TERMINAL CATALUNYA SA,3-10,MSC GULSUN,9839430,372003000,Panamà,399.9,61.51,16.5,2024-04-01 20:16:00,2024-04-07 05:17:00,Valencia,Gioia Tauro,MEDITERRANEAN SHIPPING COM ESPAÑA SLU
52497-1,36A,TERMINAL CATALUNYA SA,12-19,COSCO SHIPPING ANDES,9757888,477194600,Hong Kong,366,51.2,15.5,2024-04-02 00:32:00,2024-04-03 02:43:00,Valencia,Fos-sur-Mer,ORIENT OVERSEAS CONTAINER LINE SPAIN SL
53879-1,36A,TERMINAL CATALUNYA SA,20-23,KANTATA,9327580,277549000,Lituània,147.84,,8.51,2024-04-02 03:05:00,2024-04-03 08:59:00,Alger (Algiers),Oran,MEDITERRANEAN SHIPPING COM ESPAÑA SLU
53514-1,36A,TERMINAL CATALUNYA SA,26-30,MSC JIANI,9966934,636023100,Libèria,172,,9.7,2024-04-02 09:21:00,2024-04-03 10:16:00,Bejaia (ex Bougie),Bejaia (ex Bougie),MEDITERRANEAN SHIPPING COM ESPAÑA SLU
53243-1,36A,TERMINAL CATALUNYA SA,12-19,MSC MARA,9932892,636021470,Libèria,364,51,16,2024-04-03 05:09:00,2024-04-04 17:07:00,Fos-sur-Mer,Malaga,MEDITERRANEAN SHIPPING COM ESPAÑA SLU
53752-1,36A,TERMINAL CATALUNYA SA,20-23,BARBARA P,9144720,255805600,Portugal,138.97,23.9,9.19,2024-04-03 09:47:00,2024-04-03 21:05:00,Sagunto,Sagunto,SOLUCIONES INTEGRALES MARITIMAS SLU
53731-1,36A,TERMINAL CATALUNYA SA,24-30,PORTO CHELI,9221839,636020869,Libèria,300,40,14.52,2024-04-03 11:21:00,2024-04-04 08:55:00,Algeciras,Gioia Tauro,NOATUM MARITIME SPAIN SAU
53634-1,36A,TERMINAL CATALUNYA SA,20-23,OPS HAMBURG,9406829,636092040,Libèria,147.87,,8.5,2024-04-03 21:31:00,2024-04-04 12:41:00,Oran,Marseille,CMA CGM IBERICA SAU
52341-1,36A,TERMINAL CATALUNYA SA,24-30,CMA CGM BETTER WAYS,9950557,256587000,Malta,272,42.8,15,2024-04-04 10:47:00,2024-04-05 00:54:00,Marseille,Valencia,CMA CGM IBERICA SAU
53681-1,36A,TERMINAL CATALUNYA SA,20-23,CONTSHIP TOP,9395616,636018000,Libèria,147.87,23.25,8.5,2024-04-04 13:34:00,2024-04-04 23:01:00,Valencia,Annaba (ex Bone),MEDITERRANEAN SHIPPING COM ESPAÑA SLU
52500-1,36A,TERMINAL CATALUNYA SA,12-17,CMA CGM NAVEGANTES,9303780,256144000,Malta,222,30,12,2024-04-04 20:01:00,2024-04-05 02:42:00,Genoa,Valencia,CMA CGM IBERICA SAU
53760-1,36A,TERMINAL CATALUNYA SA,19-23,ROBIN 4,9399741,636017360,Libèria,225.04,,12.2,2024-04-05 00:13:00,2024-04-05 12:18:00,Valencia,Vado Ligure,NOATUM MARITIME SPAIN SAU
53601-1,36A,TERMINAL CATALUNYA SA,25-30,JADRANA,9619385,255805572,Portugal,255,37.3,13,2024-04-05 02:10:00,2024-04-06 00:29:00,Koper,Qingdao,MARTICO SL
53383-1,36A,TERMINAL CATALUNYA SA,12-18,MSC SARISKA V,8715857,351356000,Panamà,294,32.22,13.52,2024-04-05 03:54:00,2024-04-05 17:39:00,Valencia,Piraeus,MEDITERRANEAN SHIPPING COM ESPAÑA SLU
53752-3,36A,TERMINAL CATALUNYA SA,19-21,BARBARA P,9144720,255805600,Portugal,138.97,23.9,9.19,2024-04-05 13:49:00,2024-04-05 23:07:00,Sagunto,Sagunto,SOLUCIONES INTEGRALES MARITIMAS SLU
53696-1,36A,TERMINAL CATALUNYA SA,12-18,MSC ANNICK,9169122,636017581,Libèria,260.66,,12.52,2024-04-05 21:56:00,2024-04-07 06:36:00,La Spezia,Valencia,MEDITERRANEAN SHIPPING COM ESPAÑA SLU
53515-2,36A,TERMINAL CATALUNYA SA,19-21,K-RIVER,9138355,255805995,Portugal,121.99,18.2,6.69,2024-04-06 01:31:00,2024-04-06 09:21:00,Algeciras,Valencia,A PEREZ Y CIA SL
53854-1,36A,TERMINAL CATALUNYA SA,23-26,GARWOOD,9347255,636016649,Libèria,186.34,27.6,11.3,2024-04-06 03:35:00,2024-04-07 10:40:00,Fos-sur-Mer,Fos-sur-Mer,NOATUM MARITIME SPAIN SAU
53544-1,36A,TERMINAL CATALUNYA SA,27-30,AVA D,9306225,255705000,Portugal,168,,10.2,2024-04-06 06:54:00,2024-04-07 00:02:00,Algeciras,Bejaia (ex Bougie),NOATUM MARITIME SPAIN SAU
53763-1,36A,TERMINAL CATALUNYA SA,27-30,DINA TRADER,9354442,255801780,Portugal,134.44,,8.71,2024-04-07 01:05:00,2024-04-07 12:39:00,Fos-sur-Mer,Fos-sur-Mer,NOATUM MARITIME SPAIN SAU
53278-1,36A,TERMINAL CATALUNYA SA,4-10,MSC MARIANNA,9226920,352335000,Panamà,303.94,40,10,2024-04-07 07:57:00,2024-04-07 23:27:00,Algeciras,Gioia Tauro,MEDITERRANEAN SHIPPING COM ESPAÑA SLU
53274-1,36A,TERMINAL CATALUNYA SA,12-18,MSC CLEA,9720524,255805930,Portugal,299.84,48.2,14.5,2024-04-07 09:46:00,2024-04-09 00:51:00,Valencia,Genoa,MEDITERRANEAN SHIPPING COM ESPAÑA SLU
53766-1,36A,TERMINAL CATALUNYA SA,21-26,MEGALOPOLIS,9477799,229556000,Malta,255.29,37.3,13,2024-04-07 12:04:00,2024-04-08 07:37:00,Port Said,Algeciras,NOATUM MARITIME SPAIN SAU
53725-1,36A,TERMINAL CATALUNYA SA,27-30,CONTSHIP ANA,9308596,636020814,Libèria,139,,8.8,2024-04-07 13:44:00,2024-04-08 05:16:00,Skikda (ex Philippeville),Skikda (ex Philippeville),NOATUM MARITIME SPAIN SAU
53386-1,36A,TERMINAL CATALUNYA SA,3-10,MSC AMBRA,9839480,352269000,Panamà,400,61.5,16,2024-04-08 04:09:00,2024-04-11 12:06:00,Valencia,Gioia Tauro,MEDITERRANEAN SHIPPING COM ESPAÑA SLU
53673-1,36A,TERMINAL CATALUNYA SA,27-30,CMA CGM BLOSSOM,9962524,352001685,Panamà,141.93,,8.21,2024-04-08 07:04:00,2024-04-08 17:26:00,Valencia,Marsaxlokk,CMA CGM IBERICA SAU
52456-1,36A,TERMINAL CATALUNYA SA,20-26,KRISTINA,9641223,538004913,Illes Marshall,270.07,42.8,14.5,2024-04-08 09:02:00,2024-04-08 19:48:00,Marseille,Valencia,CMA CGM IBERICA SAU
53726-1,36A,TERMINAL CATALUNYA SA,27-30,ALEXANDER MAERSK,9164237,219470000,Dinamarca,155,,9.52,2024-04-08 19:01:00,2024-04-08 23:54:00,Alger (Algiers),Algeciras,NOATUM MARITIME SPAIN SAU
53619-1,36A,TERMINAL CATALUNYA SA,20-25,CSL MANHATTAN,9289556,636016853,Libèria,294.17,32.2,13.65,2024-04-08 21:27:00,2024-04-09 21:47:00,Colombo,Koper,MARTICO SL
53502-1,36A,TERMINAL CATALUNYA SA,27-30,DELPHIS FINLAND,9763722,477858700,Hong Kong,177.53,,9.5,2024-04-09 02:15:00,2024-04-09 15:09:00,Algeciras,Piraeus,COSCO SHIPPING LINES SPAIN SA
53686-1,36A,TERMINAL CATALUNYA SA,12-18,MSC LUISA,9225677,355308000,Panamà,299.99,40,14.5,2024-04-09 03:08:00,2024-04-10 18:01:00,Valencia,Marsaxlokk,MEDITERRANEAN SHIPPING COM ESPAÑA SLU
52557-2,36A,TERMINAL CATALUNYA SA,27-30,WEC MAJORELLE,9134153,210312000,Xipre,122,,6.69,2024-04-09 16:02:00,2024-04-09 22:58:00,Valencia,Algeciras,A PEREZ Y CIA SL
53792-1,36A,TERMINAL CATALUNYA SA,27-30,WEC JAN STEEN,9354416,255806280,Portugal,134.44,,8.71,2024-04-10 00:27:00,2024-04-10 09:38:00,Valencia,Valencia,WEC LINES ESPAÑA SLU
53997-1,36A,TERMINAL CATALUNYA SA,20-26,MSC QINGDAO,9256470,636019331,Libèria,322.97,42.8,15.03,2024-04-10 01:29:00,2024-04-11 17:30:00,Valencia,Gioia Tauro,MEDITERRANEAN SHIPPING COM ESPAÑA SLU
53756-1,36A,TERMINAL CATALUNYA SA,27-30,JONA SOPHIE,9144718,255805601,Portugal,139,,9.19,2024-04-10 11:01:00,2024-04-10 18:41:00,Sagunto,Sagunto,SOLUCIONES INTEGRALES MARITIMAS SLU
52668-1,36A,TERMINAL CATALUNYA SA,12-19,CMA CGM ADONIS,9882528,229752000,Malta,366,51,16,2024-04-10 19:35:00,2024-04-12 07:00:00,Valencia,Fos-sur-Mer,CMA CGM IBERICA SAU
53735-1,36A,TERMINAL CATALUNYA SA,5-9,CELSIUS NICOSIA,9330496,538009437,Illes Marshall,238.86,,12,2024-04-11 14:50:00,2024-04-12 12:51:00,Vado Ligure,Vado Ligure,NOATUM MARITIME SPAIN SAU
54042-1,36A,TERMINAL CATALUNYA SA,25-29,NORA MAERSK,9192478,477642600,Hong Kong,198.6,,11.15,2024-04-11 18:43:00,2024-04-12 15:28:00,Valencia,Vado Ligure,NOATUM MARITIME SPAIN SAU
53276-1,36A,TERMINAL CATALUNYA SA,21-24,ASIAN MOON,9359117,249250000,Xipre,147.8,,8.51,2024-04-11 19:32:00,2024-04-12 02:40:00,Marseille,Marseille,CMA CGM IBERICA SAU
54050-1,36A,TERMINAL CATALUNYA SA,20-24,GARWOOD,9347255,636016649,Libèria,186.34,27.6,11.3,2024-04-12 04:50:00,2024-04-12 21:53:00,Fos-sur-Mer,Fos-sur-Mer,NOATUM MARITIME SPAIN SAU
53798-1,36A,TERMINAL CATALUNYA SA,12-19,MSC PINA,9339272,372973000,Panamà,336.69,,15.5,2024-04-12 08:20:00,2024-04-12 23:42:00,Genoa,Valencia,MEDITERRANEAN SHIPPING COM ESPAÑA SLU
53522-1,36A,TERMINAL CATALUNYA SA,4-10,MSC GIULIA,9770737,255805869,Portugal,300,48.2,14.5,2024-04-12 14:41:00,2024-04-13 17:38:00,Valencia,Sines,MEDITERRANEAN SHIPPING COM ESPAÑA SLU
53756-3,36A,TERMINAL CATALUNYA SA,27-30,JONA SOPHIE,9144718,255805601,Portugal,139,,9.19,2024-04-12 17:40:00,2024-04-13 00:27:00,Sagunto,Sagunto,SOLUCIONES INTEGRALES MARITIMAS SLU
53770-1,36A,TERMINAL CATALUNYA SA,20-25,AS CONSTANTINA,9308390,636093054,Libèria,221.69,,11.4,2024-04-12 23:04:00,2024-04-13 06:36:00,Genoa,Valencia,COSCO SHIPPING LINES SPAIN SA
54000-1,36A,TERMINAL CATALUNYA SA,27-30,WEC VERMEER,9237371,209177000,Xipre,134.55,,8.7,2024-04-13 01:50:00,2024-04-13 10:30:00,Sines,Valencia,WEC LINES ESPAÑA SLU
53678-1,36A,TERMINAL CATALUNYA SA,12-18,MSC AGADIR,9619464,477001100,Hong Kong,299.18,48.2,14.52,2024-04-13 03:05:00,2024-04-14 22:07:00,Valencia,Genoa,MEDITERRANEAN SHIPPING COM ESPAÑA SLU
53856-1,36A,TERMINAL CATALUNYA SA,20-23,MAERSK VALLETTA,9833369,563154500,Singapur,171.99,,9.5,2024-04-13 08:56:00,2024-04-13 20:47:00,Algeciras,Bejaia (ex Bougie),NOATUM MARITIME SPAIN SAU
54122-1,36A,TERMINAL CATALUNYA SA,27-29,RS LISA,9287704,255915596,Portugal,138,,7.47,2024-04-13 11:47:00,2024-04-14 02:45:00,Alger (Algiers),Alger (Algiers),NOATUM MARITIME SPAIN SAU
53381-1,36A,TERMINAL CATALUNYA SA,3-10,MSC ROSE,9957359,636023564,Libèria,364,51,16,2024-04-13 19:21:00,2024-04-14 15:31:00,Valencia,Sines,MEDITERRANEAN SHIPPING COM ESPAÑA SLU
54106-1,36A,TERMINAL CATALUNYA SA,20-23,JOSITA B,9673630,255915644,Malta,169.94,28.1,9.5,2024-04-13 21:42:00,2024-04-14 04:22:00,Algeciras,Bejaia (ex Bougie),NOATUM MARITIME SPAIN SAU
53710-1,36A,TERMINAL CATALUNYA SA,25-29,MARINER,9694414,563417000,Singapur,188.85,,10.5,2024-04-14 05:28:00,2024-04-14 10:29:00,Genoa,Valencia,CMA CGM IBERICA SAU
52671-1,36A,TERMINAL CATALUNYA SA,24-30,ALEXIS,9686900,538005958,Illes Marshall,270.9,42.8,14.55,2024-04-14 11:35:00,2024-04-15 01:42:00,Marseille,Valencia,CMA CGM IBERICA SAU
53996-1,36A,TERMINAL CATALUNYA SA,2-10,MSC MICHELLE,9897016,636020599,Libèria,399.77,61,16.5,2024-04-14 18:29:00,2024-04-18 19:25:00,Valencia,Gioia Tauro,MEDITERRANEAN SHIPPING COM ESPAÑA SLU
54043-1,36A,TERMINAL CATALUNYA SA,11-19,MSC TARANTO,9475258,636092247,Libèria,365.81,,16,2024-04-15 00:51:00,2024-04-16 19:26:00,Fos-sur-Mer,Valencia,MEDITERRANEAN SHIPPING COM ESPAÑA SLU
53216-1,36A,TERMINAL CATALUNYA SA,25-29,MSC PORTO III,9299020,636018191,Libèria,208,,11.4,2024-04-15 02:57:00,2024-04-15 18:34:00,La Spezia,Valencia,MEDITERRANEAN SHIPPING COM ESPAÑA SLU
53762-1,36A,TERMINAL CATALUNYA SA,20-23,MSC JIANI,9966934,636023100,Libèria,172,,9.7,2024-04-15 05:28:00,2024-04-16 19:58:00,Bejaia (ex Bougie),Bejaia (ex Bougie),MEDITERRANEAN SHIPPING COM ESPAÑA SLU
53995-1,36A,TERMINAL CATALUNYA SA,24-30,W KLAIPEDA,9211482,538009143,Illes Marshall,299.9,,14,2024-04-15 20:18:00,2024-04-16 13:42:00,Port Said,Algeciras,NOATUM MARITIME SPAIN SAU
54110-1,36A,TERMINAL CATALUNYA SA,24-26,WILHELM,9376050,212777000,Xipre,134.44,,8.71,2024-04-16 15:19:00,2024-04-16 23:25:00,Algeciras,Valencia,A PEREZ Y CIA SL
54105-1,36A,TERMINAL CATALUNYA SA,27-30,BF LETICIA,9266542,209613000,Xipre,134.44,,8.71,2024-04-16 15:29:00,2024-04-17 07:07:00,Algeciras,Alger (Algiers),NOATUM MARITIME SPAIN SAU
53279-1,36A,TERMINAL CATALUNYA SA,20-23,JAGUAR,9127007,636021184,Libèria,157,23.5,9.3,2024-04-16 21:18:00,2024-04-17 06:40:00,Marseille,Djen-Djen,CMA CGM IBERICA SAU
53907-1,36A,TERMINAL CATALUNYA SA,11-19,MSC CAMILLE,9404651,354625000,Panamà,365.52,51.2,17.5,2024-04-16 22:43:00,2024-04-18 06:27:00,Valencia,Gioia Tauro,MEDITERRANEAN SHIPPING COM ESPAÑA SLU
54139-1,36A,TERMINAL CATALUNYA SA,20-23,WILHELMINE,9324954,255806271,Portugal,148,,8.5,2024-04-17 07:03:00,2024-04-18 00:03:00,Anvers,Moerdijk,MARTICO SL
53758-1,36A,TERMINAL CATALUNYA SA,27-30,BARBARA P,9144720,255805600,Portugal,138.97,23.9,9.19,2024-04-17 08:16:00,2024-04-17 16:17:00,Sagunto,Sagunto,SOLUCIONES INTEGRALES MARITIMAS SLU
54183-1,36A,TERMINAL CATALUNYA SA,26-30,GARWOOD,9347255,636016649,Libèria,186.34,,11.3,2024-04-17 17:41:00,2024-04-18 09:25:00,Fos-sur-Mer,Fos-sur-Mer,NOATUM MARITIME SPAIN SAU
54281-1,36A,TERMINAL CATALUNYA SA,20-24,MSC POLINA,9376141,636020740,Libèria,208.95,29.8,11.62,2024-04-18 01:19:00,2024-04-18 15:47:00,Valencia,Alger (Algiers),MEDITERRANEAN SHIPPING COM ESPAÑA SLU
53800-1,36A,TERMINAL CATALUNYA SA,12-18,MSC AMALFI,9605279,229626000,Malta,299.91,48.2,14.5,2024-04-18 08:48:00,2024-04-19 08:58:00,Fos-sur-Mer,Valencia,MEDITERRANEAN SHIPPING COM ESPAÑA SLU
53326-1,36A,TERMINAL CATALUNYA SA,26-30,CELSIUS LONDON,9303778,538009350,Illes Marshall,222.53,,12,2024-04-18 11:11:00,2024-04-19 12:08:00,Port Said,Vado Ligure,NOATUM MARITIME SPAIN SAU
54174-1,36A,TERMINAL CATALUNYA SA,20-24,ROBIN 4,9399741,636017360,Libèria,225.04,,12.2,2024-04-18 18:43:00,2024-04-19 06:07:00,Valencia,Vado Ligure,NOATUM MARITIME SPAIN SAU
53890-1,36A,TERMINAL CATALUNYA SA,5-10,MSC ADONIS,9706310,636021251,Libèria,299.99,48.4,10,2024-04-18 21:34:00,2024-04-20 13:49:00,Valencia,Genoa,MEDITERRANEAN SHIPPING COM ESPAÑA SLU
54336-1,36A,TERMINAL CATALUNYA SA,19-25,CSL MANHATTAN,9289556,636016853,Libèria,294.17,,13.65,2024-04-19 08:14:00,2024-04-19 21:02:00,Koper,Ningbo,MARTICO SL
54188-1,36A,TERMINAL CATALUNYA SA,12-18,MAERSK SERANGOON,9315214,565449000,Singapur,318,,15.9,2024-04-19 11:17:00,2024-04-20 01:17:00,Algeciras,Gioia Tauro,NOATUM MARITIME SPAIN SAU
54145-1,36A,TERMINAL CATALUNYA SA,27-30,WEC JAN STEEN,9354416,255806280,Portugal,134.44,,8.71,2024-04-19 16:03:00,2024-04-20 03:45:00,Valencia,Valencia,WEC LINES ESPAÑA SLU
54117-1,36A,TERMINAL CATALUNYA SA,19-22,CONTSHIP TOP,9395616,636018000,Libèria,147.87,23.25,8.5,2024-04-19 22:42:00,2024-04-20 07:07:00,Valencia,Annaba (ex Bone),MEDITERRANEAN SHIPPING COM ESPAÑA SLU
53758-3,36A,TERMINAL CATALUNYA SA,24-26,BARBARA P,9144720,255805600,Portugal,138.97,23.9,9.19,2024-04-19 23:30:00,2024-04-20 07:35:00,Sagunto,Sagunto,SOLUCIONES INTEGRALES MARITIMAS SLU
52343-1,36A,TERMINAL CATALUNYA SA,12-19,CMA CGM JULES VERNE,9454450,229190000,Malta,396,,16,2024-04-20 09:27:00,2024-04-22 07:14:00,Valencia,Fos-sur-Mer,CMA CGM IBERICA SAU
53912-1,36A,TERMINAL CATALUNYA SA,21-25,AS ANITA,9470961,636093268,Libèria,189.49,,11.35,2024-04-20 11:24:00,2024-04-20 18:25:00,Algeciras,Piraeus,COSCO SHIPPING LINES SPAIN SA
53855-1,36A,TERMINAL CATALUNYA SA,27-29,DINA TRADER,9354442,255801780,Portugal,134.44,,8.71,2024-04-20 13:12:00,2024-04-21 02:06:00,Sfax,Alger (Algiers),NOATUM MARITIME SPAIN SAU
53843-1,36A,TERMINAL CATALUNYA SA,2-10,MSC MIA,9839466,355798000,Panamà,400,61.51,16,2024-04-20 17:33:00,2024-04-25 18:15:00,Valencia,Gioia Tauro,MEDITERRANEAN SHIPPING COM ESPAÑA SLU
54173-1,36A,TERMINAL CATALUNYA SA,24-30,GSL ELENI,9285677,636019342,Libèria,300,,15,2024-04-21 03:39:00,2024-04-22 02:31:00,Port Said,Algeciras,NOATUM MARITIME SPAIN SAU
53901-1,36A,TERMINAL CATALUNYA SA,24-30,MSC ELODIE,9704972,255806494,Portugal,299.95,48.2,14.5,2024-04-22 05:10:00,2024-04-22 23:24:00,La Spezia,Valencia,MEDITERRANEAN SHIPPING COM ESPAÑA SLU
53791-1,36A,TERMINAL CATALUNYA SA,12-16,CTM ISTMO,9430870,352003103,Panamà,175.56,,10.9,2024-04-22 08:25:00,2024-04-22 21:28:00,Valencia,Genoa,ANTILLAS SEA AGENCY SL
54428-1,36A,TERMINAL CATALUNYA SA,19-23,GARWOOD,9347255,636016649,Libèria,186.34,,11.3,2024-04-22 22:17:00,2024-04-23 15:04:00,Fos-sur-Mer,Fos-sur-Mer,NOATUM MARITIME SPAIN SAU
53908-1,36A,TERMINAL CATALUNYA SA,12-17,MSC ANNICK,9169122,636017581,Libèria,260.66,,12.52,2024-04-22 22:41:00,2024-04-23 23:52:00,Casablanca,Casablanca,MEDITERRANEAN SHIPPING COM ESPAÑA SLU
53949-1,36A,TERMINAL CATALUNYA SA,25-30,CMA CGM KHAO SOK,9925837,256619000,Malta,240.05,42.8,14,2024-04-23 01:12:00,2024-04-23 21:10:00,Marseille,Valencia,CMA CGM IBERICA SAU
54113-1,36A,TERMINAL CATALUNYA SA,20-23,KANTATA,9327580,277549000,Lituània,147.84,,8.51,2024-04-23 16:38:00,2024-04-24 08:59:00,Oran,Oran,MEDITERRANEAN SHIPPING COM ESPAÑA SLU
53895-1,36A,TERMINAL CATALUNYA SA,24-30,MSC AGRIGENTO,9618276,357096000,Panamà,300.02,48.2,14.5,2024-04-23 23:03:00,2024-04-24 19:40:00,Algeciras,Gioia Tauro,MEDITERRANEAN SHIPPING COM ESPAÑA SLU
53911-1,36A,TERMINAL CATALUNYA SA,11-19,MSC BIANCA SILVIA,9930935,636021663,Libèria,365.9,51,17,2024-04-24 01:24:00,2024-04-26 03:12:00,Fos-sur-Mer,Valencia,MEDITERRANEAN SHIPPING COM ESPAÑA SLU
53757-1,36A,TERMINAL CATALUNYA SA,20-23,JONA SOPHIE,9144718,255805601,Portugal,139,23.9,9.19,2024-04-24 20:55:00,2024-04-25 02:39:00,Sagunto,Sagunto,SOLUCIONES INTEGRALES MARITIMAS SLU
54093-1,36A,TERMINAL CATALUNYA SA,24-30,CHICAGO,9248162,255805676,Portugal,279,,14.02,2024-04-24 22:25:00,2024-04-25 18:46:00,Colombo,Koper,MARTICO SL
54185-1,36A,TERMINAL CATALUNYA SA,20-23,CONTSHIP ANA,9308596,636020814,Libèria,139,22.6,8.8,2024-04-25 02:55:00,2024-04-25 19:22:00,Skikda (ex Philippeville),Skikda (ex Philippeville),NOATUM MARITIME SPAIN SAU
53900-1,36A,TERMINAL CATALUNYA SA,25-30,MSC NAHARA,9955789,636023312,Libèria,209.9,,12,2024-04-25 20:43:00,2024-04-26 21:58:00,Fos-sur-Mer,Alger (Algiers),MEDITERRANEAN SHIPPING COM ESPAÑA SLU
54371-1,36A,TERMINAL CATALUNYA SA,7-11,NORA MAERSK,9192478,477642600,Hong Kong,198.6,,11.15,2024-04-25 21:14:00,2024-04-26 16:53:00,Valencia,Vado Ligure,NOATUM MARITIME SPAIN SAU
54034-1,36A,TERMINAL CATALUNYA SA,2-5,DELPHIS GDANSK,9780653,477850500,Hong Kong,177.55,,9.5,2024-04-25 22:12:00,2024-04-26 05:23:00,Algeciras,Piraeus,COSCO SHIPPING LINES SPAIN SA
54102-1,36A,TERMINAL CATALUNYA SA,21-24,FIONA,9149885,636023461,Libèria,184.06,,9.88,2024-04-26 00:09:00,2024-04-26 23:55:00,Skikda (ex Philippeville),Skikda (ex Philippeville),MEDITERRANEAN SHIPPING COM ESPAÑA SLU
54309-2,36A,TERMINAL CATALUNYA SA,2-5,WILHELM,9376050,212777000,Xipre,134.44,22.5,8.71,2024-04-26 07:00:00,2024-04-26 13:23:00,Algeciras,Valencia,A PEREZ Y CIA SL
53909-1,36A,TERMINAL CATALUNYA SA,11-18,MSC MARIANNA,9226920,352335000,Panamà,303.94,40,10,2024-04-26 07:46:00,2024-04-27 03:11:00,La Spezia,Valencia,MEDITERRANEAN SHIPPING COM ESPAÑA SLU
53979-1,36A,TERMINAL CATALUNYA SA,5-10,MSC ATHOS,9618317,636022875,Libèria,299.95,48.2,14.5,2024-04-26 21:20:00,2024-04-28 06:25:00,Valencia,Livorno,MEDITERRANEAN SHIPPING COM ESPAÑA SLU
53757-3,36A,TERMINAL CATALUNYA SA,26-29,JONA SOPHIE,9144718,255805601,Portugal,139,23.9,9.19,2024-04-26 23:20:00,2024-04-27 06:23:00,Sagunto,Sagunto,SOLUCIONES INTEGRALES MARITIMAS SLU
54341-1,36A,TERMINAL CATALUNYA SA,21-24,WEC VERMEER,9237371,209177000,Xipre,134.55,22.5,8.7,2024-04-27 00:40:00,2024-04-27 12:47:00,Valencia,Valencia,WEC LINES ESPAÑA SLU
53902-1,36A,TERMINAL CATALUNYA SA,11-19,MSC ALEXANDRA,9461374,371753000,Panamà,365.8,51.2,10,2024-04-27 05:49:00,2024-04-28 13:43:00,Valencia,Valencia,MEDITERRANEAN SHIPPING COM ESPAÑA SLU
54475-1,36A,TERMINAL CATALUNYA SA,26-29,CONTSHIP TOP,9395616,636018000,Libèria,147.87,,8.5,2024-04-27 08:03:00,2024-04-28 00:29:00,Valencia,Annaba (ex Bone),MEDITERRANEAN SHIPPING COM ESPAÑA SLU
54339-1,36A,TERMINAL CATALUNYA SA,21-24,CONTSHIP JET,9348625,636019532,Libèria,159.8,,7.3,2024-04-27 13:48:00,2024-04-28 17:34:00,Moerdijk,Moerdijk,MARTICO SL
53086-1,36A,TERMINAL CATALUNYA SA,25-29,AS PAOLA,9312418,636092860,Libèria,207.54,,11.4,2024-04-28 01:46:00,2024-04-28 17:50:00,Genoa,Valencia,CMA CGM IBERICA SAU
54287-1,36A,TERMINAL CATALUNYA SA,3-10,MSC LAURENCE,9467419,371582000,Panamà,365.82,48.4,16.5,2024-04-28 08:20:00,2024-04-29 00:42:00,Valencia,Marsaxlokk,MEDITERRANEAN SHIPPING COM ESPAÑA SLU
54003-1,36A,TERMINAL CATALUNYA SA,12-18,MSC MELISSA,9226918,354340000,Panamà,303.89,,10,2024-04-28 15:29:00,2024-04-29 15:39:00,Valencia,Gioia Tauro,MEDITERRANEAN SHIPPING COM ESPAÑA SLU
54445-1,36A,TERMINAL CATALUNYA SA,25-30,CELSIUS NICOSIA,9330496,538009437,Illes Marshall,238.86,32.2,12,2024-04-28 19:32:00,2024-04-30 06:54:00,Vado Ligure,Vado Ligure,NOATUM MARITIME SPAIN SAU
54409-1,36A,TERMINAL CATALUNYA SA,21-24,FAITH,9301108,255802760,Portugal,155,21.5,6.97,2024-04-28 21:00:00,2024-04-30 04:21:00,Moerdijk,Moerdijk,MARTICO SL
54004-1,36A,TERMINAL CATALUNYA SA,3-10,MSC MINA,9839260,351862000,Panamà,400,61,16.5,2024-04-29 02:11:00,2024-05-06 03:15:00,Valencia,Gioia Tauro,MEDITERRANEAN SHIPPING COM ESPAÑA SLU
53268-1,36A,TERMINAL CATALUNYA SA,11-19,CMA CGM GREENLAND,9895006,228410800,França,366,,16,2024-04-30 01:34:00,2024-05-01 01:30:00,Valencia,Fos-sur-Mer,CMA CGM IBERICA SAU
54328-1,36A,TERMINAL CATALUNYA SA,20-23,CONTSHIP MAX,9347786,636017374,Libèria,139.13,22.6,8.8,2024-04-30 06:25:00,2024-04-30 16:50:00,Mostaganem,Marseille,CMA CGM IBERICA SAU
54097-1,36A,TERMINAL CATALUNYA SA,24-30,MSC NAOMI,9704984,255806500,Portugal,300,48.19,14.5,2024-04-30 08:51:00,2024-05-02 09:18:00,Valencia,Sines,MEDITERRANEAN SHIPPING COM ESPAÑA SLU
54108-2,36A,TERMINAL CATALUNYA SA,20-23,K-RIVER,9138355,255805995,Portugal,121.99,18.2,6.69,2024-04-30 18:55:00,2024-05-01 02:24:00,Valencia,Algeciras,A PEREZ Y CIA SL
54338-1,36A,TERMINAL CATALUNYA SA,12-17,SEADREAM,9632832,229550000,Malta,255.4,,13.5,2024-05-01 03:22:00,2024-05-02 19:06:00,Port Said,Tanger Med,NOATUM MARITIME SPAIN SAU
54503-1,36A,TERMINAL CATALUNYA SA,18-21,AVA D,9306225,255705000,Portugal,168,,10.2,2024-05-01 06:19:00,2024-05-02 07:48:00,Algeciras,Sfax,NOATUM MARITIME SPAIN SAU
54583-1,36A,TERMINAL CATALUNYA SA,18-21,RS LISA,9287704,255915596,Portugal,138,,7.47,2024-05-02 08:41:00,2024-05-03 05:35:00,Alger (Algiers),Alger (Algiers),NOATUM MARITIME SPAIN SAU
54095-1,36A,TERMINAL CATALUNYA SA,22-30,MSC REGULUS,9465291,373068000,Panamà,366.37,48.2,16.5,2024-05-02 11:30:00,2024-05-03 07:00:00,Gioia Tauro,Valencia,MEDITERRANEAN SHIPPING COM ESPAÑA SLU
53346-1,36A,TERMINAL CATALUNYA SA,11-17,CMA CGM IMAGINATION,9948231,256745000,Malta,272.3,42.8,15,2024-05-02 21:46:00,2024-05-03 18:36:00,Marseille,Valencia,CMA CGM IBERICA SAU
54295-1,36A,TERMINAL CATALUNYA SA,24-30,MSC LUISA,9225677,355308000,Panamà,299.99,,14.5,2024-05-03 08:41:00,2024-05-04 02:48:00,Al 'Aqabah,Valencia,MEDITERRANEAN SHIPPING COM ESPAÑA SLU
54469-1,36A,TERMINAL CATALUNYA SA,20-23,BARBARA P,9144720,255805600,Portugal,138.97,,9.19,2024-05-03 08:57:00,2024-05-03 21:00:00,Sagunto,Sagunto,SOLUCIONES INTEGRALES MARITIMAS SLU
54638-1,36A,TERMINAL CATALUNYA SA,16-19,WILHELMINE,9324954,255806271,Portugal,148,,8.5,2024-05-03 19:34:00,2024-05-04 06:43:00,Moerdijk,Moerdijk,MARTICO SL
54605-1,36A,TERMINAL CATALUNYA SA,20-23,WEC JAN STEEN,9354416,255806280,Portugal,134.44,,8.71,2024-05-03 23:23:00,2024-05-04 09:03:00,Valencia,Valencia,WEC LINES ESPAÑA SLU
54476-1,36A,TERMINAL CATALUNYA SA,11-15,MSC JIANI,9966934,636023100,Libèria,172,,9.7,2024-05-04 02:14:00,2024-05-04 21:08:00,Bejaia (ex Bougie),Bejaia (ex Bougie),MEDITERRANEAN SHIPPING COM ESPAÑA SLU
54250-1,36A,TERMINAL CATALUNYA SA,16-19,GREEN SEA,9865996,563102100,Singapur,172.07,,9.77,2024-05-04 08:01:00,2024-05-04 19:30:00,Valencia,Genoa,A PEREZ Y CIA SL
54641-1,36A,TERMINAL CATALUNYA SA,25-29,CELSIUS LONDON,9303778,538009350,Illes Marshall,222.53,32.2,12,2024-05-04 13:20:00,2024-05-05 16:13:00,Port Said,Vado Ligure,NOATUM MARITIME SPAIN SAU
54492-1,36A,TERMINAL CATALUNYA SA,20-24,ROBIN 4,9399741,636017360,Libèria,225.04,,12.2,2024-05-04 20:37:00,2024-05-05 20:00:00,Valencia,Vado Ligure,NOATUM MARITIME SPAIN SAU
54556-1,36A,TERMINAL CATALUNYA SA,16-19,GARWOOD,9347255,636016649,Libèria,186.34,27.6,11.3,2024-05-05 00:38:00,2024-05-06 03:29:00,Fos-sur-Mer,Tanger Med,NOATUM MARITIME SPAIN SAU
54715-1,36A,TERMINAL CATALUNYA SA,11-15,MSC ORTOLAN II,9401685,636022277,Libèria,175.53,27.4,10.9,2024-05-05 07:08:00,2024-05-06 09:05:00,Skikda (ex Philippeville),Skikda (ex Philippeville),MEDITERRANEAN SHIPPING COM ESPAÑA SLU
54647-1,36A,TERMINAL CATALUNYA SA,25-30,MAERSK COLOMBO,9525390,566492000,Singapur,249.12,,13.5,2024-05-05 18:05:00,2024-05-06 15:56:00,Port Said,Tanger Med,NOATUM MARITIME SPAIN SAU
54615-1,36A,TERMINAL CATALUNYA SA,20-24,ADMIRAL GALAXY,9365843,636019647,Libèria,182.85,28,11,2024-05-05 21:08:00,2024-05-07 03:32:00,Port Said,Fos-sur-Mer,BERGE MARITIMA SL
54224-1,36A,TERMINAL CATALUNYA SA,5-10,MSC ALBANY,9619438,636015665,Libèria,299,48.2,14.52,2024-05-06 05:17:00,2024-05-07 22:34:00,Valencia,Livorno,MEDITERRANEAN SHIPPING COM ESPAÑA SLU
54500-1,36A,TERMINAL CATALUNYA SA,16-19,OPS HAMBURG,9406829,636092040,Libèria,147.87,23.25,8.5,2024-05-06 08:29:00,2024-05-06 21:17:00,Oran,Marseille,CMA CGM IBERICA SAU
54301-1,36A,TERMINAL CATALUNYA SA,11-15,DELPHIS FINLAND,9763722,477858700,Hong Kong,177.53,,9.5,2024-05-06 10:12:00,2024-05-06 19:01:00,Algeciras,Piraeus,COSCO SHIPPING LINES SPAIN SA
54727-1,36A,TERMINAL CATALUNYA SA,26-29,MAERSK VALLETTA,9833369,563154500,Singapur,171.99,,9.5,2024-05-06 18:53:00,2024-05-07 12:34:00,Algeciras,Sfax,NOATUM MARITIME SPAIN SAU
53906-1,36A,TERMINAL CATALUNYA SA,11-19,MSC RAVENNA,9484431,636092268,Libèria,366,,16,2024-05-06 22:40:00,2024-05-07 18:33:00,Gioia Tauro,Valencia,MEDITERRANEAN SHIPPING COM ESPAÑA SLU
54688-1,36A,TERMINAL CATALUNYA SA,20-24,MSC POLINA,9376141,636020740,Libèria,208.95,,11.62,2024-05-07 06:19:00,2024-05-08 09:27:00,Alger (Algiers),Alger (Algiers),MEDITERRANEAN SHIPPING COM ESPAÑA SLU
54759-1,36A,TERMINAL CATALUNYA SA,26-29,BF ESPERANZA,9252785,304907000,Antigua i Barbuda,134.44,,8.71,2024-05-07 13:34:00,2024-05-08 03:00:00,Oran,Alger (Algiers),NOATUM MARITIME SPAIN SAU
53709-1,36A,TERMINAL CATALUNYA SA,11-19,CMA CGM T. ROOSEVELT,9780873,215251000,Malta,366.96,48.2,16,2024-05-07 20:24:00,2024-05-09 07:49:00,Valencia,Fos-sur-Mer,CMA CGM IBERICA SAU
54289-1,36A,TERMINAL CATALUNYA SA,3-10,MSC FRANCESCA,9401116,370993000,Panamà,363.57,,16,2024-05-07 23:54:00,2024-05-08 06:20:00,Fos-sur-Mer,Valencia,MEDITERRANEAN SHIPPING COM ESPAÑA SLU
54334-1,36A,TERMINAL CATALUNYA SA,4-10,MSC NEW HAVEN,9293777,255803670,Portugal,334,42.8,14.52,2024-05-08 08:31:00,2024-05-09 03:34:00,Algeciras,Gioia Tauro,MEDITERRANEAN SHIPPING COM ESPAÑA SLU
53295-1,36A,TERMINAL CATALUNYA SA,24-30,CMA CGM EXCELLENCE,9948217,256482000,Malta,272.3,,15,2024-05-08 10:42:00,2024-05-09 11:17:00,Marseille,Valencia,CMA CGM IBERICA SAU
54826-1,36A,TERMINAL CATALUNYA SA,20-23,CONTSHIP PAX,9435521,209575000,Xipre,147.83,,8.5,2024-05-08 11:26:00,2024-05-08 22:21:00,Marseille,Tanger Med,CMA CGM IBERICA SAU
54297-1,36A,TERMINAL CATALUNYA SA,2-10,MSC AMELIA,9896995,636020543,Libèria,399.77,61,16.5,2024-05-09 05:49:00,2024-05-14 21:52:00,Valencia,Gioia Tauro,MEDITERRANEAN SHIPPING COM ESPAÑA SLU
54247-1,36A,TERMINAL CATALUNYA SA,18-23,MSC RENAISSANCE III,9358436,636017608,Libèria,222.54,,12,2024-05-09 09:04:00,2024-05-09 20:48:00,Fos-sur-Mer,Valencia,MEDITERRANEAN SHIPPING COM ESPAÑA SLU
54246-1,36A,TERMINAL CATALUNYA SA,11-17,MSC AGRIGENTO,9618276,357096000,Panamà,300.02,,14.5,2024-05-09 10:17:00,2024-05-10 17:46:00,La Spezia,Valencia,MEDITERRANEAN SHIPPING COM ESPAÑA SLU
54716-1,36A,TERMINAL CATALUNYA SA,24-30,PANDA 001,9290787,255805780,Portugal,276,40,14,2024-05-09 13:05:00,2024-05-10 22:11:00,Colombo,Koper,MARTICO SL
54723-1,36A,TERMINAL CATALUNYA SA,19-23,NORA MAERSK,9192478,477642600,Hong Kong,198.6,30.2,11.15,2024-05-09 21:59:00,2024-05-10 08:15:00,Valencia,Vado Ligure,NOATUM MARITIME SPAIN SAU
54505-1,36A,TERMINAL CATALUNYA SA,20-23,DINA TRADER,9354442,255801780,Portugal,134.44,,8.71,2024-05-10 09:09:00,2024-05-11 06:07:00,Alger (Algiers),Alger (Algiers),NOATUM MARITIME SPAIN SAU
52690-1,36A,TERMINAL CATALUNYA SA,11-19,CMA CGM APOLLON,9882516,229685000,Malta,366,,16,2024-05-10 19:54:00,2024-05-13 05:57:00,Valencia,Fos-sur-Mer,CMA CGM IBERICA SAU
54466-1,36A,TERMINAL CATALUNYA SA,27-30,JONA SOPHIE,9144718,255805601,Portugal,139,,9.19,2024-05-10 23:21:00,2024-05-11 08:39:00,Sagunto,Sagunto,SOLUCIONES INTEGRALES MARITIMAS SLU
54713-1,36A,TERMINAL CATALUNYA SA,24-26,WEC VERMEER,9237371,209177000,Xipre,134.55,,8.7,2024-05-10 23:53:00,2024-05-11 09:46:00,Valencia,Valencia,WEC LINES ESPAÑA SLU
54296-1,36A,TERMINAL CATALUNYA SA,24-30,MSC CATERINA,9705005,255806492,Portugal,299.95,48.2,15.94,2024-05-11 11:52:00,2024-05-12 01:41:00,La Spezia,Valencia,MEDITERRANEAN SHIPPING COM ESPAÑA SLU
53296-1,36A,TERMINAL CATALUNYA SA,24-30,CMA CGM EXEMPLARITY,9948229,256485000,Malta,272.5,42.8,15,2024-05-12 03:19:00,2024-05-13 06:14:00,Marseille,Valencia,CMA CGM IBERICA SAU
54829-1,36A,TERMINAL CATALUNYA SA,25-29,ADMIRAL GALAXY,9365843,636019647,Libèria,182.85,28,11,2024-05-13 07:26:00,2024-05-14 03:39:00,Fos-sur-Mer,Fos-sur-Mer,BERGE MARITIMA SL
54875-1,36A,TERMINAL CATALUNYA SA,20-23,CONTSHIP JET,9348625,636019532,Libèria,159.8,,7.3,2024-05-13 08:28:00,2024-05-14 19:23:00,Moerdijk,Moerdijk,MARTICO SL
54333-1,36A,TERMINAL CATALUNYA SA,11-19,MSC DARLENE,9930959,636021666,Libèria,365.9,51,17,2024-05-13 09:41:00,2024-05-15 01:12:00,Fos-sur-Mer,Valencia,MEDITERRANEAN SHIPPING COM ESPAÑA SLU
54720-1,36A,TERMINAL CATALUNYA SA,24-30,GSL MYNY,9213583,636020773,Libèria,277.23,,14.39,2024-05-14 05:22:00,2024-05-15 05:03:00,Port Said,Tanger Med,NOATUM MARITIME SPAIN SAU
53503-1,36A,TERMINAL CATALUNYA SA,20-23,MIMMI SCHULTE,9743473,563024600,Singapur,188.85,,10.5,2024-05-14 20:53:00,2024-05-15 05:41:00,Algeciras,Piraeus,ORIENT OVERSEAS CONTAINER LINE SPAIN SL
54787-1,36A,TERMINAL CATALUNYA SA,4-10,MAERSK SENANG,9315240,565482000,Singapur,318,,15.89,2024-05-14 23:18:00,2024-05-15 11:52:00,Algeciras,Gioia Tauro,NOATUM MARITIME SPAIN SAU
54365-1,36A,TERMINAL CATALUNYA SA,12-18,MSC MICHELA,9720512,255805929,Portugal,299.87,48.19,14.5,2024-05-15 02:50:00,2024-05-16 11:14:00,Valencia,Livorno,MEDITERRANEAN SHIPPING COM ESPAÑA SLU
54470-1,36A,TERMINAL CATALUNYA SA,20-23,BARBARA P,9144720,255805600,Portugal,138.97,,9.19,2024-05-15 06:49:00,2024-05-15 15:29:00,Sagunto,Sagunto,SOLUCIONES INTEGRALES MARITIMAS SLU
54786-1,36A,TERMINAL CATALUNYA SA,25-30,CELSIUS NICOSIA,9330496,538009437,Illes Marshall,238.86,,12,2024-05-15 08:08:00,2024-05-16 09:48:00,Port Said,Vado Ligure,NOATUM MARITIME SPAIN SAU
54407-1,36A,TERMINAL CATALUNYA SA,4-10,MAERSK PUELO,9306172,353117000,Panamà,304,,14,2024-05-15 13:24:00,2024-05-16 00:12:00,Algeciras,Gioia Tauro,NOATUM MARITIME SPAIN SAU
54474-1,36A,TERMINAL CATALUNYA SA,2-10,MSC DILETTA,9897004,636020598,Libèria,399.77,61,16.5,2024-05-16 02:40:00,2024-05-21 12:48:00,Valencia,Gioia Tauro,MEDITERRANEAN SHIPPING COM ESPAÑA SLU
53877-1,36A,TERMINAL CATALUNYA SA,25-29,CMA CGM MALTA,9301433,229340000,Malta,210.06,,11.5,2024-05-16 11:03:00,2024-05-16 18:50:00,Genoa,Valencia,CMA CGM IBERICA SAU
54373-1,36A,TERMINAL CATALUNYA SA,12-17,MSC ANNICK,9169122,636017581,Libèria,260.66,32.25,12.52,2024-05-16 12:39:00,2024-05-17 16:11:00,La Spezia,Valencia,MEDITERRANEAN SHIPPING COM ESPAÑA SLU
55078-1,36A,TERMINAL CATALUNYA SA,20-23,FAITH,9301108,255802760,Portugal,155,21.5,6.97,2024-05-16 13:46:00,2024-05-17 01:59:00,Moerdijk,Moerdijk,MARTICO SL
55045-1,36A,TERMINAL CATALUNYA SA,24-30,SEASPAN FRASER,9351608,477815200,Hong Kong,265.04,,12.62,2024-05-16 20:26:00,2024-05-17 21:58:00,Port Said,Tanger Med,NOATUM MARITIME SPAIN SAU
55009-1,36A,TERMINAL CATALUNYA SA,20-23,KANTATA,9327580,277549000,Lituània,147.84,,8.51,2024-05-17 04:39:00,2024-05-18 01:32:00,Ghazaouet,Oran,MEDITERRANEAN SHIPPING COM ESPAÑA SLU
52693-1,36A,TERMINAL CATALUNYA SA,11-19,CMA CGM AMERIGO VESPUCCI,9454395,215992000,Malta,365.5,,16,2024-05-17 19:19:00,2024-05-19 14:48:00,Valencia,Fos-sur-Mer,CMA CGM IBERICA SAU
54470-3,36A,TERMINAL CATALUNYA SA,27-30,BARBARA P,9144720,255805600,Portugal,138.97,,9.19,2024-05-17 22:58:00,2024-05-18 06:50:00,Sagunto,Sagunto,SOLUCIONES INTEGRALES MARITIMAS SLU
54888-1,36A,TERMINAL CATALUNYA SA,24-26,WEC JAN STEEN,9354416,255806280,Portugal,134.44,22.5,8.71,2024-05-18 00:04:00,2024-05-18 12:34:00,Sines,Valencia,WEC LINES ESPAÑA SLU
55086-1,36A,TERMINAL CATALUNYA SA,20-23,WYBELSUM,9386976,236465000,Gibraltar,161,,9.9,2024-05-18 03:31:00,2024-05-18 10:01:00,Algeciras,Sfax,NOATUM MARITIME SPAIN SAU
54694-1,36A,TERMINAL CATALUNYA SA,24-30,MSC JULIE,9704996,255806498,Portugal,299.96,,14.5,2024-05-18 14:08:00,2024-05-19 00:59:00,La Spezia,Valencia,MEDITERRANEAN SHIPPING COM ESPAÑA SLU
54471-1,36A,TERMINAL CATALUNYA SA,22-29,MSC PERLE,9503732,636017921,Libèria,366,48.2,15.52,2024-05-19 02:12:00,2024-05-20 06:08:00,Valencia,Gioia Tauro,MEDITERRANEAN SHIPPING COM ESPAÑA SLU
53754-1,36A,TERMINAL CATALUNYA SA,12-18,ALEXANDRA,9635676,538004912,Illes Marshall,270.07,,14.5,2024-05-19 16:24:00,2024-05-20 11:33:00,Marseille,Valencia,CMA CGM IBERICA SAU
54248-1,36A,TERMINAL CATALUNYA SA,22-29,MSC CAMILLE,9404651,354625000,Panamà,365.52,51.2,17.5,2024-05-20 08:09:00,2024-05-21 06:41:00,Valencia,Abu Dhabi,MEDITERRANEAN SHIPPING COM ESPAÑA SLU
55019-1,36A,TERMINAL CATALUNYA SA,17-20,RS LISA,9287704,255915596,Portugal,138,21.3,7.47,2024-05-20 12:15:00,2024-05-21 13:49:00,Alger (Algiers),Skikda (ex Philippeville),NOATUM MARITIME SPAIN SAU
54832-1,36A,TERMINAL CATALUNYA SA,12-16,MSC NAHARA,9955789,636023312,Libèria,209.9,,12,2024-05-20 13:22:00,2024-05-21 13:43:00,Fos-sur-Mer,Alger (Algiers),MEDITERRANEAN SHIPPING COM ESPAÑA SLU
54899-1,36A,TERMINAL CATALUNYA SA,26-30,CELSIUS LONDON,9303778,538009350,Illes Marshall,222.53,32.2,12,2024-05-21 08:06:00,2024-05-22 21:46:00,Port Said,Vado Ligure,NOATUM MARITIME SPAIN SAU
55138-1,36A,TERMINAL CATALUNYA SA,21-25,ADMIRAL GALAXY,9365843,636019647,Libèria,182.85,28,11,2024-05-21 09:58:00,2024-05-22 07:21:00,Fos-sur-Mer,Fos-sur-Mer,BERGE MARITIMA SL
54693-1,36A,TERMINAL CATALUNYA SA,3-10,MSC MARIAGRAZIA,9964194,636023679,Libèria,366,51,16.9,2024-05-21 14:45:00,2024-05-22 05:32:00,Fos-sur-Mer,Valencia,MEDITERRANEAN SHIPPING COM ESPAÑA SLU
54055-1,36A,TERMINAL CATALUNYA SA,12-16,CMA CGM NAVEGANTES,9303780,256144000,Malta,222,,12,2024-05-21 15:38:00,2024-05-22 08:36:00,Genoa,Valencia,CMA CGM IBERICA SAU
54789-1,36A,TERMINAL CATALUNYA SA,17-20,CONTSHIP ANA,9308596,636020814,Libèria,139,22.6,8.8,2024-05-21 15:55:00,2024-05-22 23:38:00,Alger (Algiers),Alger (Algiers),NOATUM MARITIME SPAIN SAU
54691-1,36A,TERMINAL CATALUNYA SA,3-10,MSC IRENE,9399040,355233000,Panamà,366.07,,17.5,2024-05-22 06:49:00,2024-05-23 02:46:00,Valencia,Gioia Tauro,MEDITERRANEAN SHIPPING COM ESPAÑA SLU
54467-1,36A,TERMINAL CATALUNYA SA,13-16,JONA SOPHIE,9144718,255805601,Portugal,139,,9.19,2024-05-22 09:27:00,2024-05-22 18:57:00,Sagunto,Sagunto,SOLUCIONES INTEGRALES MARITIMAS SLU
55106-1,36A,TERMINAL CATALUNYA SA,25-30,WIKING,9708382,218549000,Alemanya,255,,13,2024-05-22 23:18:00,2024-05-23 11:40:00,Colombo,Koper,MARTICO SL
54604-1,36A,TERMINAL CATALUNYA SA,11-18,CAPE TAINARO,9706205,249982000,Malta,330,,16,2024-05-23 01:21:00,2024-05-24 07:29:00,Valencia,Genoa,MEDITERRANEAN SHIPPING COM ESPAÑA SLU
54714-1,36A,TERMINAL CATALUNYA SA,4-10,MSC BEIJING,9289099,255806376,Portugal,324.89,42.8,16.29,2024-05-23 06:00:00,2024-05-24 12:31:00,Alger (Algiers),Gioia Tauro,MEDITERRANEAN SHIPPING COM ESPAÑA SLU
55107-1,36A,TERMINAL CATALUNYA SA,20-23,MAERSK VALLETTA,9833369,563154500,Singapur,171.99,,9.5,2024-05-23 07:04:00,2024-05-23 17:44:00,Algeciras,Sfax,NOATUM MARITIME SPAIN SAU
54431-1,36A,TERMINAL CATALUNYA SA,24-30,MSC DORINE,9301328,636020898,Libèria,294.05,32.2,14.08,2024-05-23 13:27:00,2024-05-24 05:31:00,La Spezia,Valencia,MEDITERRANEAN SHIPPING COM ESPAÑA SLU
54724-1,36A,TERMINAL CATALUNYA SA,19-23,NORA MAERSK,9192478,477642600,Hong Kong,198.6,30.2,11.15,2024-05-23 18:51:00,2024-05-24 11:48:00,Valencia,Vado Ligure,NOATUM MARITIME SPAIN SAU
55122-1,36A,TERMINAL CATALUNYA SA,24-30,CONSTANTINOS P II,9461623,538007683,Illes Marshall,261.03,,12.6,2024-05-24 06:54:00,2024-05-25 05:14:00,Port Said,Tanger Med,NOATUM MARITIME SPAIN SAU
55097-1,36A,TERMINAL CATALUNYA SA,11-18,MAERSK SENANG,9315240,565482000,Singapur,318,,15.89,2024-05-24 08:36:00,2024-05-25 06:52:00,La Spezia,Valencia,NOATUM MARITIME SPAIN SAU
54467-3,36A,TERMINAL CATALUNYA SA,20-23,JONA SOPHIE,9144718,255805601,Portugal,139,,9.19,2024-05-24 13:12:00,2024-05-24 23:20:00,Sagunto,Sagunto,SOLUCIONES INTEGRALES MARITIMAS SLU
54765-1,36A,TERMINAL CATALUNYA SA,2-10,MSC ALLEGRA,9897028,636020600,Libèria,399.77,61,17.74,2024-05-24 14:45:00,2024-05-30 19:04:00,Valencia,Gioia Tauro,MEDITERRANEAN SHIPPING COM ESPAÑA SLU
55197-1,36A,TERMINAL CATALUNYA SA,19-23,MAERSK DAKAR,9302449,636024014,Singapur,207.51,,11.4,2024-05-25 00:40:00,2024-05-25 09:36:00,Piraeus,Haifa,NOATUM MARITIME SPAIN SAU
53759-1,36A,TERMINAL CATALUNYA SA,24-30,CMA CGM VOLTAIRE,9635652,229877000,Malta,270.07,,14.52,2024-05-25 06:42:00,2024-05-25 23:11:00,Marseille,Valencia,CMA CGM IBERICA SAU
55224-1,36A,TERMINAL CATALUNYA SA,11-16,AS CONSTANTINA,9308390,636093054,Libèria,221.69,,11.4,2024-05-25 08:57:00,2024-05-25 19:03:00,Genoa,Valencia,COSCO SHIPPING LINES SPAIN SA
54890-1,36A,TERMINAL CATALUNYA SA,20-23,WEC VERMEER,9237371,209177000,Xipre,134.55,,8.7,2024-05-25 18:33:00,2024-05-26 03:43:00,Valencia,Las Palmas,WEC LINES ESPAÑA SLU
54836-1,36A,TERMINAL CATALUNYA SA,12-18,MSC MELISSA,9226918,354340000,Panamà,303.89,40,15.84,2024-05-25 21:00:00,2024-05-26 18:42:00,Fos-sur-Mer,Valencia,MEDITERRANEAN SHIPPING COM ESPAÑA SLU
55251-1,36A,TERMINAL CATALUNYA SA,25-29,MSC PORTO III,9299020,636018191,Libèria,208,,11.4,2024-05-26 01:15:00,2024-05-27 04:21:00,La Spezia,Castellon de la Plana,MEDITERRANEAN SHIPPING COM ESPAÑA SLU
54193-1,36A,TERMINAL CATALUNYA SA,12-18,CORCOVADO,9687564,636092798,Libèria,300,48.2,15.02,2024-05-26 20:05:00,2024-05-28 07:36:00,Valencia,Livorno,HAPAG LLOYD SPAIN SL
54835-1,36A,TERMINAL CATALUNYA SA,24-30,MSC LISA,9281279,353968000,Panamà,294.1,,13.5,2024-05-27 06:03:00,2024-05-27 18:45:00,Genoa,Valencia,MEDITERRANEAN SHIPPING COM ESPAÑA SLU
54834-1,36A,TERMINAL CATALUNYA SA,22-29,MSC MARIA SAVERIA,9467421,372400000,Panamà,365.85,48.4,16.5,2024-05-27 23:58:00,2024-05-28 18:48:00,Fos-sur-Mer,Valencia,MEDITERRANEAN SHIPPING COM ESPAÑA SLU
53999-1,36A,TERMINAL CATALUNYA SA,11-19,CMA CGM GALAPAGOS,9894997,228410700,França,366,51,16,2024-05-28 07:55:00,2024-05-30 12:59:00,Valencia,Fos-sur-Mer,CMA CGM IBERICA SAU
54792-1,36A,TERMINAL CATALUNYA SA,22-29,MSC ARIANE,9484443,373355000,Panamà,365.81,48.4,16,2024-05-28 23:10:00,2024-05-29 21:37:00,Valencia,Abu Dhabi,MEDITERRANEAN SHIPPING COM ESPAÑA SLU
54862-2,36A,TERMINAL CATALUNYA SA,27-29,K-RIVER,9138355,255805995,Portugal,121.99,,6.69,2024-05-29 22:59:00,2024-05-30 06:01:00,Valencia,Algeciras,A PEREZ Y CIA SL
55345-1,36A,TERMINAL CATALUNYA SA,22-25,ADMIRAL GALAXY,9365843,636019647,Libèria,182.85,28,11,2024-05-30 00:30:00,2024-05-31 02:04:00,Fos-sur-Mer,Fos-sur-Mer,BERGE MARITIMA SL
55344-1,36A,TERMINAL CATALUNYA SA,26-29,CONTSHIP JET,9348625,636019532,Libèria,159.8,24.8,7.3,2024-05-30 07:21:00,2024-05-31 05:02:00,Moerdijk,Moerdijk,MARTICO SL
55145-1,36A,TERMINAL CATALUNYA SA,12-17,CELSIUS NICOSIA,9330496,538009437,Illes Marshall,238.86,32.2,12,2024-05-30 14:32:00,2024-05-31 22:16:00,Port Said,Vado Ligure,NOATUM MARITIME SPAIN SAU
54465-1,36A,TERMINAL CATALUNYA SA,18-21,BARBARA P,9144720,255805600,Portugal,138.97,,9.19,2024-05-30 15:30:00,2024-05-30 22:08:00,Sagunto,Sagunto,SOLUCIONES INTEGRALES MARITIMAS SLU
55383-1,36A,TERMINAL CATALUNYA SA,18-21,MSC IRA II,9323493,636023306,Libèria,176.9,27.4,10.9,2024-05-30 22:31:00,2024-05-31 22:34:00,Bejaia (ex Bougie),Bejaia (ex Bougie),MEDITERRANEAN SHIPPING COM ESPAÑA SLU
54833-1,36A,TERMINAL CATALUNYA SA,3-10,MSC RENEE,9465306,477307300,Hong Kong,366.45,48.2,16.5,2024-05-30 23:08:00,2024-06-01 09:55:00,Valencia,Marsaxlokk,MEDITERRANEAN SHIPPING COM ESPAÑA SLU
55246-1,36A,TERMINAL CATALUNYA SA,22-25,DINA TRADER,9354442,255801780,Portugal,134.44,22.5,8.71,2024-05-31 04:41:00,2024-06-01 05:57:00,Alger (Algiers),Alger (Algiers),NOATUM MARITIME SPAIN SAU
54697-1,36A,TERMINAL CATALUNYA SA,26-29,NORDTIGER,9626247,212283000,Xipre,169.99,,9.5,2024-05-31 06:30:00,2024-05-31 16:36:00,Da Chan Bay                        ,Koper,MARTICO SL
54465-3,36A,TERMINAL CATALUNYA SA,26-29,BARBARA P,9144720,255805600,Portugal,138.97,,9.19,2024-05-31 19:05:00,2024-06-01 05:33:00,Sagunto,Sagunto,SOLUCIONES INTEGRALES MARITIMAS SLU
54954-1,36A,TERMINAL CATALUNYA SA,12-16,DELPHIS GDANSK,9780653,477850500,Hong Kong,177.55,30.5,9.5,2024-05-31 23:47:00,2024-06-01 08:40:00,Algeciras,Piraeus,COSCO SHIPPING LINES SPAIN SA
54889-1,36A,TERMINAL CATALUNYA SA,18-21,WEC JAN STEEN,9354416,255806280,Portugal,134.44,,8.71,2024-06-01 00:17:00,2024-06-01 09:15:00,Valencia,Valencia,WEC LINES ESPAÑA SLU
55390-1,36A,TERMINAL CATALUNYA SA,26-29,FAITH,9301108,255802760,Portugal,155,21.5,6.97,2024-06-01 06:52:00,2024-06-01 20:27:00,Moerdijk,Moerdijk,MARTICO SL
54732-1,36A,TERMINAL CATALUNYA SA,22-25,OPS HAMBURG,9406829,636092040,Libèria,147.87,,8.5,2024-06-01 07:44:00,2024-06-01 17:41:00,Mostaganem,Marseille,CMA CGM IBERICA SAU
54877-1,36A,TERMINAL CATALUNYA SA,2-10,MSC METTE,9936630,636023084,Libèria,399.99,61.5,18.39,2024-06-01 13:24:00,2024-06-06 12:23:00,Valencia,Gioia Tauro,MEDITERRANEAN SHIPPING COM ESPAÑA SLU
55065-1,36A,TERMINAL CATALUNYA SA,11-18,MSC ANZU,9710426,255806496,Portugal,299.98,,14.5,2024-06-01 16:59:00,2024-06-02 01:41:00,La Spezia,Valencia,MEDITERRANEAN SHIPPING COM ESPAÑA SLU
54171-1,36A,TERMINAL CATALUNYA SA,24-30,CMA CGM BETTER WAYS,9950557,256587000,Malta,272.3,,15,2024-06-01 22:05:00,2024-06-02 11:47:00,Marseille,Valencia,CMA CGM IBERICA SAU
54001-1,36A,TERMINAL CATALUNYA SA,11-19,CMA CGM CAPE COD,9938133,256612000,Malta,366,51,16,2024-06-02 04:54:00,2024-06-03 06:03:00,Valencia,Fos-sur-Mer,CMA CGM IBERICA SAU
55496-1,36A,TERMINAL CATALUNYA SA,22-30,MSC KATIE,9467457,351848000,Panamà,365.88,48.4,16.5,2024-06-02 13:35:00,2024-06-03 09:31:00,Valencia,Gioia Tauro,MEDITERRANEAN SHIPPING COM ESPAÑA SLU
55362-1,36A,TERMINAL CATALUNYA SA,11-18,MAERSK KENTUCKY,9193240,563073800,Singapur,292.07,,13.52,2024-06-03 08:05:00,2024-06-03 23:34:00,Port Said,Tanger Med,NOATUM MARITIME SPAIN SAU
55449-1,36A,TERMINAL CATALUNYA SA,19-22,ANNABA,9306201,255806514,Portugal,168,,10.2,2024-06-03 11:20:00,2024-06-03 21:20:00,Algeciras,Sfax,NOATUM MARITIME SPAIN SAU
55444-1,36A,TERMINAL CATALUNYA SA,24-30,PORTO CHELI,9221839,636020869,Libèria,300,,14.52,2024-06-03 12:27:00,2024-06-04 06:21:00,Algeciras,Gioia Tauro,NOATUM MARITIME SPAIN SAU
55342-1,36A,TERMINAL CATALUNYA SA,16-19,DELPHIS BOTHNIA,9763710,477537200,Hong Kong,177.56,30.5,9.5,2024-06-04 01:38:00,2024-06-04 13:53:00,Valencia,Piraeus,COSCO SHIPPING LINES SPAIN SA
55430-1,36A,TERMINAL CATALUNYA SA,12-15,FIONA,9149885,636023461,Libèria,184.06,25.3,9.88,2024-06-04 02:38:00,2024-06-04 22:58:00,Skikda (ex Philippeville),Skikda (ex Philippeville),MEDITERRANEAN SHIPPING COM ESPAÑA SLU
55101-1,36A,TERMINAL CATALUNYA SA,22-29,MSC CAPELLA,9465289,373031000,Panamà,366.43,,16.5,2024-06-04 15:54:00,2024-06-05 11:01:00,Fos-sur-Mer,Valencia,MEDITERRANEAN SHIPPING COM ESPAÑA SLU
54910-1,36A,TERMINAL CATALUNYA SA,11-19,MSC THAIS,9957347,636023562,Libèria,364,51,16,2024-06-05 00:57:00,2024-06-05 23:22:00,Gioia Tauro,Valencia,MEDITERRANEAN SHIPPING COM ESPAÑA SLU
55517-1,36A,TERMINAL CATALUNYA SA,26-29,JONA SOPHIE,9144718,255805601,Portugal,139,,9.19,2024-06-05 12:07:00,2024-06-05 19:04:00,Sagunto,Sagunto,SOLUCIONES INTEGRALES MARITIMAS SLU
55431-1,36A,TERMINAL CATALUNYA SA,21-24,KANTATA,9327580,277549000,Lituània,147.84,,8.51,2024-06-05 12:50:00,2024-06-06 05:54:00,Oran,Oran,MEDITERRANEAN SHIPPING COM ESPAÑA SLU
54991-1,36A,TERMINAL CATALUNYA SA,26-29,CONTSHIP PAX,9435521,209575000,Xipre,147.83,23.25,8.5,2024-06-05 20:24:00,2024-06-06 07:00:00,Mostaganem,Tanger Med,CMA CGM IBERICA SAU
55477-1,36A,TERMINAL CATALUNYA SA,16-19,RS LISA,9287704,255915596,Portugal,138,21.3,7.47,2024-06-06 01:00:00,2024-06-06 15:51:00,Alger (Algiers),Skikda (ex Philippeville),NOATUM MARITIME SPAIN SAU
55556-1,36A,TERMINAL CATALUNYA SA,12-15,ADMIRAL GALAXY,9365843,636019647,Libèria,182.85,28,11,2024-06-06 01:26:00,2024-06-06 22:47:00,Vado Ligure,Fos-sur-Mer,BERGE MARITIMA SL
55483-1,36A,TERMINAL CATALUNYA SA,21-24,CONTSHIP ANA,9308596,636020814,Libèria,139,22.6,8.8,2024-06-06 06:36:00,2024-06-07 03:09:00,Alger (Algiers),Alger (Algiers),NOATUM MARITIME SPAIN SAU
55134-1,36A,TERMINAL CATALUNYA SA,25-30,KUMASI,9220859,311060500,Bahames,195.6,,11.01,2024-06-06 08:16:00,2024-06-07 01:07:00,Colombo,Koper,MARTICO SL
53265-1,36A,TERMINAL CATALUNYA SA,3-10,CMA CGM KIMBERLEY,9894973,228409900,França,366,,16,2024-06-06 18:16:00,2024-06-08 03:12:00,Valencia,Fos-sur-Mer,CMA CGM IBERICA SAU
54943-1,36A,TERMINAL CATALUNYA SA,11-17,MSC CLEA,9720524,255805930,Portugal,299.84,48.2,14.5,2024-06-07 01:08:00,2024-06-09 06:18:00,Valencia,Livorno,MEDITERRANEAN SHIPPING COM ESPAÑA SLU
55375-1,36A,TERMINAL CATALUNYA SA,25-30,CELSIUS LONDON,9303778,538009350,Illes Marshall,222.53,32.2,12,2024-06-07 02:24:00,2024-06-08 09:56:00,Port Said,Vado Ligure,NOATUM MARITIME SPAIN SAU
55579-3,36A,TERMINAL CATALUNYA SA,21-24,NANTO,9083043,276870000,Estònia,151.14,19.4,7.45,2024-06-07 06:18:00,2024-06-07 19:13:00,Desconegut,Moerdijk,MARTICO SL
55458-1,36A,TERMINAL CATALUNYA SA,18-21,WEC VERMEER,9237371,209177000,Xipre,134.44,22.5,8.71,2024-06-07 20:09:00,2024-06-08 06:48:00,Valencia,Valencia,WEC LINES ESPAÑA SLU
55517-3,36A,TERMINAL CATALUNYA SA,22-24,JONA SOPHIE,9144718,255805601,Portugal,139,,9.19,2024-06-07 20:51:00,2024-06-08 05:37:00,Sagunto,Sagunto,SOLUCIONES INTEGRALES MARITIMAS SLU
55186-1,36A,TERMINAL CATALUNYA SA,4-10,MSC LUISA,9225677,355308000,Panamà,299.99,,14.5,2024-06-08 05:05:00,2024-06-08 20:43:00,Fos-sur-Mer,Valencia,MEDITERRANEAN SHIPPING COM ESPAÑA SLU
55503-1,36A,TERMINAL CATALUNYA SA,19-24,MAERSK FLORENCE,9969053,563219800,Singapur,254.94,40,14,2024-06-08 09:15:00,2024-06-09 15:46:00,Port Said,Tanger Med,NOATUM MARITIME SPAIN SAU
54846-1,36A,TERMINAL CATALUNYA SA,26-29,CTM ISTMO,9430870,352003103,Panamà,175.56,,10.9,2024-06-08 12:19:00,2024-06-09 00:33:00,Valencia,Genoa,ANTILLAS SEA AGENCY SL
55185-1,36A,TERMINAL CATALUNYA SA,2-10,MSC ARINA,9839284,,Panamà,399.81,61,16.5,2024-06-08 23:24:00,2024-06-15 00:56:00,Valencia,Gioia Tauro,MEDITERRANEAN SHIPPING COM ESPAÑA SLU
54725-1,36A,TERMINAL CATALUNYA SA,25-29,NORA MAERSK,9192478,477642600,Hong Kong,198.6,,11.15,2024-06-09 02:29:00,2024-06-10 02:45:00,Vado Ligure,Valencia,NOATUM MARITIME SPAIN SAU
55732-1,36A,TERMINAL CATALUNYA SA,11-17,MSC DORINE,9301328,636020898,Libèria,294.05,,13.5,2024-06-09 07:34:00,2024-06-10 18:25:00,Castellon de la Plana,Casablanca,MEDITERRANEAN SHIPPING COM ESPAÑA SLU
55621-1,36A,TERMINAL CATALUNYA SA,20-23,WYBELSUM,9386976,236465000,Gibraltar,161,,9.9,2024-06-09 17:10:00,2024-06-10 03:35:00,Algeciras,Sfax,NOATUM MARITIME SPAIN SAU
54172-1,36A,TERMINAL CATALUNYA SA,24-30,KRISTINA,9641223,538004913,Illes Marshall,270.07,,14.5,2024-06-10 04:52:00,2024-06-10 23:46:00,Marseille,Valencia,CMA CGM IBERICA SAU
55448-1,36A,TERMINAL CATALUNYA SA,19-23,MIMMI SCHULTE,9743473,563024600,Singapur,188.85,,10.5,2024-06-10 12:04:00,2024-06-10 20:21:00,Algeciras,Piraeus,ORIENT OVERSEAS CONTAINER LINE SPAIN SL
55702-1,36A,TERMINAL CATALUNYA SA,12-18,MSC ALYSSA,9235050,351473000,Panamà,273.78,32.2,8,2024-06-10 19:43:00,2024-06-11 08:54:00,Malaga,Valencia,MEDITERRANEAN SHIPPING COM ESPAÑA SLU
55384-1,36A,TERMINAL CATALUNYA SA,22-29,MSC DANIT,9404649,357051000,Panamà,365.5,,16,2024-06-11 02:23:00,2024-06-12 15:58:00,Sines,Gioia Tauro,MEDITERRANEAN SHIPPING COM ESPAÑA SLU
55764-1,36A,TERMINAL CATALUNYA SA,12-16,MSC PORTO III,9299020,636018191,Libèria,208,29.8,11.4,2024-06-11 10:30:00,2024-06-12 06:43:00,Valencia,Alger (Algiers),MEDITERRANEAN SHIPPING COM ESPAÑA SLU
55649-1,36A,TERMINAL CATALUNYA SA,17-20,MAERSK VALLETTA,9833369,563154500,Singapur,171.99,,9.5,2024-06-11 11:21:00,2024-06-11 22:03:00,Algeciras,Genoa,NOATUM MARITIME SPAIN SAU
55253-1,36A,TERMINAL CATALUNYA SA,11-19,MSC CARMELITA,9946879,636023269,Libèria,365.98,51,17,2024-06-12 09:17:00,2024-06-13 10:59:00,Fos-sur-Mer,Valencia,MEDITERRANEAN SHIPPING COM ESPAÑA SLU
55518-1,36A,TERMINAL CATALUNYA SA,26-29,BARBARA P,9144720,255805600,Portugal,138.97,23.9,9.19,2024-06-12 18:06:00,2024-06-13 03:03:00,Sagunto,Sagunto,SOLUCIONES INTEGRALES MARITIMAS SLU
55592-1,36A,TERMINAL CATALUNYA SA,21-25,MSC IRA II,9323493,636023306,Libèria,176.9,,10.9,2024-06-12 18:41:00,2024-06-13 13:29:00,Bejaia (ex Bougie),Bejaia (ex Bougie),MEDITERRANEAN SHIPPING COM ESPAÑA SLU
55187-1,36A,TERMINAL CATALUNYA SA,11-17,MSC MAXINE,9720287,255806521,Portugal,299.84,48.2,14.5,2024-06-13 13:17:00,2024-06-14 23:19:00,Valencia,Livorno,MEDITERRANEAN SHIPPING COM ESPAÑA SLU
55690-1,36A,TERMINAL CATALUNYA SA,22-25,ADRASTOS,9951185,636022178,Libèria,172.07,27.4,9.88,2024-06-13 15:03:00,2024-06-15 10:29:00,Vado Ligure,Colombo,MARTICO SL
55831-1,36A,TERMINAL CATALUNYA SA,26-30,ADMIRAL GALAXY,9365843,636019647,Libèria,182.85,28,11,2024-06-13 22:19:00,2024-06-15 17:35:00,Fos-sur-Mer,Fos-sur-Mer,BERGE MARITIMA SL
55518-3,36A,TERMINAL CATALUNYA SA,18-21,BARBARA P,9144720,255805600,Portugal,138.97,23.9,9.19,2024-06-14 08:34:00,2024-06-15 00:34:00,Sagunto,Sagunto,SOLUCIONES INTEGRALES MARITIMAS SLU
55917-1,36A,TERMINAL CATALUNYA SA,11-16,MSC ROSSELLA III,9320025,255915798,Portugal,221.72,29.8,11.4,2024-06-15 02:02:00,2024-06-15 21:20:00,Aliaga,Valencia,MEDITERRANEAN SHIPPING COM ESPAÑA SLU
55256-1,36A,TERMINAL CATALUNYA SA,4-10,MSC SUSANNA,9290543,371466000,Panamà,336.67,,15.5,2024-06-15 03:19:00,2024-06-16 15:28:00,La Spezia,Valencia,MEDITERRANEAN SHIPPING COM ESPAÑA SLU
55858-1,36A,TERMINAL CATALUNYA SA,20-24,NIKOLAS,9203526,357388000,Panamà,207,29.8,11.4,2024-06-15 12:56:00,2024-06-15 23:44:00,Vado Ligure,Valencia,NOATUM MARITIME SPAIN SAU
55459-1,36A,TERMINAL CATALUNYA SA,26-29,WEC JAN STEEN,9354416,255806280,Portugal,134.44,22.5,8.71,2024-06-15 18:52:00,2024-06-16 07:11:00,Sines,Valencia,WEC LINES ESPAÑA SLU
55436-1,36A,TERMINAL CATALUNYA SA,11-18,MSC SOFIA PAZ,9695028,636016306,Libèria,299.92,,14.5,2024-06-15 22:44:00,2024-06-16 07:43:00,La Spezia,Valencia,MEDITERRANEAN SHIPPING COM ESPAÑA SLU
55662-1,36A,TERMINAL CATALUNYA SA,19-24,TANJA,9431692,538003717,Illes Marshall,261.1,,12.6,2024-06-16 06:39:00,2024-06-16 19:48:00,Port Said,Tanger Med,NOATUM MARITIME SPAIN SAU
55865-1,36A,TERMINAL CATALUNYA SA,26-29,MAERSK VALLETTA,9833369,563154500,Singapur,171.99,,9.5,2024-06-16 08:44:00,2024-06-16 22:42:00,Vado Ligure,Vado Ligure,NOATUM MARITIME SPAIN SAU
54329-1,36A,TERMINAL CATALUNYA SA,12-18,ALEXIS,9686900,538005958,Illes Marshall,270.9,,14.55,2024-06-16 09:05:00,2024-06-17 00:12:00,Marseille,Valencia,CMA CGM IBERICA SAU
55439-1,36A,TERMINAL CATALUNYA SA,4-10,MSC MARIANNA,9226920,352335000,Panamà,303.94,40,10,2024-06-16 18:26:00,2024-06-17 14:23:00,Algeciras,Gioia Tauro,MEDITERRANEAN SHIPPING COM ESPAÑA SLU
55564-2,36A,TERMINAL CATALUNYA SA,19-24,CELSIUS NICOSIA,9330496,538009437,Illes Marshall,238.86,32.2,12,2024-06-16 22:08:00,2024-06-18 08:06:00,Port Said,Vado Ligure,NOATUM MARITIME SPAIN SAU
55834-1,36A,TERMINAL CATALUNYA SA,26-29,KANTATA,9327580,277549000,Lituània,147.84,,8.51,2024-06-16 23:46:00,2024-06-17 18:56:00,Oran,Oran,MEDITERRANEAN SHIPPING COM ESPAÑA SLU
55557-1,36A,TERMINAL CATALUNYA SA,11-18,MSC LEO VI,9229312,636017306,Libèria,300,40,14,2024-06-17 02:00:00,2024-06-17 22:38:00,Valencia,Gioia Tauro,MEDITERRANEAN SHIPPING COM ESPAÑA SLU
55435-1,36A,TERMINAL CATALUNYA SA,3-10,MSC IRENE,9399040,355233000,Panamà,366.07,,17.5,2024-06-17 18:12:00,2024-06-18 09:52:00,Gioia Tauro,Valencia,MEDITERRANEAN SHIPPING COM ESPAÑA SLU
55859-1,36A,TERMINAL CATALUNYA SA,26-29,CONTSHIP JET,9348625,636019532,Libèria,159.8,24.8,7.3,2024-06-17 19:49:00,2024-06-18 07:47:00,Moerdijk,Moerdijk,MARTICO SL
55863-1,36A,TERMINAL CATALUNYA SA,11-16,MAERSK JAIPUR,9343974,248207000,Malta,222.2,,12.02,2024-06-17 23:39:00,2024-06-18 23:16:00,Piraeus,Haifa,NOATUM MARITIME SPAIN SAU
54454-1,36A,TERMINAL CATALUNYA SA,26-30,AS PAOLA,9312418,636092860,Libèria,208,,11.4,2024-06-18 07:21:00,2024-06-18 18:54:00,Genoa,Valencia,CMA CGM IBERICA SAU
56025-1,36A,TERMINAL CATALUNYA SA,21-25,MSC MELANI III,9399741,636017360,Libèria,225.04,,12.2,2024-06-18 09:09:00,2024-06-19 16:03:00,Algeciras,La Spezia,MEDITERRANEAN SHIPPING COM ESPAÑA SLU
55896-1,36A,TERMINAL CATALUNYA SA,17-20,FAITH,9301108,255802760,Portugal,155,21.5,6.97,2024-06-18 09:18:00,2024-06-18 18:50:00,Moerdijk,Koper,MARTICO SL
55840-1,36A,TERMINAL CATALUNYA SA,4-10,PORTO CHELI,9221839,636020869,Libèria,300,40,14.52,2024-06-18 11:30:00,2024-06-19 03:14:00,La Spezia,Valencia,NOATUM MARITIME SPAIN SAU
55077-2,36A,TERMINAL CATALUNYA SA,27-29,WEC MAJORELLE,9134153,210312000,Xipre,122,18.2,6.69,2024-06-18 21:58:00,2024-06-19 05:28:00,Valencia,Algeciras,A PEREZ Y CIA SL
54601-1,36A,TERMINAL CATALUNYA SA,11-19,CMA CGM TENERE,9859117,215765000,Malta,365.99,,16,2024-06-19 02:26:00,2024-06-20 19:11:00,Valencia,Fos-sur-Mer,CMA CGM IBERICA SAU
55434-1,36A,TERMINAL CATALUNYA SA,2-10,MSC APOLLINE,9896983,636020542,Libèria,399.77,61,17.74,2024-06-19 06:58:00,2024-06-26 13:20:00,Valencia,Gioia Tauro,MEDITERRANEAN SHIPPING COM ESPAÑA SLU
55520-1,36A,TERMINAL CATALUNYA SA,27-29,JONA SOPHIE,9144718,255805601,Portugal,139,,9.19,2024-06-19 07:16:00,2024-06-19 20:03:00,Sagunto,Sagunto,SOLUCIONES INTEGRALES MARITIMAS SLU
55722-1,36A,TERMINAL CATALUNYA SA,20-25,JADRANA,9619385,255805572,Portugal,255,37.3,13,2024-06-19 17:55:00,2024-06-21 23:21:00,Colombo,Ningbo,MARTICO SL
55867-1,36A,TERMINAL CATALUNYA SA,26-30,NORA MAERSK,9192478,477642600,Hong Kong,198.6,,11.15,2024-06-20 01:37:00,2024-06-21 02:57:00,Vado Ligure,Valencia,NOATUM MARITIME SPAIN SAU
55438-1,36A,TERMINAL CATALUNYA SA,11-17,MSC AGADIR,9619464,477001100,Hong Kong,299.18,48.2,14.52,2024-06-20 21:44:00,2024-06-23 16:21:00,Valencia,Livorno,MEDITERRANEAN SHIPPING COM ESPAÑA SLU
55460-1,36A,TERMINAL CATALUNYA SA,27-30,WEC VERMEER,9237371,209177000,Xipre,134.55,,8.7,2024-06-21 04:53:00,2024-06-21 20:35:00,Valencia,Valencia,WEC LINES ESPAÑA SLU
55520-3,36A,TERMINAL CATALUNYA SA,27-30,JONA SOPHIE,9144718,255805601,Portugal,139,,9.19,2024-06-21 21:26:00,2024-06-22 05:14:00,Sagunto,Sagunto,SOLUCIONES INTEGRALES MARITIMAS SLU
55896-3,36A,TERMINAL CATALUNYA SA,18-21,FAITH,9301108,255802760,Portugal,155,21.5,6.97,2024-06-22 01:46:00,2024-06-22 15:13:00,Moerdijk,Koper,MARTICO SL
55916-1,36A,TERMINAL CATALUNYA SA,22-25,NORDTIGER,9626247,212283000,Xipre,169.99,,9.5,2024-06-22 02:46:00,2024-06-22 15:52:00,Rijeka,Koper,MARTICO SL
55859-3,36A,TERMINAL CATALUNYA SA,27-30,CONTSHIP JET,9348625,636019532,Libèria,159.8,24.8,7.3,2024-06-22 06:24:00,2024-06-22 20:21:00,Moerdijk,Moerdijk,MARTICO SL
55895-1,36A,TERMINAL CATALUNYA SA,19-24,MAERSK FELIXSTOWE,9969041,352003178,Panamà,254.94,,14,2024-06-22 18:46:00,2024-06-23 13:56:00,Port Said,Tanger Med,NOATUM MARITIME SPAIN SAU
56053-1,36A,TERMINAL CATALUNYA SA,27-30,NANTO,9083043,276870000,Estònia,151.14,19.4,7.45,2024-06-22 21:59:00,2024-06-23 14:07:00,Moerdijk,Desconegut,MARTICO SL
54726-1,36A,TERMINAL CATALUNYA SA,25-30,CMA CGM KHAO SOK,9925837,256619000,Malta,240.05,42.8,14,2024-06-23 15:25:00,2024-06-25 02:07:00,Marseille,Valencia,CMA CGM IBERICA SAU
55432-1,36A,TERMINAL CATALUNYA SA,20-24,MSC NADRIELY,9149328,636016805,Libèria,208,29.8,11.4,2024-06-23 15:37:00,2024-06-25 03:54:00,Fos-sur-Mer,Alger (Algiers),MEDITERRANEAN SHIPPING COM ESPAÑA SLU
56027-1,36A,TERMINAL CATALUNYA SA,11-17,MSC ORIANE,9372482,353289000,Panamà,277.3,,14.5,2024-06-24 14:18:00,2024-06-26 18:06:00,Pt Everglades,Valencia,MEDITERRANEAN SHIPPING COM ESPAÑA SLU
55913-1,36A,TERMINAL CATALUNYA SA,26-29,DELPHIS GDANSK,9780653,477850500,Hong Kong,177.55,,9.5,2024-06-25 03:21:00,2024-06-25 12:37:00,Algeciras,Piraeus,COSCO SHIPPING LINES SPAIN SA
55480-1,36A,TERMINAL CATALUNYA SA,20-24,CELSIUS LONDON,9303778,538009350,Illes Marshall,222.53,,12,2024-06-25 09:19:00,2024-06-27 09:10:00,Port Said,Vado Ligure,NOATUM MARITIME SPAIN SAU
55696-1,36A,TERMINAL CATALUNYA SA,26-28,OPS HAMBURG,9406829,636092040,Libèria,147.87,,8.5,2024-06-25 13:45:00,2024-06-25 23:25:00,Mostaganem,Marseille,CMA CGM IBERICA SAU
55983-1,36A,TERMINAL CATALUNYA SA,26-29,MAERSK VALLETTA,9833369,563154500,Singapur,171.99,,9.5,2024-06-26 01:13:00,2024-06-26 11:13:00,Genoa,Genoa,NOATUM MARITIME SPAIN SAU
55919-1,36A,TERMINAL CATALUNYA SA,26-29,MSC JIANI,9966934,636023100,Libèria,172,,9.7,2024-06-26 12:21:00,2024-06-27 20:53:00,Bejaia (ex Bougie),Bejaia (ex Bougie),MEDITERRANEAN SHIPPING COM ESPAÑA SLU
55498-1,36A,TERMINAL CATALUNYA SA,3-10,MSC ILENIA,9962548,636023270,Libèria,366,51,10,2024-06-26 15:21:00,2024-06-28 09:07:00,Fos-sur-Mer,Malaga,MEDITERRANEAN SHIPPING COM ESPAÑA SLU
55594-1,36A,TERMINAL CATALUNYA SA,11-19,MSC VEGA,9465265,636015506,Libèria,366.46,,16.5,2024-06-26 19:49:00,2024-06-27 13:21:00,Valencia,Gioia Tauro,MEDITERRANEAN SHIPPING COM ESPAÑA SLU
56043-1,36A,TERMINAL CATALUNYA SA,21-24,ADMIRAL GALAXY,9365843,636019647,Libèria,182.85,28,11,2024-06-27 10:48:00,2024-06-28 05:09:00,Fos-sur-Mer,Fos-sur-Mer,BERGE MARITIMA SL
54331-1,36A,TERMINAL CATALUNYA SA,11-20,APL SINGAPURA,9632002,566955000,Singapur,398,51,16,2024-06-27 15:02:00,2024-06-29 09:16:00,Valencia,Fos-sur-Mer,CMA CGM IBERICA SAU
55524-1,36A,TERMINAL CATALUNYA SA,25-30,MSC RENAISSANCE III,9358436,636017608,Libèria,222.54,32.2,12,2024-06-27 23:08:00,2024-06-30 00:54:00,La Spezia,Castellon de la Plana,MEDITERRANEAN SHIPPING COM ESPAÑA SLU
55521-1,36A,TERMINAL CATALUNYA SA,21-23,BARBARA P,9144720,255805600,Portugal,138.97,23.9,9.19,2024-06-28 06:53:00,2024-06-28 21:39:00,Sagunto,Sagunto,SOLUCIONES INTEGRALES MARITIMAS SLU
55559-1,36A,TERMINAL CATALUNYA SA,2-10,MSC NELA,9839296,356234000,Panamà,400,61,16.5,2024-06-28 10:43:00,2024-07-07 00:38:00,Valencia,Gioia Tauro,MEDITERRANEAN SHIPPING COM ESPAÑA SLU
56088-1,36A,TERMINAL CATALUNYA SA,21-23,WEC JAN STEEN,9354416,255806280,Portugal,134.44,,8.71,2024-06-28 22:52:00,2024-06-29 09:55:00,Valencia,Valencia,WEC LINES ESPAÑA SLU
56094-1,36A,TERMINAL CATALUNYA SA,11-19,MSC ALTAIR,9465277,636015604,Libèria,366,48.2,15.5,2024-06-29 11:08:00,2024-07-01 06:32:00,Gioia Tauro,Valencia,MEDITERRANEAN SHIPPING COM ESPAÑA SLU
56273-1,36A,TERMINAL CATALUNYA SA,21-24,SONATA,9316103,277562000,Lituània,148,,8.51,2024-06-29 15:48:00,2024-06-30 07:50:00,Oran,Oran,MEDITERRANEAN SHIPPING COM ESPAÑA SLU
56046-1,36A,TERMINAL CATALUNYA SA,25-30,MEGALOPOLIS,9477799,229556000,Malta,255.29,,13,2024-06-30 02:05:00,2024-06-30 14:11:00,Port Said,Algeciras,NOATUM MARITIME SPAIN SAU
56271-1,36A,TERMINAL CATALUNYA SA,20-23,MSC MANON,9435820,255806063,Portugal,139.1,,8.8,2024-06-30 09:13:00,2024-06-30 20:51:00,Ghazaouet,Alger (Algiers),MEDITERRANEAN SHIPPING COM ESPAÑA SLU
55912-1,36A,TERMINAL CATALUNYA SA,24-30,MSC SARA ELENA,9702261,255806499,Portugal,300,48.18,14.5,2024-06-30 15:34:00,2024-07-01 00:56:00,La Spezia,Valencia,MEDITERRANEAN SHIPPING COM ESPAÑA SLU
56198-1,36A,TERMINAL CATALUNYA SA,20-25,MSC MIA SUMMER II,9169067,636018326,Libèria,216,,10.4,2024-07-01 02:33:00,2024-07-01 09:54:00,Genoa,Valencia,MEDITERRANEAN SHIPPING COM ESPAÑA SLU
55598-1,36A,TERMINAL CATALUNYA SA,26-30,DELPHIS BOTHNIA,9763710,477537200,Hong Kong,177.56,,9.5,2024-07-01 04:27:00,2024-07-01 12:05:00,Valencia,Piraeus,COSCO SHIPPING LINES SPAIN SA
55893-1,36A,TERMINAL CATALUNYA SA,11-18,MSC MARIANNA,9226920,352335000,Panamà,303.94,40,10,2024-07-01 08:08:00,2024-07-01 23:31:00,La Spezia,Valencia,MEDITERRANEAN SHIPPING COM ESPAÑA SLU
56203-2,36A,TERMINAL CATALUNYA SA,20-23,MSC IRA II,9323493,636023306,Libèria,176.9,27.4,10.9,2024-07-01 11:11:00,2024-07-02 15:44:00,Bejaia (ex Bougie),Bejaia (ex Bougie),MEDITERRANEAN SHIPPING COM ESPAÑA SLU
55969-1,36A,TERMINAL CATALUNYA SA,26-30,NIKOLAS,9203526,357388000,Panamà,207,,11.4,2024-07-01 14:28:00,2024-07-02 06:37:00,Vado Ligure,Valencia,NOATUM MARITIME SPAIN SAU
55861-1,36A,TERMINAL CATALUNYA SA,16-19,CONTSHIP PAX,9435521,209575000,Xipre,147.83,,8.5,2024-07-02 01:42:00,2024-07-02 08:32:00,Mostaganem,Marseille,CMA CGM IBERICA SAU
56310-1,36A,TERMINAL CATALUNYA SA,12-15,CONTSHIP EVE,9449699,305752000,Libèria,139.1,22.6,8.8,2024-07-02 05:32:00,2024-07-02 20:05:00,Oran,Alger (Algiers),MEDITERRANEAN SHIPPING COM ESPAÑA SLU
55504-1,36A,TERMINAL CATALUNYA SA,26-30,GREEN SEA,9865996,563102100,Singapur,172.07,27.4,9.77,2024-07-02 07:34:00,2024-07-02 22:23:00,Valencia,Genoa,A PEREZ Y CIA SL
55664-2,36A,TERMINAL CATALUNYA SA,17-19,K-RIVER,9138355,255805995,Portugal,121.99,,6.69,2024-07-02 18:47:00,2024-07-03 01:31:00,Valencia,Algeciras,A PEREZ Y CIA SL
56081-1,36A,TERMINAL CATALUNYA SA,11-16,MAERSK JAIPUR,9343974,248207000,Malta,222.2,,12.02,2024-07-02 21:47:00,2024-07-03 12:34:00,Marsaxlokk,Algeciras,NOATUM MARITIME SPAIN SAU
55226-1,36A,TERMINAL CATALUNYA SA,25-30,CMA CGM MALTA,9301433,229340000,Malta,210.06,,11.5,2024-07-03 00:52:00,2024-07-03 11:36:00,La Spezia,Valencia,CMA CGM IBERICA SAU
56195-1,36A,TERMINAL CATALUNYA SA,26-29,FAITH,9301108,255802760,Portugal,155,,6.97,2024-07-03 11:48:00,2024-07-03 16:26:00,Koper,Moerdijk,MARTICO SL
55908-1,36A,TERMINAL CATALUNYA SA,11-18,MSC AGRIGENTO,9618276,357096000,Panamà,300.02,48.2,14.5,2024-07-03 13:53:00,2024-07-04 03:44:00,Algeciras,Napoli,MEDITERRANEAN SHIPPING COM ESPAÑA SLU
56366-1,36A,TERMINAL CATALUNYA SA,26-29,RS LISA,9287704,255915596,Portugal,138,21.3,7.47,2024-07-03 17:14:00,2024-07-04 00:42:00,Bejaia (ex Bougie),Genoa,NOATUM MARITIME SPAIN SAU
56447-1,36A,TERMINAL CATALUNYA SA,20-23,MSC AMANDA F,9319600,255805966,Portugal,139.01,,8.8,2024-07-03 21:24:00,2024-07-04 20:36:00,Alger (Algiers),Alger (Algiers),MEDITERRANEAN SHIPPING COM ESPAÑA SLU
56167-1,36A,TERMINAL CATALUNYA SA,24-30,TABEA,9294812,255805778,Portugal,276,,14,2024-07-04 01:11:00,2024-07-05 12:39:00,Colombo,Koper,MARTICO SL
55980-1,36A,TERMINAL CATALUNYA SA,11-19,MSC EVA,9401130,371218000,Panamà,366.06,51.2,15.6,2024-07-04 05:28:00,2024-07-05 08:50:00,Valencia,Gioia Tauro,MEDITERRANEAN SHIPPING COM ESPAÑA SLU
56160-1,36A,TERMINAL CATALUNYA SA,20-23,ATLANTIC GENEVA,9330848,563155800,Singapur,147.84,,8.51,2024-07-05 05:36:00,2024-07-05 10:32:00,Sfax,Marseille,CMA CGM IBERICA SAU
55998-1,36A,TERMINAL CATALUNYA SA,11-17,MSC ATHOS,9618317,636022875,Libèria,299.95,,14.5,2024-07-05 10:01:00,2024-07-07 11:42:00,Valencia,Livorno,MEDITERRANEAN SHIPPING COM ESPAÑA SLU
56281-1,36A,TERMINAL CATALUNYA SA,19-21,JONA SOPHIE,9144718,255805601,Portugal,139,23.9,9.19,2024-07-05 11:17:00,2024-07-06 00:01:00,Sagunto,Sagunto,SOLUCIONES INTEGRALES MARITIMAS SLU
56089-1,36A,TERMINAL CATALUNYA SA,22-25,WEC VERMEER,9237371,209177000,Xipre,134.55,22.5,8.7,2024-07-05 13:31:00,2024-07-06 06:50:00,Valencia,Valencia,WEC LINES ESPAÑA SLU
56301-1,36A,TERMINAL CATALUNYA SA,26-30,MSC MELANI III,9399741,636017360,Libèria,225.04,,12.2,2024-07-05 15:13:00,2024-07-06 18:27:00,Valencia,Marsaxlokk,MEDITERRANEAN SHIPPING COM ESPAÑA SLU
56075-1,36A,TERMINAL CATALUNYA SA,21-24,MAERSK VALLETTA,9833369,563154500,Singapur,171.99,28.4,9.5,2024-07-06 08:05:00,2024-07-07 14:56:00,Genoa,Genoa,NOATUM MARITIME SPAIN SAU
56470-1,36A,TERMINAL CATALUNYA SA,26-30,MSC EAGLE III,9302449,636024014,Libèria,207.51,29.8,11.4,2024-07-06 19:42:00,2024-07-07 18:38:00,Valencia,Skikda (ex Philippeville),MEDITERRANEAN SHIPPING COM ESPAÑA SLU
55981-1,36A,TERMINAL CATALUNYA SA,3-10,MSC LIVORNO,9461427,218441000,Alemanya,365.8,,10,2024-07-07 03:07:00,2024-07-08 18:21:00,Fos-sur-Mer,Valencia,MEDITERRANEAN SHIPPING COM ESPAÑA SLU
54452-1,36A,TERMINAL CATALUNYA SA,11-19,CMA CGM UNITY,9897767,229389000,Malta,366,51,16,2024-07-07 14:00:00,2024-07-09 22:17:00,Valencia,Fos-sur-Mer,CMA CGM IBERICA SAU
55102-1,36A,TERMINAL CATALUNYA SA,20-26,CMA CGM EXCELLENCE,9948217,256482000,Malta,272.3,,15,2024-07-07 20:02:00,2024-07-08 23:25:00,Marseille,Valencia,CMA CGM IBERICA SAU
56199-1,36A,TERMINAL CATALUNYA SA,27-30,KANTATA,9327580,277549000,Lituània,147.84,23.25,8.51,2024-07-07 20:26:00,2024-07-09 04:37:00,Oran,Oran,MEDITERRANEAN SHIPPING COM ESPAÑA SLU
55907-1,36A,TERMINAL CATALUNYA SA,2-10,MSC FEBE,9839478,372729000,Panamà,399.9,61.5,16.5,2024-07-08 21:23:00,2024-07-14 23:36:00,Valencia,Gioia Tauro,MEDITERRANEAN SHIPPING COM ESPAÑA SLU
56211-1,36A,TERMINAL CATALUNYA SA,21-25,HANSA ROTENBURG,9401673,636092572,Libèria,175.46,27.4,10.92,2024-07-09 00:19:00,2024-07-09 18:03:00,Piraeus,Haifa,BERGE MARITIMA SL
56427-1,36A,TERMINAL CATALUNYA SA,27-30,CONTSHIP JET,9348625,636019532,Libèria,159.8,24.8,7.3,2024-07-09 05:30:00,2024-07-10 00:19:00,Moerdijk,Valencia,MARTICO SL
56093-1,36A,TERMINAL CATALUNYA SA,20-25,CELSIUS NICOSIA,9330496,538009437,Illes Marshall,238.86,,12,2024-07-09 20:12:00,2024-07-10 20:37:00,Port Said,Vado Ligure,NOATUM MARITIME SPAIN SAU
56309-1,36A,TERMINAL CATALUNYA SA,12-18,MAERSK PUELO,9306172,353117000,Panamà,304,40,14,2024-07-09 23:33:00,2024-07-10 18:31:00,Algeciras,Gioia Tauro,NOATUM MARITIME SPAIN SAU
56200-1,36A,TERMINAL CATALUNYA SA,26-30,NORA MAERSK,9192478,477642600,Hong Kong,198.6,,11.15,2024-07-10 01:29:00,2024-07-10 23:23:00,Valencia,Vado Ligure,NOATUM MARITIME SPAIN SAU
56082-1,36A,TERMINAL CATALUNYA SA,11-18,MAERSK SERANGOON,9315214,565449000,Singapur,318,,15.9,2024-07-10 19:53:00,2024-07-11 14:21:00,Algeciras,Gioia Tauro,NOATUM MARITIME SPAIN SAU
56373-1,36A,TERMINAL CATALUNYA SA,21-25,ADMIRAL GALAXY,9365843,636019647,Libèria,182.85,28,11,2024-07-10 21:40:00,2024-07-12 01:15:00,Fos-sur-Mer,Fos-sur-Mer,BERGE MARITIMA SL
55619-1,36A,TERMINAL CATALUNYA SA,26-30,FLEUR N,9509138,636019931,Libèria,212.53,,12.5,2024-07-11 02:03:00,2024-07-12 05:39:00,Castellon de la Plana,Piraeus,NOATUM MARITIME SPAIN SAU
56269-1,36A,TERMINAL CATALUNYA SA,11-15,PANDA 003,9968891,255915662,Portugal,169.95,26.9,9.6,2024-07-11 17:46:00,2024-07-12 14:41:00,Da Chan Bay                        ,Moerdijk,MARTICO SL
56102-1,36A,TERMINAL CATALUNYA SA,20-26,MSC ALBANY,9619438,636015665,Libèria,299,48.2,14.52,2024-07-12 07:38:00,2024-07-13 05:32:00,Valencia,Livorno,MEDITERRANEAN SHIPPING COM ESPAÑA SLU
56283-1,36A,TERMINAL CATALUNYA SA,27-30,BARBARA P,9144720,255805600,Portugal,138.97,23.9,9.19,2024-07-12 08:49:00,2024-07-12 23:49:00,Sagunto,Sagunto,SOLUCIONES INTEGRALES MARITIMAS SLU
56274-1,36A,TERMINAL CATALUNYA SA,12-17,MSC ROSSELLA III,9320025,255915798,Portugal,222.54,29.8,12,2024-07-12 18:12:00,2024-07-13 14:23:00,Valencia,Casablanca,MEDITERRANEAN SHIPPING COM ESPAÑA SLU
56293-1,36A,TERMINAL CATALUNYA SA,27-30,WEC JAN STEEN,9354416,255806280,Portugal,134.44,,8.71,2024-07-13 00:42:00,2024-07-13 11:37:00,Valencia,Valencia,WEC LINES ESPAÑA SLU
56306-1,36A,TERMINAL CATALUNYA SA,20-26,MSC BRUNELLA,9702106,255806491,Portugal,300,48.2,14.5,2024-07-13 07:05:00,2024-07-14 07:06:00,La Spezia,Valencia,MEDITERRANEAN SHIPPING COM ESPAÑA SLU
56686-1,36A,TERMINAL CATALUNYA SA,27-30,CONTSHIP TOP,9395616,636018000,Libèria,147.87,23.25,8.5,2024-07-13 13:06:00,2024-07-14 13:40:00,Fos-sur-Mer,Alger (Algiers),MEDITERRANEAN SHIPPING COM ESPAÑA SLU
56197-1,36A,TERMINAL CATALUNYA SA,11-19,MSC AZRA,9932919,255805260,Portugal,364,51,16,2024-07-13 18:12:00,2024-07-15 12:52:00,Fos-sur-Mer,Valencia,MEDITERRANEAN SHIPPING COM ESPAÑA SLU
56592-1,36A,TERMINAL CATALUNYA SA,20-26,TABEA,9294812,255805778,Portugal,276,,14,2024-07-14 08:21:00,2024-07-15 21:18:00,Koper,Qingdao,MARTICO SL
56196-1,36A,TERMINAL CATALUNYA SA,2-10,MSC LENI,9839454,356432000,Panamà,399.97,61.51,16.5,2024-07-15 01:42:00,2024-07-20 23:11:00,Valencia,Gioia Tauro,MEDITERRANEAN SHIPPING COM ESPAÑA SLU
55999-1,36A,TERMINAL CATALUNYA SA,12-16,MSC RENAISSANCE III,9358436,636017608,Libèria,222.54,32.2,12,2024-07-15 14:47:00,2024-07-16 12:27:00,La Spezia,Castellon de la Plana,MEDITERRANEAN SHIPPING COM ESPAÑA SLU
56446-1,36A,TERMINAL CATALUNYA SA,20-24,AS ANITA,9470961,636093268,Libèria,189.49,27.6,11.35,2024-07-15 22:55:00,2024-07-16 08:28:00,Algeciras,Piraeus,COSCO SHIPPING LINES SPAIN SA
56594-1,36A,TERMINAL CATALUNYA SA,26-30,MSC EMILIE,9334832,636020695,Libèria,176.96,27.4,10.9,2024-07-15 23:51:00,2024-07-16 11:24:00,Valencia,Casablanca,MEDITERRANEAN SHIPPING COM ESPAÑA SLU
55257-2,36A,TERMINAL CATALUNYA SA,19-23,CMA CGM NAVEGANTES,9303780,256144000,Malta,222,,12,2024-07-16 10:04:00,2024-07-16 18:45:00,Genoa,Valencia,CMA CGM IBERICA SAU
56152-1,36A,TERMINAL CATALUNYA SA,25-30,CELSIUS LONDON,9303778,538009350,Illes Marshall,222.53,,12,2024-07-16 13:36:00,2024-07-17 13:11:00,Port Said,Vado Ligure,NOATUM MARITIME SPAIN SAU
55103-1,36A,TERMINAL CATALUNYA SA,11-18,CMA CGM EXEMPLARITY,9948229,256485000,Malta,272.5,,15,2024-07-16 14:39:00,2024-07-17 02:13:00,Marseille,Valencia,CMA CGM IBERICA SAU
56748-1,36A,TERMINAL CATALUNYA SA,20-23,SCARLETTA,9449699,305752000,Antigua i Barbuda,139.1,,8.8,2024-07-16 19:57:00,2024-07-17 22:14:00,Alger (Algiers),Alger (Algiers),MEDITERRANEAN SHIPPING COM ESPAÑA SLU
56265-1,36A,TERMINAL CATALUNYA SA,11-18,MSC AGRIGENTO,9618276,357096000,Panamà,300.02,,14.5,2024-07-17 04:06:00,2024-07-17 21:40:00,La Spezia,Valencia,MEDITERRANEAN SHIPPING COM ESPAÑA SLU
56593-1,36A,TERMINAL CATALUNYA SA,26-29,FAITH,9301108,255802760,Portugal,155,,6.97,2024-07-17 14:21:00,2024-07-18 06:58:00,Moerdijk,Moerdijk,MARTICO SL
55072-1,36A,TERMINAL CATALUNYA SA,11-19,CMA CGM G. WASHINGTON,9780847,215197000,Malta,366,48.2,16,2024-07-17 23:33:00,2024-07-19 07:12:00,Fos-sur-Mer,Malta (Valetta),CMA CGM IBERICA SAU
56766-2,36A,TERMINAL CATALUNYA SA,20-23,ADMIRAL GALAXY,9365843,636019647,Libèria,182.85,,11,2024-07-18 00:46:00,2024-07-19 06:27:00,Fos-sur-Mer,Fos-sur-Mer,BERGE MARITIMA SL
56376-1,36A,TERMINAL CATALUNYA SA,24-30,CHICAGO,9248162,255805676,Portugal,279,40.3,14.02,2024-07-18 09:44:00,2024-07-20 06:53:00,Colombo,Barcelona,MARTICO SL
56475-2,36A,TERMINAL CATALUNYA SA,20-24,NIKOLAS,9203526,357388000,Panamà,207,,11.4,2024-07-18 14:22:00,2024-07-21 17:59:00,Valencia,Vado Ligure,NOATUM MARITIME SPAIN SAU
56292-1,36A,TERMINAL CATALUNYA SA,12-15,WEC VERMEER,9237371,209177000,Xipre,134.55,22.5,8.7,2024-07-19 08:24:00,2024-07-20 06:18:00,Valencia,Valencia,WEC LINES ESPAÑA SLU
56287-1,36A,TERMINAL CATALUNYA SA,16-18,JONA SOPHIE,9144718,255805601,Portugal,139,23.9,9.19,2024-07-19 08:52:00,2024-07-20 02:33:00,Sagunto,Sagunto,SOLUCIONES INTEGRALES MARITIMAS SLU
56635-1,36A,TERMINAL CATALUNYA SA,11-18,MAERSK PUELO,9306172,353117000,Panamà,304,40,14,2024-07-20 09:18:00,2024-07-21 03:30:00,Algeciras,Gioia Tauro,NOATUM MARITIME SPAIN SAU
56786-1,36A,TERMINAL CATALUNYA SA,26-29,SONATA,9316103,277562000,Lituània,148,,8.51,2024-07-20 10:27:00,2024-07-21 08:54:00,Oran,Oran,MEDITERRANEAN SHIPPING COM ESPAÑA SLU
55278-1,36A,TERMINAL CATALUNYA SA,11-17,CMA CGM BOLDNESS,9948243,256744000,Malta,272.3,42.8,15,2024-07-21 05:43:00,2024-07-21 22:19:00,Marseille,Valencia,CMA CGM IBERICA SAU
56307-1,36A,TERMINAL CATALUNYA SA,2-10,MSC IRINA,9929429,636022601,Libèria,400,61.3,13.5,2024-07-21 07:22:00,2024-07-26 00:38:00,Valencia,Gioia Tauro,MEDITERRANEAN SHIPPING COM ESPAÑA SLU
56787-4,36A,TERMINAL CATALUNYA SA,25-29,FLEUR N,9509138,636019931,Libèria,212.53,32.19,12.5,2024-07-21 10:28:00,2024-07-22 04:41:00,Algeciras,Genoa,NOATUM MARITIME SPAIN SAU
55472-2,36A,TERMINAL CATALUNYA SA,21-24,K-RIVER,9138355,255805995,Portugal,121.99,18.2,6.69,2024-07-21 18:43:00,2024-07-22 04:00:00,Valencia,Algeciras,A PEREZ Y CIA SL
56640-1,36A,TERMINAL CATALUNYA SA,11-16,CELSIUS NICOSIA,9330496,538009437,Illes Marshall,238.86,,12,2024-07-22 00:54:00,2024-07-22 21:43:00,Port Said,Vado Ligure,NOATUM MARITIME SPAIN SAU
57052-1,36A,TERMINAL CATALUNYA SA,17-20,TINA,9277383,244198000,Països Baixos,137.5,,7.47,2024-07-22 03:38:00,2024-07-22 12:56:00,Valencia,Valencia,WEC LINES ESPAÑA SLU
56908-1,36A,TERMINAL CATALUNYA SA,21-24,SOLONG,9322554,255805837,Portugal,141,,7.33,2024-07-22 06:19:00,2024-07-23 06:21:00,Moerdijk,Moerdijk,MARTICO SL
56643-1,36A,TERMINAL CATALUNYA SA,25-29,NORA MAERSK,9192478,477642600,Hong Kong,198.6,30.2,11.15,2024-07-22 08:59:00,2024-07-23 03:39:00,Valencia,Vado Ligure,NOATUM MARITIME SPAIN SAU
56612-1,36A,TERMINAL CATALUNYA SA,12-18,MSC LEO VI,9229312,636017306,Libèria,300,40,14,2024-07-22 23:38:00,2024-07-23 23:27:00,Fos-sur-Mer,Valencia,MEDITERRANEAN SHIPPING COM ESPAÑA SLU
56654-1,36A,TERMINAL CATALUNYA SA,26-29,A. OBELIX,9354674,256432000,Malta,182.49,,10,2024-07-23 05:50:00,2024-07-23 15:35:00,Algeciras,Piraeus,COSCO SHIPPING LINES SPAIN SA
56297-2,36A,TERMINAL CATALUNYA SA,21-23,WEC MAJORELLE,9134153,210312000,Xipre,122,,6.69,2024-07-23 07:22:00,2024-07-23 11:56:00,Valencia,Algeciras,A PEREZ Y CIA SL
57056-2,36A,TERMINAL CATALUNYA SA,20-24,ADMIRAL GALAXY,9365843,636019647,Libèria,182.85,,11,2024-07-23 12:57:00,2024-07-24 17:46:00,Fos-sur-Mer,Piraeus,BERGE MARITIMA SL
56262-1,36A,TERMINAL CATALUNYA SA,26-29,MSC JIANI,9966934,636023100,Libèria,172,28.4,9.7,2024-07-23 18:12:00,2024-07-25 02:13:00,Bejaia (ex Bougie),Bejaia (ex Bougie),MEDITERRANEAN SHIPPING COM ESPAÑA SLU
56836-1,36A,TERMINAL CATALUNYA SA,12-15,PANDA 003,9968891,255915662,Portugal,169.95,,9.6,2024-07-24 02:30:00,2024-07-25 04:30:00,Moerdijk,Moerdijk,MARTICO SL
56800-1,36A,TERMINAL CATALUNYA SA,16-19,HANSA ROTENBURG,9401673,636092572,Libèria,175.46,,10.92,2024-07-24 08:22:00,2024-07-25 22:48:00,Piraeus,Haifa,BERGE MARITIMA SL
56484-1,36A,TERMINAL CATALUNYA SA,20-24,CTM ISTMO,9430870,352003103,Panamà,175.56,,10.9,2024-07-24 19:00:00,2024-07-25 15:32:00,Valencia,Genoa,ANTILLAS SEA AGENCY SL
56288-1,36A,TERMINAL CATALUNYA SA,26-29,BARBARA P,9144720,255805600,Portugal,138.97,,9.19,2024-07-25 18:38:00,2024-07-26 22:51:00,Sagunto,Sagunto,SOLUCIONES INTEGRALES MARITIMAS SLU
56921-1,36A,TERMINAL CATALUNYA SA,22-24,WEC JAN STEEN,9354416,255806280,Portugal,134.44,,8.71,2024-07-25 23:46:00,2024-07-27 03:35:00,Valencia,Valencia,WEC LINES ESPAÑA SLU
56617-1,36A,TERMINAL CATALUNYA SA,6-14,MSC AMBRA,9839480,352269000,Panamà,399.9,61.5,17.74,2024-07-26 02:58:00,2024-07-30 21:14:00,Valencia,Gioia Tauro,MEDITERRANEAN SHIPPING COM ESPAÑA SLU
56688-1,36A,TERMINAL CATALUNYA SA,15-21,MSC SHRISTI,9293442,636020334,Libèria,294.12,,10,2024-07-26 05:49:00,2024-07-27 00:48:00,Napoli,Valencia,MEDITERRANEAN SHIPPING COM ESPAÑA SLU
56625-1,36A,TERMINAL CATALUNYA SA,15-21,MAERSK SENANG,9315240,565482000,Singapur,318,,15.89,2024-07-27 03:00:00,2024-07-27 16:30:00,Algeciras,Tanger Med,NOATUM MARITIME SPAIN SAU
55467-1,36A,TERMINAL CATALUNYA SA,23-29,CMA CGM VOLTAIRE,9635652,229877000,Malta,270.07,,14.52,2024-07-27 15:29:00,2024-07-28 04:33:00,Livorno,Valencia,CMA CGM IBERICA SAU
56622-1,36A,TERMINAL CATALUNYA SA,15-22,MSC NEW HAVEN,9293777,255803670,Portugal,334,,14.52,2024-07-27 18:56:00,2024-07-28 17:02:00,La Spezia,Valencia,MEDITERRANEAN SHIPPING COM ESPAÑA SLU
56650-1,36A,TERMINAL CATALUNYA SA,3-5,CONTSHIP PAX,9435521,209575000,Xipre,147.83,,8.5,2024-07-27 19:35:00,2024-07-28 06:56:00,Mostaganem,Marseille,CMA CGM IBERICA SAU
56646-1,36A,TERMINAL CATALUNYA SA,24-29,CELSIUS LONDON,9303778,538009350,Illes Marshall,222.53,32.2,12,2024-07-28 05:52:00,2024-07-30 01:21:00,Port Said,Vado Ligure,NOATUM MARITIME SPAIN SAU
56328-1,36A,TERMINAL CATALUNYA SA,15-22,MSC WASHINGTON,9908047,636021365,Libèria,335,,17.02,2024-07-28 19:27:00,2024-07-29 14:08:00,Valencia,Gioia Tauro,MEDITERRANEAN SHIPPING COM ESPAÑA SLU
56633-1,36A,TERMINAL CATALUNYA SA,15-21,MSC GISELLE,9720196,255806520,Portugal,299.82,,14.5,2024-07-29 15:33:00,2024-07-30 15:02:00,La Spezia,Valencia,MEDITERRANEAN SHIPPING COM ESPAÑA SLU
56777-1,36A,TERMINAL CATALUNYA SA,24-28,MSC JULIANA III,9275036,636016851,Libèria,210,,11.5,2024-07-30 09:53:00,2024-07-31 03:54:00,Pt Said East,Livorno,MEDITERRANEAN SHIPPING COM ESPAÑA SLU
55104-1,36A,TERMINAL CATALUNYA SA,16-23,CMA CGM JULES VERNE,9454450,229190000,Malta,396,,16,2024-07-30 23:55:00,2024-08-01 12:33:00,Valencia,Fos-sur-Mer,CMA CGM IBERICA SAU
57098-3,36A,TERMINAL CATALUNYA SA,6-10,FLEUR N,9509138,636019931,Libèria,212.53,32.19,12.5,2024-07-31 01:35:00,2024-08-01 08:15:00,Genoa,Genoa,NOATUM MARITIME SPAIN SAU
57040-1,36A,TERMINAL CATALUNYA SA,26-29,FAITH,9301108,255802760,Portugal,155,,6.97,2024-07-31 06:03:00,2024-07-31 16:10:00,Moerdijk,Moerdijk,MARTICO SL
56477-1,36A,TERMINAL CATALUNYA SA,25-29,MSC ASSUNTA III,9243590,636023923,Libèria,207.96,,11.5,2024-07-31 18:38:00,2024-08-01 21:58:00,Alger (Algiers),Valencia,MEDITERRANEAN SHIPPING COM ESPAÑA SLU
56634-1,36A,TERMINAL CATALUNYA SA,2-10,MSC GULSUN,9839430,372003000,Panamà,399.9,61.51,16.5,2024-08-01 10:05:00,2024-08-06 08:51:00,Valencia,Gioia Tauro,MEDITERRANEAN SHIPPING COM ESPAÑA SLU
56749-1,36A,TERMINAL CATALUNYA SA,17-22,PANDA 001,9290787,255805780,Portugal,276,,14,2024-08-01 13:59:00,2024-08-03 06:46:00,Colombo,Algeciras,MARTICO SL
56647-1,36A,TERMINAL CATALUNYA SA,12-16,NIKOLAS,9203526,357388000,Panamà,207,,11.4,2024-08-01 16:16:00,2024-08-02 11:36:00,Valencia,Vado Ligure,NOATUM MARITIME SPAIN SAU
57108-1,36A,TERMINAL CATALUNYA SA,27-30,JONA SOPHIE,9144718,255805601,Portugal,139,,9.19,2024-08-01 22:42:00,2024-08-02 21:23:00,Sagunto,Sagunto,SOLUCIONES INTEGRALES MARITIMAS SLU
56922-1,36A,TERMINAL CATALUNYA SA,23-26,WEC VERMEER,9237371,209177000,Xipre,134.55,,8.7,2024-08-02 10:07:00,2024-08-03 03:01:00,Valencia,Valencia,WEC LINES ESPAÑA SLU
56789-1,36A,TERMINAL CATALUNYA SA,12-16,DELPHIS BOTHNIA,9763710,477537200,Hong Kong,177.56,,9.5,2024-08-02 13:54:00,2024-08-03 03:41:00,Valencia,Piraeus,COSCO SHIPPING LINES SPAIN SA
57238-1,36A,TERMINAL CATALUNYA SA,27-30,CONTSHIP TOP,9395616,636018000,Libèria,147.87,,8.5,2024-08-02 23:16:00,2024-08-03 09:42:00,Alger (Algiers),Fos-sur-Mer,MEDITERRANEAN SHIPPING COM ESPAÑA SLU
56775-1,36A,TERMINAL CATALUNYA SA,23-29,MSC ELODIE,9704972,255806494,Portugal,299.95,,14.5,2024-08-03 12:37:00,2024-08-04 04:28:00,La Spezia,Valencia,MEDITERRANEAN SHIPPING COM ESPAÑA SLU
56780-1,36A,TERMINAL CATALUNYA SA,26-29,ATLANTIC GENEVA,9330848,563155800,Singapur,147.84,,8.51,2024-08-04 07:40:00,2024-08-04 17:43:00,Mostaganem,Marseille,CMA CGM IBERICA SAU
57135-1,36A,TERMINAL CATALUNYA SA,20-24,CELSIUS NICOSIA,9330496,538009437,Illes Marshall,238.86,,12,2024-08-04 08:07:00,2024-08-06 05:26:00,Port Said,Vado Ligure,NOATUM MARITIME SPAIN SAU
57341-1,36A,TERMINAL CATALUNYA SA,11-19,MSC REGULUS,9465291,373068000,Panamà,366,48.2,16,2024-08-04 09:33:00,2024-08-05 01:22:00,Valencia,Gioia Tauro,MEDITERRANEAN SHIPPING COM ESPAÑA SLU
55661-1,36A,TERMINAL CATALUNYA SA,12-18,CMA CGM BETTER WAYS,9950557,256587000,Malta,272.3,,15,2024-08-05 03:08:00,2024-08-05 18:56:00,Marseille,Valencia,CMA CGM IBERICA SAU
57338-1,36A,TERMINAL CATALUNYA SA,26-29,SOLONG,9322554,255805837,Portugal,141,,7.33,2024-08-05 04:54:00,2024-08-05 20:29:00,Moerdijk,Moerdijk,MARTICO SL
57169-1,36A,TERMINAL CATALUNYA SA,12-15,PANDA 003,9968891,255915662,Portugal,169.95,,9.6,2024-08-05 21:27:00,2024-08-07 21:17:00,Moerdijk,Moerdijk,MARTICO SL
57351-1,36A,TERMINAL CATALUNYA SA,26-29,SONATA,9316103,277562000,Lituània,148,,8.51,2024-08-05 22:24:00,2024-08-06 20:46:00,Oran,Valencia,MEDITERRANEAN SHIPPING COM ESPAÑA SLU
57352-1,36A,TERMINAL CATALUNYA SA,3-10,MSC ANITA,9947146,636023265,Libèria,366,,10,2024-08-06 15:52:00,2024-08-07 13:02:00,Fos-sur-Mer,Las Palmas,MEDITERRANEAN SHIPPING COM ESPAÑA SLU
55878-1,36A,TERMINAL CATALUNYA SA,16-22,CORCOVADO,9687564,636092798,Libèria,300,,15.02,2024-08-06 22:30:00,2024-08-07 18:55:00,Valencia,Livorno,HAPAG LLOYD SPAIN SL
56776-1,36A,TERMINAL CATALUNYA SA,23-30,MSC SUSANNA,9290543,371466000,Panamà,336.67,45.6,15.5,2024-08-06 23:58:00,2024-08-07 15:25:00,Algeciras,Napoli,MEDITERRANEAN SHIPPING COM ESPAÑA SLU
57168-1,36A,TERMINAL CATALUNYA SA,23-29,GSL MYNY,9213583,636020773,Libèria,277.23,,14.39,2024-08-07 22:27:00,2024-08-08 13:55:00,La Spezia,Valencia,NOATUM MARITIME SPAIN SAU
55105-1,36A,TERMINAL CATALUNYA SA,3-10,CMA CGM IGUACU,9859131,215966000,Malta,366,,16,2024-08-08 04:54:00,2024-08-09 21:59:00,Valencia,Fos-sur-Mer,CMA CGM IBERICA SAU
57083-1,36A,TERMINAL CATALUNYA SA,12-19,MSC MARGRIT,9465318,477307400,Hong Kong,366.45,,15.5,2024-08-08 06:56:00,2024-08-09 01:49:00,Gioia Tauro,Valencia,MEDITERRANEAN SHIPPING COM ESPAÑA SLU
57313-1,36A,TERMINAL CATALUNYA SA,22-26,ADMIRAL GALAXY,9365843,636019647,Libèria,182.85,28,11,2024-08-08 16:17:00,2024-08-09 18:09:00,Piraeus,Haifa,BERGE MARITIMA SL
57155-2,36A,TERMINAL CATALUNYA SA,27-29,K-RIVER,9138355,255805995,Portugal,121.99,18.2,6.69,2024-08-08 18:10:00,2024-08-09 02:50:00,Ceuta,Valencia,A PEREZ Y CIA SL
57130-2,36A,TERMINAL CATALUNYA SA,12-16,FLEUR N,9509138,636019931,Libèria,212.53,,12.5,2024-08-09 03:51:00,2024-08-10 19:28:00,Algeciras,Genoa,NOATUM MARITIME SPAIN SAU
57109-1,36A,TERMINAL CATALUNYA SA,27-29,BARBARA P,9144720,255805600,Portugal,138.97,,9.19,2024-08-09 06:15:00,2024-08-09 23:52:00,Sagunto,Sagunto,SOLUCIONES INTEGRALES MARITIMAS SLU
57259-1,36A,TERMINAL CATALUNYA SA,23-26,WEC JAN STEEN,9354416,255806280,Portugal,134.44,,8.71,2024-08-09 18:16:00,2024-08-10 06:13:00,Valencia,Valencia,WEC LINES ESPAÑA SLU
56937-1,36A,TERMINAL CATALUNYA SA,4-10,MSC GIOVANNA VII,9153850,636022942,Libèria,299.9,42.8,14.04,2024-08-10 01:03:00,2024-08-10 21:52:00,Malaga,Gioia Tauro,MEDITERRANEAN SHIPPING COM ESPAÑA SLU
57446-1,36A,TERMINAL CATALUNYA SA,20-24,NORA MAERSK,9192478,477642600,Hong Kong,198.6,,11.15,2024-08-10 08:30:00,2024-08-11 08:09:00,Valencia,Vado Ligure,NOATUM MARITIME SPAIN SAU
56936-1,36A,TERMINAL CATALUNYA SA,12-18,MSC CLEA,9720524,255805930,Portugal,299.84,48.2,14.5,2024-08-10 21:01:00,2024-08-11 22:37:00,Valencia,Livorno,MEDITERRANEAN SHIPPING COM ESPAÑA SLU
56934-1,36A,TERMINAL CATALUNYA SA,2-10,MSC MIA,9839466,355798000,Panamà,400,61.51,16,2024-08-11 00:49:00,2024-08-15 23:07:00,Valencia,Gioia Tauro,MEDITERRANEAN SHIPPING COM ESPAÑA SLU
56074-1,36A,TERMINAL CATALUNYA SA,20-26,KRISTINA,9641223,538004913,Illes Marshall,270.07,,14.5,2024-08-11 21:49:00,2024-08-12 14:37:00,Marseille,Valencia,CMA CGM IBERICA SAU
55276-1,36A,TERMINAL CATALUNYA SA,12-19,CMA CGM SCANDOLA,9859129,215839000,Malta,366,,16,2024-08-12 00:15:00,2024-08-14 04:22:00,Valencia,Fos-sur-Mer,CMA CGM IBERICA SAU
57124-1,36A,TERMINAL CATALUNYA SA,20-26,MSC NAOMI,9704984,255806500,Portugal,300,,14.5,2024-08-12 16:02:00,2024-08-13 05:25:00,La Spezia,Valencia,MEDITERRANEAN SHIPPING COM ESPAÑA SLU
57037-1,36A,TERMINAL CATALUNYA SA,20-26,MSC BEIJING,9289099,255806376,Portugal,325,42.8,14.5,2024-08-13 14:52:00,2024-08-14 11:28:00,Valencia,Algeciras,MEDITERRANEAN SHIPPING COM ESPAÑA SLU
57294-1,36A,TERMINAL CATALUNYA SA,12-16,MSC ROSSELLA III,9320025,255915798,Portugal,221.72,29.8,11.4,2024-08-14 07:20:00,2024-08-14 17:28:00,Castellon de la Plana,Casablanca,MEDITERRANEAN SHIPPING COM ESPAÑA SLU
57176-1,36A,TERMINAL CATALUNYA SA,20-26,PANDA 006,9677026,636015872,Libèria,270.07,42.8,14.52,2024-08-14 12:59:00,2024-08-15 18:18:00,Colombo,Koper,MARTICO SL
57519-1,36A,TERMINAL CATALUNYA SA,11-19,MSC RAVENNA,9484431,636092268,Libèria,366,51.2,16,2024-08-14 19:46:00,2024-08-15 06:42:00,Valencia,Piraeus,MEDITERRANEAN SHIPPING COM ESPAÑA SLU
57104-2,36A,TERMINAL CATALUNYA SA,27-30,WEC MAJORELLE,9134153,210312000,Xipre,122,,6.69,2024-08-14 21:42:00,2024-08-15 03:41:00,Valencia,Algeciras,A PEREZ Y CIA SL
57403-1,36A,TERMINAL CATALUNYA SA,27-30,FAITH,9301108,255802760,Portugal,155,,6.97,2024-08-15 05:41:00,2024-08-16 02:25:00,Moerdijk,Moerdijk,MARTICO SL
57171-1,36A,TERMINAL CATALUNYA SA,11-19,MSC RAPALLO,9484455,636092271,Libèria,365.8,,16,2024-08-15 08:44:00,2024-08-16 06:14:00,Yarimca,Valencia,MEDITERRANEAN SHIPPING COM ESPAÑA SLU
57629-3,36A,TERMINAL CATALUNYA SA,6-10,FLEUR N,9509138,636019931,Libèria,212.53,,12.5,2024-08-16 01:15:00,2024-08-17 02:41:00,Vado Ligure,Vado Ligure,NOATUM MARITIME SPAIN SAU
57111-1,36A,TERMINAL CATALUNYA SA,24-26,JONA SOPHIE,9144718,255805601,Portugal,139,,9.19,2024-08-16 03:30:00,2024-08-16 20:53:00,Sagunto,Sagunto,SOLUCIONES INTEGRALES MARITIMAS SLU
57493-1,36A,TERMINAL CATALUNYA SA,27-30,WEC VERMEER,9237371,209177000,Xipre,134.55,,8.7,2024-08-16 04:20:00,2024-08-16 22:44:00,Valencia,Valencia,WEC LINES ESPAÑA SLU
57123-1,36A,TERMINAL CATALUNYA SA,12-18,MSC LUISA,9225677,355308000,Panamà,299.99,,14.5,2024-08-16 09:57:00,2024-08-17 14:08:00,Civitavecchia,Gioia Tauro,MEDITERRANEAN SHIPPING COM ESPAÑA SLU
57609-3,36A,TERMINAL CATALUNYA SA,19-23,NIKOLAS,9203526,357388000,Panamà,207,,11.4,2024-08-16 10:11:00,2024-08-17 10:22:00,Tanger Med,Vado Ligure,NOATUM MARITIME SPAIN SAU
57652-1,36A,TERMINAL CATALUNYA SA,3-10,MSC CAMILLE,9404651,354625000,Panamà,365.52,,17.5,2024-08-17 12:27:00,2024-08-18 12:43:00,Sines,Valencia,MEDITERRANEAN SHIPPING COM ESPAÑA SLU
57317-1,36A,TERMINAL CATALUNYA SA,12-18,MSC CATERINA,9705005,255806492,Portugal,299.95,48.2,14.6,2024-08-17 19:26:00,2024-08-18 09:25:00,La Spezia,Valencia,MEDITERRANEAN SHIPPING COM ESPAÑA SLU
55277-1,36A,TERMINAL CATALUNYA SA,12-19,CMA CGM GREENLAND,9895006,228410800,França,366,,16,2024-08-18 14:52:00,2024-08-20 06:21:00,Valencia,Fos-sur-Mer,CMA CGM IBERICA SAU
57618-1,36A,TERMINAL CATALUNYA SA,26-29,PANDA 003,9968891,255915662,Portugal,169.95,,9.6,2024-08-18 22:02:00,2024-08-19 20:39:00,Moerdijk,Moerdijk,MARTICO SL
57121-1,36A,TERMINAL CATALUNYA SA,6-10,AS ANITA,9470961,636093268,Libèria,189.49,,11.35,2024-08-19 02:25:00,2024-08-19 15:47:00,Algeciras,Piraeus,COSCO SHIPPING LINES SPAIN SA
57653-1,36A,TERMINAL CATALUNYA SA,21-25,FIONA,9149885,636023461,Libèria,184.06,25.3,9.88,2024-08-19 10:13:00,2024-08-19 22:20:00,Valencia,Annaba (ex Bone),MEDITERRANEAN SHIPPING COM ESPAÑA SLU
57253-1,36A,TERMINAL CATALUNYA SA,2-10,MSC MINA,9839260,351862000,Panamà,400,61,16.5,2024-08-19 18:42:00,2024-08-23 15:07:00,Valencia,Gioia Tauro,MEDITERRANEAN SHIPPING COM ESPAÑA SLU
57483-1,36A,TERMINAL CATALUNYA SA,27-30,SOLONG,9322554,255805837,Portugal,141,21.8,7.33,2024-08-19 21:53:00,2024-08-20 05:54:00,Moerdijk,Moerdijk,MARTICO SL
57616-1,36A,TERMINAL CATALUNYA SA,20-26,PORTO CHELI,9221839,636020869,Libèria,300,,14.52,2024-08-20 03:42:00,2024-08-21 00:08:00,Algeciras,Gioia Tauro,NOATUM MARITIME SPAIN SAU
57604-1,36A,TERMINAL CATALUNYA SA,27-30,SONATA,9316103,277562000,Lituània,148,,8.51,2024-08-20 07:43:00,2024-08-20 14:40:00,Oran,Valencia,MEDITERRANEAN SHIPPING COM ESPAÑA SLU
57254-1,36A,TERMINAL CATALUNYA SA,11-18,MSC SUSANNA,9290543,371466000,Panamà,336.67,,15.5,2024-08-20 12:39:00,2024-08-21 06:38:00,La Spezia,Valencia,MEDITERRANEAN SHIPPING COM ESPAÑA SLU
57159-2,36A,TERMINAL CATALUNYA SA,27-30,K-RIVER,9138355,255805995,Portugal,121.99,,6.69,2024-08-20 15:27:00,2024-08-20 18:51:00,Casablanca,Valencia,A PEREZ Y CIA SL
56260-1,36A,TERMINAL CATALUNYA SA,21-26,CMA CGM KHAO SOK,9925837,256619000,Malta,240.05,,14,2024-08-21 01:45:00,2024-08-21 15:32:00,Marseille,Valencia,CMA CGM IBERICA SAU
57712-1,36A,TERMINAL CATALUNYA SA,12-16,MSC JIANI,9966934,636023100,Libèria,172,,9.7,2024-08-21 21:00:00,2024-08-22 20:49:00,Bejaia (ex Bougie),Valencia,MEDITERRANEAN SHIPPING COM ESPAÑA SLU
57230-1,36A,TERMINAL CATALUNYA SA,17-21,GREEN SEA,9865996,563102100,Singapur,172.07,,9.77,2024-08-21 21:27:00,2024-08-22 11:18:00,Valencia,Genoa,A PEREZ Y CIA SL
57113-1,36A,TERMINAL CATALUNYA SA,26-29,BARBARA P,9144720,255805600,Portugal,138.97,,9.19,2024-08-23 03:26:00,2024-08-23 21:53:00,Sagunto,Sagunto,SOLUCIONES INTEGRALES MARITIMAS SLU
57494-1,36A,TERMINAL CATALUNYA SA,21-24,WEC JAN STEEN,9354416,255806280,Portugal,134.44,,8.71,2024-08-23 07:59:00,2024-08-23 23:24:00,Valencia,Valencia,WEC LINES ESPAÑA SLU
57256-1,36A,TERMINAL CATALUNYA SA,13-19,MSC LEO VI,9229312,636017306,Libèria,300,,14,2024-08-23 10:40:00,2024-08-24 01:17:00,Napoli,Malaga,MEDITERRANEAN SHIPPING COM ESPAÑA SLU
55885-1,36A,TERMINAL CATALUNYA SA,4-11,CMA CGM BALI,9867827,229393000,Malta,366.01,51,16,2024-08-23 19:03:00,2024-08-25 23:01:00,Valencia,Fos-sur-Mer,CMA CGM IBERICA SAU
57453-1,36A,TERMINAL CATALUNYA SA,26-29,CONTSHIP PAX,9435521,209575000,Xipre,147.83,,8.5,2024-08-23 22:58:00,2024-08-24 09:12:00,Mostaganem,Marseille,CMA CGM IBERICA SAU
57691-1,36A,TERMINAL CATALUNYA SA,22-25,PANDA 004,9968906,255915663,Portugal,169.95,,9.6,2024-08-24 02:27:00,2024-08-24 19:13:00,Colombo,Moerdijk,MARTICO SL
57702-3,36A,TERMINAL CATALUNYA SA,17-21,FLEUR N,9509138,636019931,Libèria,212.53,,12.5,2024-08-24 02:41:00,2024-08-25 19:54:00,Vado Ligure,Vado Ligure,NOATUM MARITIME SPAIN SAU
57738-1,36A,TERMINAL CATALUNYA SA,12-16,NIKOLAS,9203526,357388000,Panamà,207,,11.4,2024-08-24 06:43:00,2024-08-25 02:37:00,Vado Ligure,Vado Ligure,NOATUM MARITIME SPAIN SAU
57451-1,36A,TERMINAL CATALUNYA SA,24-30,MSC JULIE,9704996,255806498,Portugal,299.96,,14.5,2024-08-24 20:27:00,2024-08-25 08:10:00,Fos-sur-Mer,Valencia,MEDITERRANEAN SHIPPING COM ESPAÑA SLU
57399-1,36A,TERMINAL CATALUNYA SA,24-30,MSC MARIANNA,9226920,352335000,Panamà,303.94,40,10,2024-08-25 09:41:00,2024-08-26 01:12:00,Algeciras,Gioia Tauro,MEDITERRANEAN SHIPPING COM ESPAÑA SLU
56443-1,36A,TERMINAL CATALUNYA SA,17-22,CMA CGM IMAGINATION,9948231,256745000,Malta,272.3,,15,2024-08-25 22:16:00,2024-08-26 11:21:00,Marseille,Valencia,CMA CGM IBERICA SAU
57255-1,36A,TERMINAL CATALUNYA SA,4-11,MSC REGULUS,9465291,373068000,Panamà,366.37,48.2,16.5,2024-08-26 00:21:00,2024-08-26 13:28:00,Valencia,Malaga,MEDITERRANEAN SHIPPING COM ESPAÑA SLU
57128-1,36A,TERMINAL CATALUNYA SA,25-29,MSC ROSSELLA III,9320025,255915798,Portugal,221.72,29.8,11.4,2024-08-26 02:26:00,2024-08-26 22:30:00,Valencia,Skikda (ex Philippeville),MEDITERRANEAN SHIPPING COM ESPAÑA SLU
57538-1,36A,TERMINAL CATALUNYA SA,17-22,JADRANA,9619385,255805572,Portugal,255,37.3,13,2024-08-26 12:48:00,2024-08-28 02:27:00,Colombo,Qingxi,MARTICO SL
57751-1,36A,TERMINAL CATALUNYA SA,4-11,MSC LAURENCE,9467419,371582000,Panamà,365.82,48.4,16.5,2024-08-26 15:28:00,2024-08-27 06:56:00,Valencia,Marsaxlokk,MEDITERRANEAN SHIPPING COM ESPAÑA SLU
57770-1,36A,TERMINAL CATALUNYA SA,12-16,MSC EMILIE,9334832,636020695,Libèria,176.96,27.4,10.9,2024-08-26 23:36:00,2024-08-27 09:02:00,Valencia,Annaba (ex Bone),MEDITERRANEAN SHIPPING COM ESPAÑA SLU
57853-1,36A,TERMINAL CATALUNYA SA,25-29,MSC RENAISSANCE III,9358436,636017608,Libèria,222.54,32.2,12,2024-08-27 02:54:00,2024-08-27 15:21:00,Castellon de la Plana,La Spezia,MEDITERRANEAN SHIPPING COM ESPAÑA SLU
57475-1,36A,TERMINAL CATALUNYA SA,12-16,AS CONSTANTINA,9308390,636093054,Libèria,221.69,,11.4,2024-08-27 10:13:00,2024-08-27 20:49:00,Genoa,Valencia,COSCO SHIPPING LINES SPAIN SA
57449-1,36A,TERMINAL CATALUNYA SA,4-12,MSC AMELIA,9896995,636020543,Libèria,399.77,61,16.5,2024-08-27 23:32:00,2024-08-31 07:24:00,Valencia,Gioia Tauro,MEDITERRANEAN SHIPPING COM ESPAÑA SLU
57852-1,36A,TERMINAL CATALUNYA SA,17-21,MSC KATALIN II,9232656,636017244,Libèria,184.1,,9.85,2024-08-28 09:51:00,2024-08-28 22:03:00,Gioia Tauro,Alger (Algiers),MEDITERRANEAN SHIPPING COM ESPAÑA SLU
57115-1,36A,TERMINAL CATALUNYA SA,13-16,JONA SOPHIE,9144718,255805601,Portugal,139,23.9,9.19,2024-08-29 11:26:00,2024-08-30 22:41:00,Sagunto,Sagunto,SOLUCIONES INTEGRALES MARITIMAS SLU
57870-2,36A,TERMINAL CATALUNYA SA,26-30,NIKOLAS,9203526,357388000,Panamà,207,,11.4,2024-08-30 02:20:00,2024-08-30 13:04:00,Vado Ligure,Algeciras,NOATUM MARITIME SPAIN SAU
57753-1,36A,TERMINAL CATALUNYA SA,17-20,WEC VERMEER,9237371,209177000,Xipre,134.44,22.5,8.71,2024-08-30 04:00:00,2024-08-31 03:36:00,Valencia,Valencia,WEC LINES ESPAÑA SLU
57975-1,36A,TERMINAL CATALUNYA SA,26-29,SONATA,9316103,277562000,Lituània,148,,8.51,2024-08-30 20:01:00,2024-08-31 16:05:00,Oran,Valencia,MEDITERRANEAN SHIPPING COM ESPAÑA SLU
57897-1,36A,TERMINAL CATALUNYA SA,8-12,MSC YUXIN,9966946,636023314,Libèria,171.86,28.4,10.96,2024-08-31 09:15:00,2024-09-01 04:29:00,Valencia,Bejaia (ex Bougie),MEDITERRANEAN SHIPPING COM ESPAÑA SLU
57476-1,36A,TERMINAL CATALUNYA SA,13-19,MSC ADONIS,9706310,636021251,Libèria,299.99,48.4,10,2024-08-31 15:27:00,2024-09-02 02:58:00,Valencia,Livorno,MEDITERRANEAN SHIPPING COM ESPAÑA SLU
57896-1,36A,TERMINAL CATALUNYA SA,21-25,PANDA 003,9968891,255915662,Portugal,169.95,,9.6,2024-09-01 00:00:00,2024-09-02 04:26:00,Moerdijk,Moerdijk,MARTICO SL
57480-1,36A,TERMINAL CATALUNYA SA,26-30,KUMASI,9220859,311060500,Bahames,195.6,,11.01,2024-09-01 00:31:00,2024-09-02 05:40:00,Colombo,Koper,MARTICO SL
57854-1,36A,TERMINAL CATALUNYA SA,5-12,MSC THAIS,9957347,636023562,Libèria,364,,16,2024-09-01 14:36:00,2024-09-02 19:08:00,Valencia,Gioia Tauro,MEDITERRANEAN SHIPPING COM ESPAÑA SLU
57606-1,36A,TERMINAL CATALUNYA SA,13-19,MSC LILY,9704960,255806489,Portugal,299.95,,14.5,2024-09-03 06:31:00,2024-09-03 23:53:00,Valencia,Sines,MEDITERRANEAN SHIPPING COM ESPAÑA SLU
57709-1,36A,TERMINAL CATALUNYA SA,12-19,MSC CAMILLE,9404651,354625000,Panamà,365.52,,17.5,2024-09-04 02:50:00,2024-09-05 09:32:00,Marsaxlokk,Valencia,MEDITERRANEAN SHIPPING COM ESPAÑA SLU
57713-1,36A,TERMINAL CATALUNYA SA,21-25,DELPHIS BOTHNIA,9763710,477537200,Hong Kong,177.56,,9.5,2024-09-04 04:43:00,2024-09-04 14:09:00,Valencia,Piraeus,COSCO SHIPPING LINES SPAIN SA
57116-1,36A,TERMINAL CATALUNYA SA,26-29,BARBARA P,9144720,255805600,Portugal,138.97,,9.19,2024-09-04 05:23:00,2024-09-04 15:38:00,Sagunto,Sagunto,SOLUCIONES INTEGRALES MARITIMAS SLU
57170-1,36A,TERMINAL CATALUNYA SA,5-11,CMA CGM EXCELLENCE,9948217,256482000,Malta,272.3,,15,2024-09-04 11:58:00,2024-09-05 03:28:00,Marseille,Valencia,CMA CGM IBERICA SAU
57711-1,36A,TERMINAL CATALUNYA SA,3-11,MSC DILETTA,9897004,636020598,Libèria,399.77,61,16.5,2024-09-05 07:18:00,2024-09-08 08:43:00,Valencia,Gioia Tauro,MEDITERRANEAN SHIPPING COM ESPAÑA SLU
57729-1,36A,TERMINAL CATALUNYA SA,13-19,MSC MARIANNA,9226920,352335000,Panamà,303.94,40,14.5,2024-09-05 13:26:00,2024-09-06 04:49:00,La Spezia,Valencia,MEDITERRANEAN SHIPPING COM ESPAÑA SLU
57754-1,36A,TERMINAL CATALUNYA SA,22-25,WEC JAN STEEN,9354416,255806280,Portugal,134.44,22.5,8.71,2024-09-05 23:36:00,2024-09-06 23:40:00,Valencia,Valencia,WEC LINES ESPAÑA SLU
57116-3,36A,TERMINAL CATALUNYA SA,26-29,BARBARA P,9144720,255805600,Portugal,138.97,,9.19,2024-09-06 08:23:00,2024-09-06 23:03:00,Sagunto,Sagunto,SOLUCIONES INTEGRALES MARITIMAS SLU
57894-1,36A,TERMINAL CATALUNYA SA,20-24,FLEUR N,9509138,636019931,Libèria,212.53,32.19,12.5,2024-09-07 02:00:00,2024-09-09 00:21:00,Valencia,Vado Ligure,NOATUM MARITIME SPAIN SAU
57728-1,36A,TERMINAL CATALUNYA SA,13-19,MSC ANZU,9710426,255806496,Portugal,299.98,48.2,15.94,2024-09-07 04:12:00,2024-09-07 20:19:00,Fos-sur-Mer,Valencia,MEDITERRANEAN SHIPPING COM ESPAÑA SLU
58058-1,36A,TERMINAL CATALUNYA SA,12-19,MSC EMANUELA,9399052,353155000,Panamà,366.07,51.2,17.5,2024-09-07 22:08:00,2024-09-08 17:54:00,Valencia,Gioia Tauro,MEDITERRANEAN SHIPPING COM ESPAÑA SLU
58086-1,36A,TERMINAL CATALUNYA SA,26-29,MSC ORTOLAN II,9401685,636022277,Libèria,175.53,,10.9,2024-09-08 08:08:00,2024-09-09 05:30:00,Valencia,Bejaia (ex Bougie),MEDITERRANEAN SHIPPING COM ESPAÑA SLU
58089-1,36A,TERMINAL CATALUNYA SA,7-10,PANDA 004,9968906,255915663,Portugal,169.95,,9.6,2024-09-08 10:48:00,2024-09-10 06:55:00,Moerdijk,Moerdijk,MARTICO SL
57742-1,36A,TERMINAL CATALUNYA SA,21-25,MIMMI SCHULTE,9743473,563024600,Singapur,188.85,30.4,10.5,2024-09-09 00:46:00,2024-09-09 09:34:00,Algeciras,Piraeus,ORIENT OVERSEAS CONTAINER LINE SPAIN SL
58085-1,36A,TERMINAL CATALUNYA SA,12-16,MSC POLINA,9376141,636020740,Libèria,208.95,,11.62,2024-09-09 02:56:00,2024-09-09 18:53:00,Gioia Tauro,Bejaia (ex Bougie),MEDITERRANEAN SHIPPING COM ESPAÑA SLU
57840-1,36A,TERMINAL CATALUNYA SA,13-19,MSC ATHOS,9618317,636022875,Libèria,299.95,48.2,14.5,2024-09-09 23:47:00,2024-09-11 08:09:00,Valencia,Livorno,MEDITERRANEAN SHIPPING COM ESPAÑA SLU
57744-1,36A,TERMINAL CATALUNYA SA,3-11,MSC ALLEGRA,9897028,636020600,Libèria,399.77,61,17.74,2024-09-10 12:06:00,2024-09-14 13:23:00,Valencia,Gioia Tauro,MEDITERRANEAN SHIPPING COM ESPAÑA SLU
57175-1,36A,TERMINAL CATALUNYA SA,20-26,CMA CGM FORT BOURBON,9966752,228466800,França,268,43,0,2024-09-10 13:46:00,2024-09-11 02:00:00,Genoa,Valencia,CMA CGM IBERICA SAU
57892-1,36A,TERMINAL CATALUNYA SA,20-25,NIKOLAS,9203526,357388000,Panamà,207,,11.4,2024-09-11 03:42:00,2024-09-12 00:41:00,Algeciras,Vado Ligure,NOATUM MARITIME SPAIN SAU
57856-1,36A,TERMINAL CATALUNYA SA,26-29,CTM ISTMO,9430870,352003103,Panamà,175.56,,10.9,2024-09-11 05:43:00,2024-09-11 17:06:00,Genoa,Valencia,ANTILLAS SEA AGENCY SL
55659-1,36A,TERMINAL CATALUNYA SA,11-19,CMA CGM CAPE COD,9938133,256612000,Malta,366,,16,2024-09-11 09:55:00,2024-09-13 03:33:00,Valencia,Fos-sur-Mer,CMA CGM IBERICA SAU
58074-1,36A,TERMINAL CATALUNYA SA,20-26,PANDA 007,9280598,255915786,Portugal,277,40,14.5,2024-09-12 03:39:00,2024-09-14 01:25:00,Colombo,Koper,MARTICO SL
57760-2,36A,TERMINAL CATALUNYA SA,27-29,WEC MAJORELLE,9134153,210312000,Xipre,122,,6.69,2024-09-12 07:23:00,2024-09-12 17:25:00,Algeciras,Valencia,A PEREZ Y CIA SL
58091-1,36A,TERMINAL CATALUNYA SA,27-30,JONA SOPHIE,9144718,255805601,Portugal,139,23.9,9.19,2024-09-12 18:08:00,2024-09-13 21:12:00,Sagunto,Sagunto,SOLUCIONES INTEGRALES MARITIMAS SLU
58059-1,36A,TERMINAL CATALUNYA SA,11-16,MSC RENAISSANCE III,9358436,636017608,Libèria,222.54,32.2,12,2024-09-13 06:09:00,2024-09-13 14:40:00,Castellon de la Plana,La Spezia,MEDITERRANEAN SHIPPING COM ESPAÑA SLU
58104-1,36A,TERMINAL CATALUNYA SA,17-19,WEC VERMEER,9237371,209177000,Xipre,134.55,,8.7,2024-09-13 15:30:00,2024-09-14 03:14:00,Valencia,Valencia,WEC LINES ESPAÑA SLU
58172-1,36A,TERMINAL CATALUNYA SA,27-30,SOLONG,9322554,255805837,Portugal,141,21.8,7.33,2024-09-13 22:42:00,2024-09-14 16:43:00,Moerdijk,Moerdijk,MARTICO SL
58073-1,36A,TERMINAL CATALUNYA SA,21-25,ADRASTOS,9951185,636022178,Libèria,172.07,27.4,9.88,2024-09-14 02:45:00,2024-09-14 08:54:00,Koper,Valencia,MARTICO SL
58173-3,36A,TERMINAL CATALUNYA SA,21-25,FLEUR N,9509138,636019931,Libèria,212.53,32.19,12.5,2024-09-14 09:58:00,2024-09-15 10:32:00,Vado Ligure,Vado Ligure,NOATUM MARITIME SPAIN SAU
57933-1,36A,TERMINAL CATALUNYA SA,27-30,CONTSHIP PAX,9435521,209575000,Xipre,147.83,,8.5,2024-09-14 18:49:00,2024-09-15 06:55:00,Oran,Marseille,CMA CGM IBERICA SAU
57899-1,36A,TERMINAL CATALUNYA SA,12-19,MSC LAURENCE,9467419,371582000,Panamà,365.82,,16.5,2024-09-15 06:06:00,2024-09-15 18:47:00,Marsaxlokk,Valencia,MEDITERRANEAN SHIPPING COM ESPAÑA SLU
58253-1,36A,TERMINAL CATALUNYA SA,4-10,MSC HEIDI,9309473,372008000,Panamà,332,,15,2024-09-15 09:56:00,2024-09-16 17:34:00,Al 'Aqabah,Valencia,MEDITERRANEAN SHIPPING COM ESPAÑA SLU
58269-1,36A,TERMINAL CATALUNYA SA,26-29,PANDA 003,9968891,255915662,Portugal,169.95,,9.6,2024-09-15 16:25:00,2024-09-16 19:40:00,Moerdijk,Moerdijk,MARTICO SL
58276-1,36A,TERMINAL CATALUNYA SA,21-25,MSC KATALIN II,9232656,636017244,Libèria,184.1,25.3,9.85,2024-09-15 18:07:00,2024-09-16 23:08:00,Alger (Algiers),Fos-sur-Mer,MEDITERRANEAN SHIPPING COM ESPAÑA SLU
55856-1,36A,TERMINAL CATALUNYA SA,12-19,CMA CGM KIMBERLEY,9894973,228409900,França,366,,16,2024-09-15 21:08:00,2024-09-17 13:06:00,Valencia,Fos-sur-Mer,CMA CGM IBERICA SAU
57898-1,36A,TERMINAL CATALUNYA SA,3-11,MSC METTE,9936630,636023084,Libèria,399.99,61.5,18.39,2024-09-16 22:01:00,2024-09-20 11:46:00,Valencia,Gioia Tauro,MEDITERRANEAN SHIPPING COM ESPAÑA SLU
57172-1,36A,TERMINAL CATALUNYA SA,23-29,CMA CGM EXEMPLARITY,9948229,256485000,Malta,272.3,42.8,15,2024-09-17 02:22:00,2024-09-17 17:54:00,Marseille,Valencia,CMA CGM IBERICA SAU
57518-1,36A,TERMINAL CATALUNYA SA,12-19,CMA CGM EVERGLADE,9894985,228410600,França,366,51,16,2024-09-17 14:51:00,2024-09-19 14:50:00,Malta (Valetta),Port Kelang,CMA CGM IBERICA SAU
58277-1,36A,TERMINAL CATALUNYA SA,26-29,OPS HAMBURG,9406829,636092040,Libèria,147.87,23.25,8.5,2024-09-17 19:33:00,2024-09-17 22:58:00,Mostaganem,Marseille,CMA CGM IBERICA SAU
58399-1,36A,TERMINAL CATALUNYA SA,21-25,MSC IRA II,9323493,636023306,Libèria,176.9,,10.9,2024-09-17 20:59:00,2024-09-18 14:41:00,Bejaia (ex Bougie),Valencia,MEDITERRANEAN SHIPPING COM ESPAÑA SLU
58232-1,36A,TERMINAL CATALUNYA SA,26-29,SONATA,9316103,277562000,Lituània,148,,8.51,2024-09-18 00:33:00,2024-09-18 18:44:00,Oran,Oran,MEDITERRANEAN SHIPPING COM ESPAÑA SLU
58435-1,36A,TERMINAL CATALUNYA SA,23-29,APL MINNESOTA,9350018,636013521,Libèria,293.18,,14.02,2024-09-18 21:51:00,2024-09-20 00:35:00,Singapore,Cagliari,CMA CGM IBERICA SAU
58287-1,36A,TERMINAL CATALUNYA SA,26-29,BARBARA P,9144720,255805600,Portugal,138.97,,9.19,2024-09-20 03:29:00,2024-09-20 21:53:00,Sagunto,Sagunto,SOLUCIONES INTEGRALES MARITIMAS SLU
58061-1,36A,TERMINAL CATALUNYA SA,12-19,MSC NEW HAVEN,9293777,255803670,Portugal,334,,14.52,2024-09-20 05:58:00,2024-09-20 18:58:00,Algeciras,Gioia Tauro,MEDITERRANEAN SHIPPING COM ESPAÑA SLU
58105-1,36A,TERMINAL CATALUNYA SA,22-25,WEC JAN STEEN,9354416,255806280,Portugal,134.44,,8.71,2024-09-20 06:33:00,2024-09-21 00:27:00,Valencia,Valencia,WEC LINES ESPAÑA SLU
57889-1,36A,TERMINAL CATALUNYA SA,4-10,MAERSK SERANGOON,9315214,565449000,Singapur,318,,15.9,2024-09-20 13:25:00,2024-09-21 07:08:00,Algeciras,Gioia Tauro,NOATUM MARITIME SPAIN SAU
58138-1,36A,TERMINAL CATALUNYA SA,26-29,ATLANTIC GENEVA,9330848,563155800,Singapur,147.84,,8.51,2024-09-20 22:33:00,2024-09-21 09:19:00,Oran,Marseille,CMA CGM IBERICA SAU
57960-1,36A,TERMINAL CATALUNYA SA,12-19,MSC THAIS,9957347,636023562,Libèria,364,,16,2024-09-20 23:04:00,2024-09-21 13:46:00,Gioia Tauro,Valencia,MEDITERRANEAN SHIPPING COM ESPAÑA SLU
58418-2,36A,TERMINAL CATALUNYA SA,21-25,NIKOLAS,9203526,357388000,Panamà,207,,11.4,2024-09-21 02:07:00,2024-09-22 04:46:00,Algeciras,Vado Ligure,NOATUM MARITIME SPAIN SAU
57771-1,36A,TERMINAL CATALUNYA SA,3-10,CMA CGM MAUI,9938157,228459800,França,366,51,16,2024-09-21 08:37:00,2024-09-23 18:17:00,Valencia,Fos-sur-Mer,CMA CGM IBERICA SAU
58237-1,36A,TERMINAL CATALUNYA SA,26-29,ADMIRAL GALAXY,9365843,636019647,Libèria,182.85,,11,2024-09-21 10:01:00,2024-09-22 09:36:00,Piraeus,Haifa,BERGE MARITIMA SL
58062-1,36A,TERMINAL CATALUNYA SA,12-18,MSC ALBANY,9619438,636015665,Libèria,299,48.2,14.52,2024-09-21 17:40:00,2024-09-22 19:31:00,Valencia,Livorno,MEDITERRANEAN SHIPPING COM ESPAÑA SLU
58356-1,36A,TERMINAL CATALUNYA SA,22-29,MSC RENEE,9465306,477307300,Hong Kong,366.45,,16.5,2024-09-22 12:50:00,2024-09-23 12:22:00,Valencia,Valencia,MEDITERRANEAN SHIPPING COM ESPAÑA SLU
58231-1,36A,TERMINAL CATALUNYA SA,18-21,NORDTIGER,9626247,212283000,Xipre,169.99,,9.5,2024-09-22 21:58:00,2024-09-24 03:42:00,Colombo,Koper,MARTICO SL
57173-1,36A,TERMINAL CATALUNYA SA,11-17,CMA CGM BOLDNESS,9948243,256744000,Malta,272.5,,15,2024-09-22 22:31:00,2024-09-24 00:05:00,Marseille,Valencia,CMA CGM IBERICA SAU
58454-1,36A,TERMINAL CATALUNYA SA,26-29,MSC AMIHAN F,9449687,636021438,Libèria,139.17,,8.8,2024-09-23 13:38:00,2024-09-23 23:52:00,Alger (Algiers),Casablanca,MEDITERRANEAN SHIPPING COM ESPAÑA SLU
58419-1,36A,TERMINAL CATALUNYA SA,22-25,PANDA 004,9968906,255915663,Portugal,169.95,,9.6,2024-09-23 14:29:00,2024-09-25 00:34:00,Moerdijk,Moerdijk,MARTICO SL
58278-1,36A,TERMINAL CATALUNYA SA,3-5,PANDA 002,9328053,255805843,Portugal,141,,7.33,2024-09-23 23:27:00,2024-09-24 11:25:00,Colombo,Moerdijk,MARTICO SL
57761-1,36A,TERMINAL CATALUNYA SA,26-29,WEC MAJORELLE,9134153,210312000,Xipre,122,18.2,6.69,2024-09-24 10:44:00,2024-09-24 15:43:00,Casablanca,Valencia,A PEREZ Y CIA SL
58565-1,36A,TERMINAL CATALUNYA SA,18-21,MSC YUXIN,9966946,636023314,Libèria,171.86,28.4,9.7,2024-09-24 22:44:00,2024-09-25 20:36:00,Bejaia (ex Bougie),Valencia,MEDITERRANEAN SHIPPING COM ESPAÑA SLU
58294-1,36A,TERMINAL CATALUNYA SA,11-17,TABEA,9294812,255805778,Portugal,276,,14,2024-09-25 02:46:00,2024-09-26 14:17:00,Colombo,Koper,MARTICO SL
58466-1,36A,TERMINAL CATALUNYA SA,26-29,JONA SOPHIE,9144718,255805601,Portugal,139,,9.19,2024-09-25 04:50:00,2024-09-25 14:40:00,Sagunto,Sagunto,SOLUCIONES INTEGRALES MARITIMAS SLU
58607-1,36A,TERMINAL CATALUNYA SA,7-10,MSC EMILIE,9334832,636020695,Libèria,176.96,,10.9,2024-09-25 18:38:00,2024-09-26 19:07:00,Alger (Algiers),Valencia,MEDITERRANEAN SHIPPING COM ESPAÑA SLU
58447-1,36A,TERMINAL CATALUNYA SA,20-26,MAERSK PUELO,9306172,353117000,Panamà,304,,14,2024-09-26 09:24:00,2024-09-27 08:12:00,La Spezia,Valencia,NOATUM MARITIME SPAIN SAU
58608-1,36A,TERMINAL CATALUNYA SA,12-19,MSC IRENE,9399040,355233000,Panamà,366.07,51.2,17.5,2024-09-27 05:43:00,2024-09-28 05:06:00,Valencia,Genoa,MEDITERRANEAN SHIPPING COM ESPAÑA SLU
58466-3,36A,TERMINAL CATALUNYA SA,26-29,JONA SOPHIE,9144718,255805601,Portugal,139,,9.19,2024-09-27 09:13:00,2024-09-28 00:14:00,Sagunto,Sagunto,SOLUCIONES INTEGRALES MARITIMAS SLU
58106-1,36A,TERMINAL CATALUNYA SA,21-24,WEC VERMEER,9237371,209177000,Xipre,134.55,,8.7,2024-09-27 12:06:00,2024-09-27 23:26:00,Valencia,Valencia,WEC LINES ESPAÑA SLU
56073-1,36A,TERMINAL CATALUNYA SA,4-11,CMA CGM TENERE,9859117,215765000,Malta,365.99,51,16,2024-09-27 19:04:00,2024-09-29 06:52:00,Valencia,Fos-sur-Mer,CMA CGM IBERICA SAU
58566-1,36A,TERMINAL CATALUNYA SA,25-29,MSC ASSUNTA III,9243590,636023923,Libèria,207.96,,11.5,2024-09-28 01:51:00,2024-09-29 16:22:00,Alger (Algiers),Valencia,MEDITERRANEAN SHIPPING COM ESPAÑA SLU
58063-1,36A,TERMINAL CATALUNYA SA,12-19,MSC EMANUELA,9399052,353155000,Panamà,366.07,,10,2024-09-28 06:53:00,2024-09-28 23:57:00,Marsaxlokk,Valencia,MEDITERRANEAN SHIPPING COM ESPAÑA SLU
58272-1,36A,TERMINAL CATALUNYA SA,12-18,MSC AGRIGENTO,9618276,357096000,Panamà,300.02,48.2,15.87,2024-09-29 03:30:00,2024-09-29 23:10:00,La Spezia,Valencia,MEDITERRANEAN SHIPPING COM ESPAÑA SLU
57284-1,36A,TERMINAL CATALUNYA SA,5-10,CMA CGM VOLTAIRE,9635652,229877000,Malta,270.07,,14.52,2024-09-29 08:47:00,2024-09-30 07:18:00,Marseille,Valencia,CMA CGM IBERICA SAU
58613-1,36A,TERMINAL CATALUNYA SA,21-24,PANDA 003,9968891,255915662,Portugal,169.95,,9.6,2024-09-30 05:44:00,2024-10-01 10:07:00,Moerdijk,Moerdijk,MARTICO SL
58325-1,36A,TERMINAL CATALUNYA SA,25-29,AS CONSTANTINA,9308390,636093054,Libèria,221.69,,11.4,2024-09-30 21:14:00,2024-10-01 14:47:00,Algeciras,Valencia,COSCO SHIPPING LINES SPAIN SA
58222-1,36A,TERMINAL CATALUNYA SA,4-11,MSC ARINA,9839284,,Panamà,399.81,61,16.5,2024-10-01 00:29:00,2024-10-04 15:33:00,Valencia,Gioia Tauro,MEDITERRANEAN SHIPPING COM ESPAÑA SLU
58656-1,36A,TERMINAL CATALUNYA SA,21-24,MSC AGNA II,9509774,255806099,Portugal,180.42,,9.5,2024-10-01 11:10:00,2024-10-02 02:30:00,Alger (Algiers),Valencia,MEDITERRANEAN SHIPPING COM ESPAÑA SLU
58220-1,36A,TERMINAL CATALUNYA SA,13-19,MSC MICHELA,9720512,255805929,Portugal,299.87,,14.5,2024-10-01 22:02:00,2024-10-03 00:04:00,Las Palmas,Valencia,MEDITERRANEAN SHIPPING COM ESPAÑA SLU
58239-1,36A,TERMINAL CATALUNYA SA,21-24,HANSA ROTENBURG,9401673,636092572,Libèria,175.46,,10.92,2024-10-02 03:43:00,2024-10-03 18:06:00,Piraeus,Haifa,BERGE MARITIMA SL
58663-1,36A,TERMINAL CATALUNYA SA,26-29,BARBARA P,9144720,255805600,Portugal,138.97,,9.19,2024-10-02 05:20:00,2024-10-02 15:18:00,Sagunto,Sagunto,SOLUCIONES INTEGRALES MARITIMAS SLU
58739-1,36A,TERMINAL CATALUNYA SA,26-29,MSC ROMINA II,9449821,255806097,Portugal,180.43,25,9.5,2024-10-02 20:58:00,2024-10-03 10:59:00,Marsaxlokk,Bejaia (ex Bougie),MEDITERRANEAN SHIPPING COM ESPAÑA SLU
58274-1,36A,TERMINAL CATALUNYA SA,13-19,CAPE TAINARO,9706205,249982000,Malta,330,,16,2024-10-03 09:59:00,2024-10-04 22:43:00,Valencia,Genoa,MEDITERRANEAN SHIPPING COM ESPAÑA SLU
58424-2,36A,TERMINAL CATALUNYA SA,21-25,NIKOLAS,9203526,357388000,Panamà,207,,11.4,2024-10-03 20:17:00,2024-10-04 18:01:00,Algeciras,Vado Ligure,NOATUM MARITIME SPAIN SAU
58663-3,36A,TERMINAL CATALUNYA SA,26-29,BARBARA P,9144720,255805600,Portugal,138.97,,9.19,2024-10-03 20:46:00,2024-10-04 21:52:00,Sagunto,Sagunto,SOLUCIONES INTEGRALES MARITIMAS SLU
58430-1,36A,TERMINAL CATALUNYA SA,8-10,WEC JAN STEEN,9354416,255806280,Portugal,134.44,22.5,8.71,2024-10-04 16:01:00,2024-10-05 10:05:00,Valencia,Valencia,WEC LINES ESPAÑA SLU
58827-1,36A,TERMINAL CATALUNYA SA,4-7,FIONA,9149885,636023461,Libèria,184.06,,9.88,2024-10-04 17:04:00,2024-10-05 15:15:00,Alger (Algiers),Valencia,MEDITERRANEAN SHIPPING COM ESPAÑA SLU
58509-1,36A,TERMINAL CATALUNYA SA,12-16,MSC RENAISSANCE III,9358436,636017608,Libèria,222.54,32.2,12,2024-10-05 05:34:00,2024-10-06 00:07:00,La Spezia,Castellon de la Plana,MEDITERRANEAN SHIPPING COM ESPAÑA SLU
58264-1,36A,TERMINAL CATALUNYA SA,26-30,GREEN SEA,9865996,563102100,Singapur,172.07,,9.77,2024-10-05 06:17:00,2024-10-05 22:09:00,Genoa,Valencia,A PEREZ Y CIA SL
58645-1,36A,TERMINAL CATALUNYA SA,5-11,GSL MYNY,9213583,636020773,Libèria,277.23,40,14.39,2024-10-05 16:25:00,2024-10-07 01:33:00,Algeciras,Gioia Tauro,NOATUM MARITIME SPAIN SAU
58256-1,36A,TERMINAL CATALUNYA SA,12-18,CMA CGM FORT JAMES,9966764,228468900,França,268.03,43,15,2024-10-06 02:20:00,2024-10-07 00:48:00,Port Louis,Fos-sur-Mer,CMA CGM IBERICA SAU
58549-1,36A,TERMINAL CATALUNYA SA,19-23,DELPHIS BOTHNIA,9763710,477537200,Hong Kong,177.56,,9.5,2024-10-06 03:57:00,2024-10-06 19:39:00,Valencia,Piraeus,COSCO SHIPPING LINES SPAIN SA
58510-1,36A,TERMINAL CATALUNYA SA,24-30,MSC MELINE,9702077,255806497,Portugal,299.96,,15.9,2024-10-06 05:11:00,2024-10-06 11:30:00,La Spezia,Valencia,MEDITERRANEAN SHIPPING COM ESPAÑA SLU
57531-1,36A,TERMINAL CATALUNYA SA,24-30,CMA CGM BETTER WAYS,9950557,256587000,Malta,272.3,,15,2024-10-06 12:41:00,2024-10-07 08:03:00,Marseille,Valencia,CMA CGM IBERICA SAU
58223-1,36A,TERMINAL CATALUNYA SA,13-19,MSC BEIJING,9289099,255806376,Portugal,325,42.8,14.5,2024-10-07 02:45:00,2024-10-08 18:55:00,Algeciras,Gioia Tauro,MEDITERRANEAN SHIPPING COM ESPAÑA SLU
58275-1,36A,TERMINAL CATALUNYA SA,4-11,MSC APOLLINE,9896983,636020542,Libèria,399.77,61,10,2024-10-07 07:09:00,2024-10-11 04:47:00,Valencia,Gioia Tauro,MEDITERRANEAN SHIPPING COM ESPAÑA SLU
58238-1,36A,TERMINAL CATALUNYA SA,22-25,ADMIRAL GALAXY,9365843,636019647,Libèria,182.85,,11,2024-10-07 09:13:00,2024-10-08 15:10:00,Piraeus,Haifa,BERGE MARITIMA SL
58817-1,36A,TERMINAL CATALUNYA SA,26-29,PANDA 004,9968906,255915663,Portugal,169.95,,9.6,2024-10-07 15:32:00,2024-10-08 14:29:00,Moerdijk,Moerdijk,MARTICO SL
58273-1,36A,TERMINAL CATALUNYA SA,22-29,MSC ALTAIR,9465277,636015604,Libèria,366,48.2,15.5,2024-10-08 18:57:00,2024-10-10 05:38:00,Gioia Tauro,Valencia,MEDITERRANEAN SHIPPING COM ESPAÑA SLU
58808-1,36A,TERMINAL CATALUNYA SA,17-20,JONA SOPHIE,9144718,255805601,Portugal,139,,9.19,2024-10-08 22:42:00,2024-10-09 04:31:00,Sagunto,Sagunto,SOLUCIONES INTEGRALES MARITIMAS SLU
58359-1,36A,TERMINAL CATALUNYA SA,13-20,MSC NEW HAVEN,9293777,255803670,Portugal,334,,14.52,2024-10-09 05:37:00,2024-10-10 05:13:00,La Spezia,Valencia,MEDITERRANEAN SHIPPING COM ESPAÑA SLU
58205-1,36A,TERMINAL CATALUNYA SA,23-29,CORCOVADO,9687564,636092798,Libèria,300,,15.02,2024-10-10 08:31:00,2024-10-11 12:46:00,Valencia,Livorno,HAPAG LLOYD SPAIN SL
58280-1,36A,TERMINAL CATALUNYA SA,13-20,CMA CGM BIG SUR,9938169,228459900,França,366,51,16,2024-10-10 10:28:00,2024-10-12 10:14:00,Valencia,Marseille,CMA CGM IBERICA SAU
57764-2,36A,TERMINAL CATALUNYA SA,8-11,K-RIVER,9138355,255805995,Portugal,121.99,,6.69,2024-10-11 05:37:00,2024-10-11 16:45:00,Valencia,Tangier,A PEREZ Y CIA SL
58346-1,36A,TERMINAL CATALUNYA SA,4-7,CONTSHIP PAX,9435521,209575000,Xipre,147.83,23.25,8.5,2024-10-11 09:13:00,2024-10-11 19:58:00,Oran,Marseille,CMA CGM IBERICA SAU
58808-3,36A,TERMINAL CATALUNYA SA,26-29,JONA SOPHIE,9144718,255805601,Portugal,139,,9.19,2024-10-11 13:38:00,2024-10-11 23:34:00,Sagunto,Sagunto,SOLUCIONES INTEGRALES MARITIMAS SLU
58807-1,36A,TERMINAL CATALUNYA SA,22-25,WEC VERMEER,9237371,209177000,Xipre,134.55,,8.7,2024-10-11 14:15:00,2024-10-12 02:33:00,Valencia,Valencia,WEC LINES ESPAÑA SLU
58818-1,36A,TERMINAL CATALUNYA SA,8-11,MSC IRA II,9323493,636023306,Libèria,176.9,,10.9,2024-10-11 18:03:00,2024-10-12 08:02:00,Valencia,Bejaia (ex Bougie),MEDITERRANEAN SHIPPING COM ESPAÑA SLU
58703-1,36A,TERMINAL CATALUNYA SA,21-25,NIKOLAS,9203526,357388000,Panamà,207,,11.4,2024-10-12 04:00:00,2024-10-13 00:45:00,Vado Ligure,Vado Ligure,NOATUM MARITIME SPAIN SAU
58654-1,36A,TERMINAL CATALUNYA SA,13-20,MSC SUSANNA,9290543,371466000,Panamà,336.67,45.6,15.5,2024-10-12 11:47:00,2024-10-13 16:36:00,Algeciras,Gioia Tauro,MEDITERRANEAN SHIPPING COM ESPAÑA SLU
58967-1,36A,TERMINAL CATALUNYA SA,26-29,KANTATA,9327580,277549000,Lituània,147.84,,8.51,2024-10-12 16:23:00,2024-10-13 11:24:00,Oran,Oran,MEDITERRANEAN SHIPPING COM ESPAÑA SLU
58511-1,36A,TERMINAL CATALUNYA SA,4-11,MSC RENEE,9465306,477307300,Hong Kong,366.45,,16.5,2024-10-12 18:24:00,2024-10-13 13:27:00,Gioia Tauro,Valencia,MEDITERRANEAN SHIPPING COM ESPAÑA SLU
58248-1,36A,TERMINAL CATALUNYA SA,23-29,CMA CGM HARMONY,9952828,256849000,Malta,272.5,42.8,15,2024-10-13 12:38:00,2024-10-14 01:44:00,Marseille,Valencia,CMA CGM IBERICA SAU
58705-1,36A,TERMINAL CATALUNYA SA,5-11,GSL MYNY,9213583,636020773,Libèria,277.23,,14.39,2024-10-13 14:47:00,2024-10-14 14:17:00,La Spezia,Valencia,NOATUM MARITIME SPAIN SAU
58461-1,36A,TERMINAL CATALUNYA SA,13-20,MSC VEGA,9465265,636015506,Libèria,366.46,48.2,16.5,2024-10-13 18:14:00,2024-10-14 12:30:00,Valencia,Gioia Tauro,MEDITERRANEAN SHIPPING COM ESPAÑA SLU
58773-1,36A,TERMINAL CATALUNYA SA,22-28,PANDA 008,9248162,255805676,Portugal,278.91,40.3,14.02,2024-10-14 06:59:00,2024-10-15 12:48:00,Colombo,Koper,MARTICO SL
58943-1,36A,TERMINAL CATALUNYA SA,9-12,PANDA 003,9968891,255915662,Portugal,169.95,26.9,9.6,2024-10-14 15:21:00,2024-10-16 03:16:00,Moerdijk,Moerdijk,MARTICO SL
58653-1,36A,TERMINAL CATALUNYA SA,13-19,MSC JEONGMIN,9720471,255805854,Portugal,299.89,,14.5,2024-10-15 11:54:00,2024-10-16 02:29:00,La Spezia,Valencia,MEDITERRANEAN SHIPPING COM ESPAÑA SLU
58901-1,36A,TERMINAL CATALUNYA SA,22-29,MSC FATMA,9927251,636021768,Libèria,365.97,51,16,2024-10-15 19:05:00,2024-10-16 15:59:00,Fos-sur-Mer,Valencia,MEDITERRANEAN SHIPPING COM ESPAÑA SLU
58929-1,36A,TERMINAL CATALUNYA SA,16-19,BARBARA P,9144720,255805600,Portugal,138.97,,9.19,2024-10-16 05:12:00,2024-10-16 17:24:00,Sagunto,Sagunto,SOLUCIONES INTEGRALES MARITIMAS SLU
58554-1,36A,TERMINAL CATALUNYA SA,11-15,MIMMI SCHULTE,9743473,563024600,Singapur,188.85,,10.5,2024-10-16 14:01:00,2024-10-17 03:37:00,Algeciras,Piraeus,ORIENT OVERSEAS CONTAINER LINE SPAIN SL
58617-1,36A,TERMINAL CATALUNYA SA,22-25,ATLANTIC GENEVA,9330848,563155800,Singapur,147.84,,8.51,2024-10-16 21:20:00,2024-10-17 06:31:00,Oran,Marseille,CMA CGM IBERICA SAU
58700-1,36A,TERMINAL CATALUNYA SA,13-19,MSC CLEA,9720524,255805930,Portugal,299.84,48.2,14.5,2024-10-17 14:37:00,2024-10-18 15:40:00,Valencia,Livorno,MEDITERRANEAN SHIPPING COM ESPAÑA SLU
58929-3,36A,TERMINAL CATALUNYA SA,26-29,BARBARA P,9144720,255805600,Portugal,138.97,,9.19,2024-10-17 20:35:00,2024-10-18 23:42:00,Sagunto,Sagunto,SOLUCIONES INTEGRALES MARITIMAS SLU
58955-1,36A,TERMINAL CATALUNYA SA,7-11,MSC MELANI III,9399741,636017360,Libèria,225.04,,12.2,2024-10-18 09:34:00,2024-10-19 02:27:00,La Spezia,Castellon de la Plana,MEDITERRANEAN SHIPPING COM ESPAÑA SLU
59042-1,36A,TERMINAL CATALUNYA SA,22-25,WEC JAN STEEN,9354416,255806280,Portugal,134.44,,8.71,2024-10-18 10:56:00,2024-10-18 23:12:00,Valencia,Valencia,WEC LINES ESPAÑA SLU
59136-1,36A,TERMINAL CATALUNYA SA,25-29,MSC KATALIN II,9232656,636017244,Libèria,184.1,25.3,9.85,2024-10-19 10:25:00,2024-10-19 19:09:00,Valencia,Alger (Algiers),MEDITERRANEAN SHIPPING COM ESPAÑA SLU
58240-1,36A,TERMINAL CATALUNYA SA,21-24,HANSA ROTENBURG,9401673,636092572,Libèria,175.46,,10.92,2024-10-19 12:00:00,2024-10-20 06:07:00,Piraeus,Haifa,BERGE MARITIMA SL
57044-1,36A,TERMINAL CATALUNYA SA,13-20,CMA CGM UNITY,9897767,229389000,Malta,366,51,16,2024-10-19 14:16:00,2024-10-21 02:51:00,Valencia,Fos-sur-Mer,CMA CGM IBERICA SAU
58770-1,36A,TERMINAL CATALUNYA SA,4-11,MSC NELA,9839296,356234000,Panamà,400,61,16.5,2024-10-20 02:12:00,2024-10-24 05:10:00,Valencia,Gioia Tauro,MEDITERRANEAN SHIPPING COM ESPAÑA SLU
58771-1,36A,TERMINAL CATALUNYA SA,23-29,MSC BRUNELLA,9702106,255806491,Portugal,300,,14.5,2024-10-21 00:41:00,2024-10-21 16:06:00,La Spezia,Valencia,MEDITERRANEAN SHIPPING COM ESPAÑA SLU
59074-1,36A,TERMINAL CATALUNYA SA,13-19,PORTO CHELI,9221839,636020869,Libèria,300,,14.52,2024-10-21 05:02:00,2024-10-22 05:46:00,Algeciras,Gioia Tauro,NOATUM MARITIME SPAIN SAU
59204-1,36A,TERMINAL CATALUNYA SA,26-29,MSC TAERIM,9966984,636023946,Libèria,171.89,28.4,9.7,2024-10-21 18:35:00,2024-10-22 08:24:00,Valencia,Annaba (ex Bone),MEDITERRANEAN SHIPPING COM ESPAÑA SLU
59104-2,36A,TERMINAL CATALUNYA SA,22-25,RS LISA,9287704,255915596,Portugal,138,21.3,7.47,2024-10-21 19:04:00,2024-10-22 08:31:00,Vado Ligure,Vado Ligure,NOATUM MARITIME SPAIN SAU
57762-2,36A,TERMINAL CATALUNYA SA,19-21,WEC MAJORELLE,9134153,210312000,Xipre,122,,6.69,2024-10-22 07:35:00,2024-10-22 12:07:00,Algeciras,Valencia,A PEREZ Y CIA SL
58244-1,36A,TERMINAL CATALUNYA SA,13-18,CMA CGM KHAO SOK,9925837,256619000,Malta,240.05,42.8,14.56,2024-10-22 08:04:00,2024-10-23 01:08:00,Marseille,Valencia,CMA CGM IBERICA SAU
59142-1,36A,TERMINAL CATALUNYA SA,26-29,PANDA 004,9968906,255915663,Portugal,169.95,,9.6,2024-10-22 10:33:00,2024-10-24 06:30:00,Moerdijk,Moerdijk,MARTICO SL
59199-3,36A,TERMINAL CATALUNYA SA,20-24,NIKOLAS,9203526,357388000,Panamà,207,,11.4,2024-10-22 13:28:00,2024-10-23 02:51:00,Valencia,Genoa,NOATUM MARITIME SPAIN SAU
59220-1,36A,TERMINAL CATALUNYA SA,21-24,JONA SOPHIE,9144718,255805601,Portugal,139,,9.19,2024-10-23 04:54:00,2024-10-23 15:28:00,Sagunto,Sagunto,SOLUCIONES INTEGRALES MARITIMAS SLU
58774-1,36A,TERMINAL CATALUNYA SA,13-20,MSC BEIJING,9289099,255806376,Portugal,325,,14.5,2024-10-23 09:16:00,2024-10-24 09:38:00,La Spezia,Valencia,MEDITERRANEAN SHIPPING COM ESPAÑA SLU
59220-3,36A,TERMINAL CATALUNYA SA,26-29,JONA SOPHIE,9144718,255805601,Portugal,139,,9.19,2024-10-24 19:47:00,2024-10-25 22:31:00,Sagunto,Sagunto,SOLUCIONES INTEGRALES MARITIMAS SLU
59333-1,36A,TERMINAL CATALUNYA SA,5-11,MSC WASHINGTON,9908047,636021365,Libèria,335,,17.02,2024-10-24 23:32:00,2024-10-25 21:56:00,Sines,Gioia Tauro,MEDITERRANEAN SHIPPING COM ESPAÑA SLU
59335-1,36A,TERMINAL CATALUNYA SA,21-24,KANTATA,9327580,277549000,Lituània,147.84,,8.51,2024-10-25 06:06:00,2024-10-25 18:09:00,Oran,Valencia,MEDITERRANEAN SHIPPING COM ESPAÑA SLU
59350-1,36A,TERMINAL CATALUNYA SA,13-20,MSC HEIDI,9309473,372008000,Panamà,332,43.2,15,2024-10-25 09:57:00,2024-10-26 04:25:00,Valencia,Sines,MEDITERRANEAN SHIPPING COM ESPAÑA SLU
59202-1,36A,TERMINAL CATALUNYA SA,21-24,WEC VERMEER,9237371,209177000,Xipre,134.44,22.5,8.71,2024-10-25 19:25:00,2024-10-26 06:41:00,Valencia,Valencia,WEC LINES ESPAÑA SLU
59348-1,36A,TERMINAL CATALUNYA SA,25-29,MSC MELANI III,9399741,636017360,Libèria,225.04,,12.2,2024-10-26 00:34:00,2024-10-26 17:11:00,La Spezia,Castellon de la Plana,MEDITERRANEAN SHIPPING COM ESPAÑA SLU
58777-1,36A,TERMINAL CATALUNYA SA,4-11,MSC FEBE,9839478,372729000,Panamà,399.9,61.5,16.5,2024-10-26 03:06:00,2024-10-31 09:13:00,Valencia,Gioia Tauro,MEDITERRANEAN SHIPPING COM ESPAÑA SLU
58776-1,36A,TERMINAL CATALUNYA SA,13-20,MSC DANIT,9404649,357051000,Panamà,365.5,51.2,16,2024-10-26 08:07:00,2024-10-27 07:15:00,Gioia Tauro,Valencia,MEDITERRANEAN SHIPPING COM ESPAÑA SLU
59089-1,36A,TERMINAL CATALUNYA SA,21-24,PAN GG,9236286,622110051,Egipte,149,,7.8,2024-10-26 09:54:00,2024-10-27 13:46:00,Piraeus,Haifa,BERGE MARITIMA SL
58667-3,36A,TERMINAL CATALUNYA SA,25-29,MATHILDE SCHULTE,9676709,565376000,Singapur,188.87,30.4,10.5,2024-10-26 18:19:00,2024-10-26 23:37:00,Marsaxlokk,Tanger Med,CMA CGM IBERICA SAU
58896-1,36A,TERMINAL CATALUNYA SA,13-20,MSC SUSANNA,9290543,371466000,Panamà,336.67,,15.5,2024-10-27 17:54:00,2024-10-28 08:11:00,La Spezia,Valencia,MEDITERRANEAN SHIPPING COM ESPAÑA SLU
59096-1,36A,TERMINAL CATALUNYA SA,21-24,ATLANTIC MERCHANT,9378929,563143700,Singapur,147.8,,8.51,2024-10-28 04:30:00,2024-10-28 22:35:00,Marseille,Marsaxlokk,CMA CGM IBERICA SAU
59141-1,36A,TERMINAL CATALUNYA SA,13-18,PANDA 001,9290787,255805780,Portugal,276,40,14,2024-10-28 10:21:00,2024-10-30 21:32:00,Colombo,Koper,MARTICO SL
58965-1,36A,TERMINAL CATALUNYA SA,24-30,MSC GIULIA,9770737,255805869,Portugal,300,,14.5,2024-10-29 00:17:00,2024-10-29 10:41:00,Fos-sur-Mer,Valencia,MEDITERRANEAN SHIPPING COM ESPAÑA SLU
59394-1,36A,TERMINAL CATALUNYA SA,19-22,FIONA,9149885,636023461,Libèria,184.06,25.3,9.88,2024-10-29 04:32:00,2024-10-29 17:31:00,Valencia,Alger (Algiers),MEDITERRANEAN SHIPPING COM ESPAÑA SLU
59416-1,36A,TERMINAL CATALUNYA SA,24-30,MSC RITA V,9313929,210885000,Xipre,294.1,,14.5,2024-10-29 12:21:00,2024-10-30 20:04:00,Baltimore,Gioia Tauro,MEDITERRANEAN SHIPPING COM ESPAÑA SLU
59366-1,36A,TERMINAL CATALUNYA SA,19-22,BARBARA P,9144720,255805600,Portugal,138.97,23.9,9.19,2024-10-30 00:06:00,2024-10-30 09:37:00,Sagunto,Sagunto,SOLUCIONES INTEGRALES MARITIMAS SLU
59072-1,36A,TERMINAL CATALUNYA SA,18-22,AS CONSTANTINA,9308390,636093054,Libèria,221.69,,11.4,2024-10-31 11:50:00,2024-10-31 22:48:00,Algeciras,Piraeus,COSCO SHIPPING LINES SPAIN SA
58966-1,36A,TERMINAL CATALUNYA SA,23-29,MSC MAXINE,9720287,255806521,Portugal,299.84,48.2,14.5,2024-10-31 13:24:00,2024-11-01 14:06:00,Valencia,Livorno,MEDITERRANEAN SHIPPING COM ESPAÑA SLU
58246-1,36A,TERMINAL CATALUNYA SA,6-11,CMA CGM IMAGINATION,9948231,256745000,Malta,272.3,42.8,15,2024-10-31 14:33:00,2024-11-01 23:22:00,Marseille,Valencia,CMA CGM IBERICA SAU
59315-1,36A,TERMINAL CATALUNYA SA,19-22,PANDA 003,9968891,255915662,Portugal,169.95,26.9,9.6,2024-10-31 23:45:00,2024-11-02 19:48:00,Moerdijk,Moerdijk,MARTICO SL
59366-3,36A,TERMINAL CATALUNYA SA,13-16,BARBARA P,9144720,255805600,Portugal,138.97,23.9,9.19,2024-11-01 03:22:00,2024-11-01 11:16:00,Sagunto,Sagunto,SOLUCIONES INTEGRALES MARITIMAS SLU
59268-1,36A,TERMINAL CATALUNYA SA,13-17,NIKOLAS,9203526,357388000,Panamà,207,,11.4,2024-11-01 13:13:00,2024-11-02 13:16:00,Genoa,Genoa,NOATUM MARITIME SPAIN SAU
59203-1,36A,TERMINAL CATALUNYA SA,23-25,WEC JAN STEEN,9354416,255806280,Portugal,134.44,22.5,8.71,2024-11-01 15:48:00,2024-11-02 01:43:00,Cadiz,Valencia,WEC LINES ESPAÑA SLU
58934-1,36A,TERMINAL CATALUNYA SA,7-10,CTM ISTMO,9430870,352003103,Panamà,175.56,,10.9,2024-11-02 00:58:00,2024-11-02 18:10:00,Genoa,Valencia,ANTILLAS SEA AGENCY SL
59417-1,36A,TERMINAL CATALUNYA SA,3-6,MSC JIANI,9966934,636023100,Libèria,172,28.4,9.7,2024-11-02 07:12:00,2024-11-02 19:40:00,Valencia,Annaba (ex Bone),MEDITERRANEAN SHIPPING COM ESPAÑA SLU
59517-1,36A,TERMINAL CATALUNYA SA,26-29,MSC YUXIN,9966946,636023314,Libèria,171.86,,9.7,2024-11-03 02:08:00,2024-11-03 17:12:00,Bejaia (ex Bougie),Valencia,MEDITERRANEAN SHIPPING COM ESPAÑA SLU
59269-1,36A,TERMINAL CATALUNYA SA,12-18,PORTO CHELI,9221839,636020869,Libèria,300,,14.52,2024-11-03 03:14:00,2024-11-03 18:05:00,La Spezia,Valencia,NOATUM MARITIME SPAIN SAU
57045-1,36A,TERMINAL CATALUNYA SA,3-10,CMA CGM G. WASHINGTON,9780847,215197000,Malta,366,,16,2024-11-03 04:20:00,2024-11-05 22:25:00,Valencia,Fos-sur-Mer,CMA CGM IBERICA SAU
59419-1,36A,TERMINAL CATALUNYA SA,21-24,MERITO,9167942,249096000,Malta,150,23.1,8.6,2024-11-03 06:10:00,2024-11-03 17:24:00,Valencia,Skikda (ex Philippeville),MEDITERRANEAN SHIPPING COM ESPAÑA SLU
59228-1,36A,TERMINAL CATALUNYA SA,26-29,DELPHIS BOTHNIA,9763710,477537200,Hong Kong,177.56,,9.5,2024-11-03 19:17:00,2024-11-04 04:02:00,Valencia,Piraeus,COSCO SHIPPING LINES SPAIN SA
59110-1,36A,TERMINAL CATALUNYA SA,13-19,MSC GISELLE,9720196,255806520,Portugal,299.82,48.2,14.5,2024-11-03 19:49:00,2024-11-04 15:12:00,La Spezia,Valencia,MEDITERRANEAN SHIPPING COM ESPAÑA SLU
59523-1,36A,TERMINAL CATALUNYA SA,21-24,SONATA,9316103,277562000,Lituània,148,,8.51,2024-11-03 20:12:00,2024-11-04 07:39:00,Oran,Oran,MEDITERRANEAN SHIPPING COM ESPAÑA SLU
59557-1,36A,TERMINAL CATALUNYA SA,23-29,MSC LEO VI,9229312,636017306,Libèria,300,40,14,2024-11-04 09:36:00,2024-11-05 14:03:00,Iskenderun,Genoa,MEDITERRANEAN SHIPPING COM ESPAÑA SLU
59125-1,36A,TERMINAL CATALUNYA SA,13-16,HANSA ROTENBURG,9401673,636092572,Libèria,175.46,,10.92,2024-11-04 16:29:00,2024-11-06 11:18:00,Piraeus,Piraeus,BERGE MARITIMA SL
59135-2,36A,TERMINAL CATALUNYA SA,17-20,K-RIVER,9138355,255805995,Portugal,121.99,,6.69,2024-11-05 09:42:00,2024-11-05 15:45:00,Algeciras,Valencia,A PEREZ Y CIA SL
59242-1,36A,TERMINAL CATALUNYA SA,22-29,MSC VEGA,9465265,636015506,Libèria,366.46,,16.5,2024-11-05 15:39:00,2024-11-06 07:47:00,Marsaxlokk,Valencia,MEDITERRANEAN SHIPPING COM ESPAÑA SLU
59522-1,36A,TERMINAL CATALUNYA SA,17-20,PANDA 004,9968906,255915663,Portugal,169.95,,9.6,2024-11-06 02:51:00,2024-11-06 23:08:00,Moerdijk,Moerdijk,MARTICO SL
59166-1,36A,TERMINAL CATALUNYA SA,4-11,MSC LENI,9839454,356432000,Panamà,399.97,61.51,16.5,2024-11-06 07:01:00,2024-11-10 01:22:00,Valencia,Gioia Tauro,MEDITERRANEAN SHIPPING COM ESPAÑA SLU
59519-1,36A,TERMINAL CATALUNYA SA,21-23,JONA SOPHIE,9144718,255805601,Portugal,139,,9.19,2024-11-06 09:03:00,2024-11-06 16:52:00,Sagunto,Sagunto,SOLUCIONES INTEGRALES MARITIMAS SLU
58251-1,36A,TERMINAL CATALUNYA SA,24-30,CMA CGM EXCELLENCE,9948217,256482000,Malta,272.3,42.8,15,2024-11-06 10:30:00,2024-11-07 02:12:00,Marseille,Valencia,CMA CGM IBERICA SAU
59098-1,36A,TERMINAL CATALUNYA SA,13-16,CONTSHIP PAX,9435521,209575000,Xipre,147.83,,8.5,2024-11-06 12:23:00,2024-11-07 07:49:00,Oran,Marseille,CMA CGM IBERICA SAU
59400-1,36A,TERMINAL CATALUNYA SA,23-29,MSC ARICA,9619452,636019582,Libèria,299.18,,14.52,2024-11-07 06:36:00,2024-11-07 22:33:00,Genoa,Valencia,MEDITERRANEAN SHIPPING COM ESPAÑA SLU
59109-1,36A,TERMINAL CATALUNYA SA,13-19,MSC MARIANNA,9226920,352335000,Panamà,303.94,40,10,2024-11-07 12:34:00,2024-11-08 07:30:00,Algeciras,Gioia Tauro,MEDITERRANEAN SHIPPING COM ESPAÑA SLU
59272-3,36A,TERMINAL CATALUNYA SA,21-25,NIKOLAS,9203526,357388000,Panamà,207,29.8,11.4,2024-11-07 23:42:00,2024-11-08 12:40:00,Vado Ligure,Vado Ligure,NOATUM MARITIME SPAIN SAU
59519-3,36A,TERMINAL CATALUNYA SA,26-29,JONA SOPHIE,9144718,255805601,Portugal,139,,9.19,2024-11-08 08:22:00,2024-11-09 00:27:00,Sagunto,Sagunto,SOLUCIONES INTEGRALES MARITIMAS SLU
59205-1,36A,TERMINAL CATALUNYA SA,22-25,WEC VERMEER,9237371,209177000,Xipre,134.44,22.5,8.71,2024-11-08 13:29:00,2024-11-09 10:03:00,Valencia,Valencia,WEC LINES ESPAÑA SLU
59111-1,36A,TERMINAL CATALUNYA SA,13-19,MSC ADONIS,9706310,636021251,Libèria,299.99,48.4,10,2024-11-08 15:29:00,2024-11-09 07:51:00,Valencia,Genoa,MEDITERRANEAN SHIPPING COM ESPAÑA SLU
59420-1,36A,TERMINAL CATALUNYA SA,13-19,MSC MAXINE,9720287,255806521,Portugal,299.84,,14.5,2024-11-09 11:09:00,2024-11-10 07:17:00,La Spezia,Valencia,MEDITERRANEAN SHIPPING COM ESPAÑA SLU
57401-1,36A,TERMINAL CATALUNYA SA,4-11,CMA CGM JULES VERNE,9454450,229190000,Malta,396,,16,2024-11-10 02:49:00,2024-11-11 14:14:00,Valencia,Fos-sur-Mer,CMA CGM IBERICA SAU
59316-1,36A,TERMINAL CATALUNYA SA,20-25,JADRANA,9619385,255805572,Portugal,255,,13,2024-11-10 11:15:00,2024-11-12 02:24:00,Colombo,Koper,MARTICO SL
59126-1,36A,TERMINAL CATALUNYA SA,13-15,PAN GG,9236286,622110051,Egipte,149,,7.8,2024-11-12 03:37:00,2024-11-13 06:19:00,Piraeus,Haifa,BERGE MARITIMA SL
59650-1,36A,TERMINAL CATALUNYA SA,16-20,MSC MELANI III,9399741,636017360,Libèria,225.04,,12.2,2024-11-12 15:26:00,2024-11-13 23:52:00,La Spezia,Castellon de la Plana,MEDITERRANEAN SHIPPING COM ESPAÑA SLU
59336-1,36A,TERMINAL CATALUNYA SA,4-11,MSC IRINA,9929429,636022601,Libèria,399.93,61.3,17,2024-11-13 01:32:00,2024-11-16 15:58:00,Valencia,Gioia Tauro,MEDITERRANEAN SHIPPING COM ESPAÑA SLU
59256-1,36A,TERMINAL CATALUNYA SA,22-29,MSC WASHINGTON,9908047,636021365,Libèria,335,,17.02,2024-11-13 06:03:00,2024-11-14 01:40:00,Gioia Tauro,Valencia,MEDITERRANEAN SHIPPING COM ESPAÑA SLU
59626-1,36A,TERMINAL CATALUNYA SA,13-15,BARBARA P,9144720,255805600,Portugal,138.97,,9.19,2024-11-13 07:16:00,2024-11-13 19:39:00,Sagunto,Sagunto,SOLUCIONES INTEGRALES MARITIMAS SLU
59363-1,36A,TERMINAL CATALUNYA SA,16-20,MIMMI SCHULTE,9743473,563024600,Singapur,188.85,,10.5,2024-11-14 04:37:00,2024-11-14 18:39:00,Algeciras,Piraeus,ORIENT OVERSEAS CONTAINER LINE SPAIN SL
59657-1,36A,TERMINAL CATALUNYA SA,26-29,PANDA 003,9968891,255915662,Portugal,169.95,,9.6,2024-11-14 08:56:00,2024-11-15 07:00:00,Moerdijk,Moerdijk,MARTICO SL
59487-2,36A,TERMINAL CATALUNYA SA,13-15,WEC MAJORELLE,9134153,210312000,Xipre,122,18.2,6.69,2024-11-14 10:25:00,2024-11-14 20:50:00,Algeciras,Valencia,A PEREZ Y CIA SL
59693-3,36A,TERMINAL CATALUNYA SA,21-25,NIKOLAS,9203526,357388000,Panamà,207,,11.4,2024-11-14 13:26:00,2024-11-15 10:24:00,Vado Ligure,Vado Ligure,NOATUM MARITIME SPAIN SAU
59626-3,36A,TERMINAL CATALUNYA SA,17-20,BARBARA P,9144720,255805600,Portugal,138.97,,9.19,2024-11-15 09:42:00,2024-11-15 21:58:00,Sagunto,Sagunto,SOLUCIONES INTEGRALES MARITIMAS SLU
59600-1,36A,TERMINAL CATALUNYA SA,23-29,EPAMINONDAS,9153862,636020350,Libèria,299.9,42.8,14.04,2024-11-15 11:53:00,2024-11-16 04:49:00,Fos-sur-Mer,Valencia,MEDITERRANEAN SHIPPING COM ESPAÑA SLU
59494-1,36A,TERMINAL CATALUNYA SA,13-16,WEC JAN STEEN,9354416,255806280,Portugal,134.44,,8.71,2024-11-15 12:09:00,2024-11-16 02:41:00,Valencia,Valencia,WEC LINES ESPAÑA SLU
59709-1,36A,TERMINAL CATALUNYA SA,22-30,MSC RAPALLO,9484455,636092271,Libèria,365.8,,16,2024-11-16 07:58:00,2024-11-17 02:20:00,Valencia,Gioia Tauro,MEDITERRANEAN SHIPPING COM ESPAÑA SLU
59725-1,36A,TERMINAL CATALUNYA SA,13-16,MSC ROMINA II,9449821,255806097,Portugal,180.43,25,9.5,2024-11-16 12:49:00,2024-11-16 22:53:00,Valencia,Bejaia (ex Bougie),MEDITERRANEAN SHIPPING COM ESPAÑA SLU
57655-1,36A,TERMINAL CATALUNYA SA,4-11,CMA CGM IGUACU,9859131,215966000,Malta,366,,16,2024-11-16 21:50:00,2024-11-18 19:12:00,Valencia,Fos-sur-Mer,CMA CGM IBERICA SAU
59257-1,36A,TERMINAL CATALUNYA SA,13-20,MSC TOMOKO,9309461,354315000,Panamà,331.99,43.2,15,2024-11-17 00:28:00,2024-11-18 07:09:00,Algeciras,Gioia Tauro,MEDITERRANEAN SHIPPING COM ESPAÑA SLU
59422-1,36A,TERMINAL CATALUNYA SA,23-29,MSC NAOMI,9704984,255806500,Portugal,300,,14.5,2024-11-17 03:55:00,2024-11-17 21:41:00,La Spezia,Valencia,MEDITERRANEAN SHIPPING COM ESPAÑA SLU
58659-1,36A,TERMINAL CATALUNYA SA,24-30,CMA CGM EXEMPLARITY,9948229,256485000,Malta,272.3,,15,2024-11-18 04:28:00,2024-11-18 23:09:00,Marseille,Valencia,CMA CGM IBERICA SAU
59710-1,36A,TERMINAL CATALUNYA SA,20-23,SONATA,9316103,277562000,Lituània,148,,8.51,2024-11-18 08:15:00,2024-11-18 20:19:00,Valencia,Oran,MEDITERRANEAN SHIPPING COM ESPAÑA SLU
59255-1,36A,TERMINAL CATALUNYA SA,13-19,MSC MARIANNA,9226920,352335000,Panamà,303.94,,10,2024-11-18 08:59:00,2024-11-19 06:55:00,La Spezia,Valencia,MEDITERRANEAN SHIPPING COM ESPAÑA SLU
59591-2,36A,TERMINAL CATALUNYA SA,21-25,MAIRA,9203502,357380000,Panamà,207.16,29.8,11.4,2024-11-19 00:27:00,2024-11-19 09:16:00,San Juan,Tanger Med,HAPAG LLOYD SPAIN SL
59652-1,36A,TERMINAL CATALUNYA SA,26-29,PANDA 004,9968906,255915663,Portugal,169.95,,9.6,2024-11-19 00:51:00,2024-11-19 23:43:00,Moerdijk,Moerdijk,MARTICO SL
59459-1,36A,TERMINAL CATALUNYA SA,4-11,MSC AMBRA,9839480,352269000,Panamà,399.9,61.5,17.74,2024-11-20 02:45:00,2024-11-24 04:18:00,Valencia,Gioia Tauro,MEDITERRANEAN SHIPPING COM ESPAÑA SLU
59653-1,36A,TERMINAL CATALUNYA SA,13-19,PANDA 006,9677026,636015872,Libèria,276,42.8,14,2024-11-20 06:09:00,2024-11-21 15:38:00,Colombo,Koper,MARTICO SL
59877-1,36A,TERMINAL CATALUNYA SA,26-29,JONA SOPHIE,9144718,255805601,Portugal,139,,9.19,2024-11-20 06:41:00,2024-11-20 13:40:00,Sagunto,Sagunto,SOLUCIONES INTEGRALES MARITIMAS SLU
60074-1,36A,TERMINAL CATALUNYA SA,25-29,MSC NAHARA,9955789,636023312,Libèria,209.9,,12,2024-11-20 13:31:00,2024-11-21 09:03:00,St John,Valencia,MEDITERRANEAN SHIPPING COM ESPAÑA SLU
59468-1,36A,TERMINAL CATALUNYA SA,23-29,MAERSK SERANGOON,9315214,565449000,Singapur,318,,15.9,2024-11-21 10:42:00,2024-11-22 06:57:00,La Spezia,Valencia,NOATUM MARITIME SPAIN SAU
57716-1,36A,TERMINAL CATALUNYA SA,13-20,CMA CGM SCANDOLA,9859129,215839000,Malta,366,,16,2024-11-21 17:02:00,2024-11-24 19:28:00,Valencia,Fos-sur-Mer,CMA CGM IBERICA SAU
59831-1,36A,TERMINAL CATALUNYA SA,22-29,MSC PALERMO,9964223,636024134,Libèria,365.97,51,16.9,2024-11-22 09:09:00,2024-11-23 01:55:00,Fos-sur-Mer,Valencia,MEDITERRANEAN SHIPPING COM ESPAÑA SLU
59877-3,36A,TERMINAL CATALUNYA SA,26-29,JONA SOPHIE,9144718,255805601,Portugal,139,,9.19,2024-11-23 02:58:00,2024-11-23 10:25:00,Sagunto,Sagunto,SOLUCIONES INTEGRALES MARITIMAS SLU
59777-1,36A,TERMINAL CATALUNYA SA,22-25,WEC VERMEER,9237371,209177000,Xipre,134.55,22.5,8.7,2024-11-23 03:41:00,2024-11-23 12:51:00,Valencia,Valencia,WEC LINES ESPAÑA SLU
59561-1,36A,TERMINAL CATALUNYA SA,22-30,MSC MARGRIT,9465318,477307400,Hong Kong,366.45,48.2,15.5,2024-11-24 01:26:00,2024-11-25 01:14:00,Valencia,Malaga,MEDITERRANEAN SHIPPING COM ESPAÑA SLU
58448-1,36A,TERMINAL CATALUNYA SA,5-11,MAERSK PUELO,9306172,353117000,Panamà,304,,14,2024-11-24 05:58:00,2024-11-24 21:50:00,Gioia Tauro,Valencia,NOATUM MARITIME SPAIN SAU
59694-3,36A,TERMINAL CATALUNYA SA,13-17,NIKOLAS,9203526,357388000,Panamà,207,,11.4,2024-11-24 21:17:00,2024-11-26 01:42:00,Vado Ligure,Vado Ligure,NOATUM MARITIME SPAIN SAU
59562-1,36A,TERMINAL CATALUNYA SA,5-11,MSC CATERINA,9705005,255806492,Portugal,299.95,,14.6,2024-11-24 23:01:00,2024-11-25 12:14:00,La Spezia,Valencia,MEDITERRANEAN SHIPPING COM ESPAÑA SLU
59726-1,36A,TERMINAL CATALUNYA SA,23-29,MSC BRITTANY,9724049,255806430,Portugal,299.99,48.4,14.5,2024-11-25 03:15:00,2024-11-26 05:26:00,Valencia,Gioia Tauro,MEDITERRANEAN SHIPPING COM ESPAÑA SLU
60080-1,36A,TERMINAL CATALUNYA SA,5-11,MSC DORINE,9301328,636020898,Libèria,294.05,32.2,13.5,2024-11-25 13:58:00,2024-11-26 08:18:00,Malaga,Castellon de la Plana,MEDITERRANEAN SHIPPING COM ESPAÑA SLU
59935-1,36A,TERMINAL CATALUNYA SA,13-16,MSC JIANI,9966934,636023100,Libèria,172,28.4,9.7,2024-11-26 02:50:00,2024-11-26 16:15:00,Valencia,Bejaia (ex Bougie),MEDITERRANEAN SHIPPING COM ESPAÑA SLU
57845-1,36A,TERMINAL CATALUNYA SA,17-21,AS ANITA,9470961,636093268,Libèria,189.49,,11.35,2024-11-26 11:28:00,2024-11-27 06:30:00,Algeciras,Piraeus,COSCO SHIPPING LINES SPAIN SA
60089-1,36A,TERMINAL CATALUNYA SA,13-16,BARBARA P,9144720,255805600,Portugal,138.97,,9.19,2024-11-27 06:13:00,2024-11-27 13:35:00,Sagunto,Sagunto,SOLUCIONES INTEGRALES MARITIMAS SLU
60164-1,36A,TERMINAL CATALUNYA SA,26-30,PANDA 003,9968891,255915662,Portugal,169.95,,9.6,2024-11-27 08:59:00,2024-11-28 09:50:00,Moerdijk,Moerdijk,MARTICO SL
58944-1,36A,TERMINAL CATALUNYA SA,20-25,CMA CGM BOLDNESS,9948243,256744000,Malta,272.3,,15,2024-11-27 11:36:00,2024-11-27 23:44:00,Livorno,Valencia,CMA CGM IBERICA SAU
59421-1,36A,TERMINAL CATALUNYA SA,13-19,MSC AGADIR,9619464,477001100,Hong Kong,299.18,48.2,14.52,2024-11-27 15:38:00,2024-11-28 21:31:00,Valencia,Genoa,MEDITERRANEAN SHIPPING COM ESPAÑA SLU
59691-1,36A,TERMINAL CATALUNYA SA,5-11,MSC MAGNUM VII,9252541,636023145,Libèria,300,,14.52,2024-11-27 18:07:00,2024-11-28 05:25:00,Fos-sur-Mer,Valencia,MEDITERRANEAN SHIPPING COM ESPAÑA SLU
59588-1,36A,TERMINAL CATALUNYA SA,4-11,MSC GULSUN,9839430,372003000,Panamà,399.9,61.51,16.5,2024-11-28 09:22:00,2024-12-02 05:48:00,Valencia,Gioia Tauro,MEDITERRANEAN SHIPPING COM ESPAÑA SLU
59360-1,36A,TERMINAL CATALUNYA SA,18-22,GREEN SEA,9865996,563102100,Singapur,172.07,,9.77,2024-11-28 23:29:00,2024-11-29 09:41:00,Genoa,Valencia,A PEREZ Y CIA SL
59128-1,36A,TERMINAL CATALUNYA SA,13-16,HANSA ROTENBURG,9401673,636092572,Libèria,175.46,,10.92,2024-11-28 23:43:00,2024-11-29 22:37:00,Piraeus,Piraeus,BERGE MARITIMA SL
60089-3,36A,TERMINAL CATALUNYA SA,27-29,BARBARA P,9144720,255805600,Portugal,138.97,,9.19,2024-11-29 05:38:00,2024-11-30 00:08:00,Sagunto,Sagunto,SOLUCIONES INTEGRALES MARITIMAS SLU
60085-1,36A,TERMINAL CATALUNYA SA,23-26,WEC JAN STEEN,9354416,255806280,Portugal,134.44,,8.71,2024-11-29 07:46:00,2024-11-30 00:35:00,Valencia,Valencia,WEC LINES ESPAÑA SLU
60187-1,36A,TERMINAL CATALUNYA SA,18-22,MSC MELANI III,9399741,636017360,Libèria,225.04,,12.2,2024-11-29 11:10:00,2024-11-30 01:06:00,La Spezia,Castellon de la Plana,MEDITERRANEAN SHIPPING COM ESPAÑA SLU
59976-1,36A,TERMINAL CATALUNYA SA,13-17,AS CONSTANTINA,9308390,636093054,Libèria,221.69,,11.4,2024-11-29 23:38:00,2024-11-30 10:10:00,Algeciras,Piraeus,COSCO SHIPPING LINES SPAIN SA
60057-3,36A,TERMINAL CATALUNYA SA,20-24,MAERSK NAKURU,9356103,477552900,Hong Kong,210.54,,11.4,2024-11-30 02:18:00,2024-11-30 21:00:00,Port Said,Vado Ligure,NOATUM MARITIME SPAIN SAU
59695-3,36A,TERMINAL CATALUNYA SA,25-29,NIKOLAS,9203526,357388000,Panamà,207,,11.4,2024-11-30 05:15:00,2024-11-30 07:43:00,Vado Ligure,Vado Ligure,NOATUM MARITIME SPAIN SAU
59727-1,36A,TERMINAL CATALUNYA SA,13-19,MSC JULIE,9704996,255806498,Portugal,299.96,48.2,15.94,2024-11-30 12:36:00,2024-11-30 21:56:00,La Spezia,Valencia,MEDITERRANEAN SHIPPING COM ESPAÑA SLU
60189-1,36A,TERMINAL CATALUNYA SA,13-16,SONATA,9316103,277562000,Lituània,148,23.25,8.51,2024-12-01 00:22:00,2024-12-01 07:49:00,Valencia,Oran,MEDITERRANEAN SHIPPING COM ESPAÑA SLU
59563-1,36A,TERMINAL CATALUNYA SA,13-20,MSC NEW HAVEN,9293777,255803670,Portugal,334,42.8,14.52,2024-12-01 12:20:00,2024-12-02 12:06:00,Algeciras,Gioia Tauro,MEDITERRANEAN SHIPPING COM ESPAÑA SLU
59826-1,36A,TERMINAL CATALUNYA SA,27-29,K-RIVER,9138355,255805995,Portugal,121.99,18.2,6.69,2024-12-01 12:49:00,2024-12-01 18:32:00,Tangier,Valencia,A PEREZ Y CIA SL
59690-1,36A,TERMINAL CATALUNYA SA,23-29,MSC ATHOS,9618317,636022875,Libèria,299.95,,14.5,2024-12-02 04:55:00,2024-12-03 11:32:00,Valencia,Livorno,MEDITERRANEAN SHIPPING COM ESPAÑA SLU
59490-1,36A,TERMINAL CATALUNYA SA,6-11,CMA CGM VOLTAIRE,9635652,229877000,Malta,270.07,,14.52,2024-12-02 07:31:00,2024-12-02 22:56:00,Marseille,Valencia,CMA CGM IBERICA SAU
59692-1,36A,TERMINAL CATALUNYA SA,13-20,MSC TOMOKO,9309461,354315000,Panamà,331.99,43.2,15,2024-12-02 13:47:00,2024-12-03 07:44:00,La Spezia,Valencia,MEDITERRANEAN SHIPPING COM ESPAÑA SLU
58436-1,36A,TERMINAL CATALUNYA SA,4-11,CMA CGM GREENLAND,9895006,228410800,França,366,51,16,2024-12-03 04:01:00,2024-12-10 00:32:00,Valencia,Fos-sur-Mer,CMA CGM IBERICA SAU
60230-1,36A,TERMINAL CATALUNYA SA,17-21,ATOUT,9354648,636014890,Libèria,182.52,25.2,10,2024-12-03 09:11:00,2024-12-04 00:56:00,Djen-Djen,Marseille,CMA CGM IBERICA SAU
59467-1,36A,TERMINAL CATALUNYA SA,13-16,ATLANTIC MERCHANT,9378929,563143700,Singapur,147.8,,8.51,2024-12-03 10:22:00,2024-12-04 00:10:00,Oran,Marseille,CMA CGM IBERICA SAU
59729-1,36A,TERMINAL CATALUNYA SA,22-25,CONTSHIP PAX,9435521,209575000,Xipre,147.83,,8.5,2024-12-03 12:33:00,2024-12-03 23:38:00,Oran,Marseille,CMA CGM IBERICA SAU
60196-1,36A,TERMINAL CATALUNYA SA,13-16,PANDA 004,9968906,255915663,Portugal,169.95,,9.6,2024-12-04 04:35:00,2024-12-05 06:46:00,Moerdijk,Moerdijk,MARTICO SL
60148-1,36A,TERMINAL CATALUNYA SA,23-29,PANDA 007,9280598,255915786,Portugal,277.28,40,9.6,2024-12-04 05:59:00,2024-12-05 17:19:00,Colombo,Koper,MARTICO SL
60102-1,36A,TERMINAL CATALUNYA SA,18-21,JONA SOPHIE,9144718,255805601,Portugal,139,,9.19,2024-12-04 06:04:00,2024-12-04 13:18:00,Sagunto,Sagunto,SOLUCIONES INTEGRALES MARITIMAS SLU
60259-1,36A,TERMINAL CATALUNYA SA,17-21,MSC ROMINA II,9449821,255806097,Portugal,180.43,25,9.5,2024-12-04 13:25:00,2024-12-04 21:17:00,Valencia,Annaba (ex Bone),MEDITERRANEAN SHIPPING COM ESPAÑA SLU
60145-1,36A,TERMINAL CATALUNYA SA,18-21,DELPHIS BOTHNIA,9763710,477537200,Hong Kong,177.56,,9.5,2024-12-04 22:49:00,2024-12-05 10:59:00,Valencia,Piraeus,COSCO SHIPPING LINES SPAIN SA
60298-1,36A,TERMINAL CATALUNYA SA,13-16,MSC IRA II,9323493,636023306,Libèria,176.9,,10.9,2024-12-05 07:37:00,2024-12-06 03:08:00,Bejaia (ex Bougie),Valencia,MEDITERRANEAN SHIPPING COM ESPAÑA SLU
60102-3,36A,TERMINAL CATALUNYA SA,18-21,JONA SOPHIE,9144718,255805601,Portugal,139,,9.19,2024-12-05 11:41:00,2024-12-05 22:34:00,Sagunto,Sagunto,SOLUCIONES INTEGRALES MARITIMAS SLU
59832-1,36A,TERMINAL CATALUNYA SA,23-26,PAN GG,9236286,622110051,Egipte,149,,7.8,2024-12-05 18:24:00,2024-12-06 15:51:00,Piraeus,Haifa,BERGE MARITIMA SL
60229-3,36A,TERMINAL CATALUNYA SA,17-22,MAERSK NAKURU,9356103,477552900,Hong Kong,210.54,,11.4,2024-12-06 10:26:00,2024-12-07 08:58:00,Vado Ligure,Vado Ligure,NOATUM MARITIME SPAIN SAU
60087-1,36A,TERMINAL CATALUNYA SA,13-16,WEC VERMEER,9237371,209177000,Xipre,134.55,,8.7,2024-12-06 11:13:00,2024-12-06 20:57:00,Valencia,Valencia,WEC LINES ESPAÑA SLU
59844-1,36A,TERMINAL CATALUNYA SA,23-29,MAERSK PUELO,9306172,353117000,Panamà,304,,14,2024-12-06 17:07:00,2024-12-07 01:37:00,La Spezia,Valencia,NOATUM MARITIME SPAIN SAU
60223-1,36A,TERMINAL CATALUNYA SA,23-29,GSL MYNY,9213583,636020773,Libèria,277.23,,14.39,2024-12-07 03:03:00,2024-12-08 00:04:00,Algeciras,Gioia Tauro,NOATUM MARITIME SPAIN SAU
59880-1,36A,TERMINAL CATALUNYA SA,13-20,MSC MARIA ELENA,9304423,355919000,Panamà,336.67,,15.5,2024-12-08 06:36:00,2024-12-09 06:43:00,Fos-sur-Mer,Valencia,MEDITERRANEAN SHIPPING COM ESPAÑA SLU
59879-1,36A,TERMINAL CATALUNYA SA,22-29,MSC RAPALLO,9484455,636092271,Libèria,365.8,,16,2024-12-08 07:47:00,2024-12-09 07:53:00,Gioia Tauro,Valencia,MEDITERRANEAN SHIPPING COM ESPAÑA SLU
59921-1,36A,TERMINAL CATALUNYA SA,13-19,MSC LILY,9704960,255806489,Portugal,299.95,48.2,14.5,2024-12-09 09:57:00,2024-12-09 23:32:00,La Spezia,Valencia,MEDITERRANEAN SHIPPING COM ESPAÑA SLU
60260-1,36A,TERMINAL CATALUNYA SA,22-29,MSC ROSE,9957359,636023564,Libèria,364,,16,2024-12-09 12:37:00,2024-12-10 08:32:00,Fos-sur-Mer,Valencia,MEDITERRANEAN SHIPPING COM ESPAÑA SLU
59919-1,36A,TERMINAL CATALUNYA SA,5-12,MSC MIA,9839466,355798000,Panamà,399.97,61.51,17.74,2024-12-10 02:31:00,2024-12-12 22:10:00,Valencia,Gioia Tauro,MEDITERRANEAN SHIPPING COM ESPAÑA SLU
59175-1,36A,TERMINAL CATALUNYA SA,24-29,CMA CGM BETTER WAYS,9950557,256587000,Malta,272.3,,15,2024-12-10 10:30:00,2024-12-11 01:04:00,Livorno,Valencia,CMA CGM IBERICA SAU
60299-1,36A,TERMINAL CATALUNYA SA,18-21,KANTATA,9327580,277549000,Lituània,147.84,23.25,8.51,2024-12-10 23:46:00,2024-12-11 16:19:00,Valencia,Oran,MEDITERRANEAN SHIPPING COM ESPAÑA SLU
60474-1,36A,TERMINAL CATALUNYA SA,24-29,MSC ENGLAND,9232890,636019395,Libèria,257.87,32.25,12.52,2024-12-11 02:21:00,2024-12-11 08:16:00,Gioia Tauro,Castellon de la Plana,MEDITERRANEAN SHIPPING COM ESPAÑA SLU
60543-1,36A,TERMINAL CATALUNYA SA,14-17,MSC AZURIT F,9403437,636021078,Libèria,147.81,23.25,8.51,2024-12-11 02:43:00,2024-12-11 19:56:00,Sines,Alger (Algiers),MEDITERRANEAN SHIPPING COM ESPAÑA SLU
60096-1,36A,TERMINAL CATALUNYA SA,26-29,BARBARA P,9144720,255805600,Portugal,138.97,23.9,9.19,2024-12-11 09:39:00,2024-12-11 22:18:00,Sagunto,Sagunto,SOLUCIONES INTEGRALES MARITIMAS SLU
60209-1,36A,TERMINAL CATALUNYA SA,23-25,WEC MAJORELLE,9134153,210312000,Xipre,122,,6.69,2024-12-11 19:16:00,2024-12-12 05:33:00,Valencia,Algeciras,A PEREZ Y CIA SL
60644-1,36A,TERMINAL CATALUNYA SA,26-29,MSC JIANI,9966934,636023100,Libèria,172,,9.7,2024-12-11 22:17:00,2024-12-12 15:21:00,Bejaia (ex Bougie),Valencia,MEDITERRANEAN SHIPPING COM ESPAÑA SLU
60371-1,36A,TERMINAL CATALUNYA SA,14-21,MSC TIANJIN,9285471,636019332,Libèria,323,42.8,15.03,2024-12-12 14:34:00,2024-12-13 06:42:00,Valencia,Gioia Tauro,MEDITERRANEAN SHIPPING COM ESPAÑA SLU
60468-1,36A,TERMINAL CATALUNYA SA,22-25,PANDA 003,9968891,255915662,Portugal,169.95,,9.6,2024-12-12 18:46:00,2024-12-13 19:11:00,Moerdijk,Moerdijk,MARTICO SL
59922-1,36A,TERMINAL CATALUNYA SA,5-11,MSC ALBANY,9619438,636015665,Libèria,299,48.2,14.52,2024-12-13 00:13:00,2024-12-13 21:33:00,Valencia,Livorno,MEDITERRANEAN SHIPPING COM ESPAÑA SLU
60232-1,36A,TERMINAL CATALUNYA SA,18-21,ELBSAILOR,9448695,304667000,Antigua i Barbuda,192.9,,11.2,2024-12-13 08:23:00,2024-12-14 07:03:00,Piraeus,Haifa,BERGE MARITIMA SL
60461-3,36A,TERMINAL CATALUNYA SA,13-17,MAERSK NAKURU,9356103,477552900,Hong Kong,210.54,,11.4,2024-12-13 09:17:00,2024-12-14 08:13:00,Vado Ligure,Vado Ligure,NOATUM MARITIME SPAIN SAU
60096-3,36A,TERMINAL CATALUNYA SA,27-29,BARBARA P,9144720,255805600,Portugal,138.97,23.9,9.19,2024-12-13 11:55:00,2024-12-14 00:35:00,Sagunto,Sagunto,SOLUCIONES INTEGRALES MARITIMAS SLU
60088-1,36A,TERMINAL CATALUNYA SA,22-24,WEC JAN STEEN,9354416,255806280,Portugal,134.44,,8.71,2024-12-13 20:10:00,2024-12-14 12:23:00,Sines,Valencia,WEC LINES ESPAÑA SLU
59229-1,36A,TERMINAL CATALUNYA SA,4-11,CMA CGM BALI,9867827,229393000,Malta,366.01,,16,2024-12-14 06:14:00,2024-12-16 06:47:00,Valencia,Fos-sur-Mer,CMA CGM IBERICA SAU
60608-1,36A,TERMINAL CATALUNYA SA,12-17,MSC ANNICK,9169122,636017581,Libèria,260.66,,12.52,2024-12-14 09:20:00,2024-12-15 01:22:00,Genoa,Valencia,MEDITERRANEAN SHIPPING COM ESPAÑA SLU
60567-1,36A,TERMINAL CATALUNYA SA,21-24,PANDA 002,9328053,255805843,Portugal,141,,7.33,2024-12-14 13:39:00,2024-12-15 03:21:00,Moerdijk,Moerdijk,MARTICO SL
60167-1,36A,TERMINAL CATALUNYA SA,13-19,MSC NEW HAVEN,9293777,255803670,Portugal,334,,14.52,2024-12-15 04:41:00,2024-12-15 19:58:00,La Spezia,Valencia,MEDITERRANEAN SHIPPING COM ESPAÑA SLU
59460-1,36A,TERMINAL CATALUNYA SA,23-29,CMA CGM HARMONY,9952828,256849000,Malta,272.5,,15,2024-12-15 06:52:00,2024-12-16 01:47:00,Marseille,Valencia,CMA CGM IBERICA SAU
59975-1,36A,TERMINAL CATALUNYA SA,13-19,MSC BEIJING,9289099,255806376,Portugal,325,42.8,14.5,2024-12-15 21:55:00,2024-12-16 20:07:00,Algeciras,Gioia Tauro,MEDITERRANEAN SHIPPING COM ESPAÑA SLU
60480-1,36A,TERMINAL CATALUNYA SA,21-24,MSC KATALIN II,9232656,636017244,Libèria,184.1,25.3,9.85,2024-12-16 02:52:00,2024-12-17 01:29:00,Annaba (ex Bone),Alger (Algiers),MEDITERRANEAN SHIPPING COM ESPAÑA SLU
60166-1,36A,TERMINAL CATALUNYA SA,26-29,IPIOS,9359117,249250000,Malta,147.8,23.25,8.51,2024-12-16 03:57:00,2024-12-17 00:50:00,Mostaganem,Marseille,CMA CGM IBERICA SAU
60208-1,36A,TERMINAL CATALUNYA SA,4-11,MSC MINA,9839260,351862000,Panamà,399.77,61,17.74,2024-12-16 14:20:00,2024-12-19 09:37:00,Valencia,Gioia Tauro,MEDITERRANEAN SHIPPING COM ESPAÑA SLU
60192-1,36A,TERMINAL CATALUNYA SA,13-19,MSC SARA ELENA,9702261,255806499,Portugal,300,,14.5,2024-12-17 00:40:00,2024-12-17 23:49:00,Valencia,Livorno,MEDITERRANEAN SHIPPING COM ESPAÑA SLU
60380-1,36A,TERMINAL CATALUNYA SA,26-29,K-RIVER,9138355,255805995,Portugal,121.99,,6.69,2024-12-17 02:20:00,2024-12-17 13:04:00,Algeciras,Valencia,A PEREZ Y CIA SL
60703-1,36A,TERMINAL CATALUNYA SA,21-25,MSC EMILIE,9334832,636020695,Libèria,176.96,,10.9,2024-12-17 02:55:00,2024-12-17 12:37:00,Alger (Algiers),Valencia,MEDITERRANEAN SHIPPING COM ESPAÑA SLU
60168-1,36A,TERMINAL CATALUNYA SA,22-29,MSC REGULUS,9465291,373068000,Panamà,366.37,48.2,16.5,2024-12-17 19:08:00,2024-12-18 14:03:00,Valencia,Malaga,MEDITERRANEAN SHIPPING COM ESPAÑA SLU
60104-1,36A,TERMINAL CATALUNYA SA,18-21,JONA SOPHIE,9144718,255805601,Portugal,139,,9.19,2024-12-18 05:46:00,2024-12-18 17:24:00,Sagunto,Sagunto,SOLUCIONES INTEGRALES MARITIMAS SLU
60295-1,36A,TERMINAL CATALUNYA SA,22-29,MSC RAVENNA,9484431,636092268,Libèria,365.79,51.2,17.5,2024-12-18 23:58:00,2024-12-19 15:33:00,Gioia Tauro,Valencia,MEDITERRANEAN SHIPPING COM ESPAÑA SLU
60564-1,36A,TERMINAL CATALUNYA SA,5-11,MSC RITA V,9313929,210885000,Xipre,294.1,,14.5,2024-12-19 11:39:00,2024-12-19 19:39:00,La Spezia,Castellon de la Plana,MEDITERRANEAN SHIPPING COM ESPAÑA SLU
58439-1,36A,TERMINAL CATALUNYA SA,13-20,CMA CGM CAPE COD,9938133,256612000,Malta,366,51,16,2024-12-19 12:48:00,2024-12-21 00:09:00,Valencia,Fos-sur-Mer,CMA CGM IBERICA SAU
60642-3,36A,TERMINAL CATALUNYA SA,21-25,MAERSK NAKURU,9356103,477552900,Hong Kong,210.54,,11.4,2024-12-19 17:08:00,2024-12-20 12:35:00,Vado Ligure,Vado Ligure,NOATUM MARITIME SPAIN SAU
60104-3,36A,TERMINAL CATALUNYA SA,27-30,JONA SOPHIE,9144718,255805601,Portugal,139,,9.19,2024-12-19 21:48:00,2024-12-20 21:58:00,Sagunto,Sagunto,SOLUCIONES INTEGRALES MARITIMAS SLU
60261-1,36A,TERMINAL CATALUNYA SA,4-11,MSC AMELIA,9896995,636020543,Libèria,399.77,61,16.5,2024-12-20 11:49:00,2024-12-23 07:10:00,Valencia,Gioia Tauro,MEDITERRANEAN SHIPPING COM ESPAÑA SLU
60643-1,36A,TERMINAL CATALUNYA SA,21-24,PAN GG,9236286,622110051,Egipte,149,,7.8,2024-12-20 14:22:00,2024-12-21 17:52:00,Piraeus,Haifa,BERGE MARITIMA SL
60600-1,36A,TERMINAL CATALUNYA SA,13-19,GSL MYNY,9213583,636020773,Libèria,277.23,,14.39,2024-12-21 11:45:00,2024-12-22 01:30:00,La Spezia,Valencia,NOATUM MARITIME SPAIN SAU
60471-1,36A,TERMINAL CATALUNYA SA,24-30,PANDA 009,9294812,255805778,Portugal,275.8,,14.4,2024-12-21 19:15:00,2024-12-24 00:37:00,Colombo,Koper,MARTICO SL
60722-1,36A,TERMINAL CATALUNYA SA,20-23,PANDA 004,9968906,255915663,Portugal,169.95,,9.6,2024-12-22 04:41:00,2024-12-24 04:51:00,Moerdijk,Moerdijk,MARTICO SL
60864-1,36A,TERMINAL CATALUNYA SA,13-15,SCARLETTA,9449699,305752000,Antigua i Barbuda,139.1,,8.8,2024-12-22 04:59:00,2024-12-22 23:40:00,Casablanca,Alger (Algiers),MEDITERRANEAN SHIPPING COM ESPAÑA SLU
60288-1,36A,TERMINAL CATALUNYA SA,12-16,AS ANITA,9470961,636093268,Libèria,189.49,,11.35,2024-12-23 01:25:00,2024-12-23 18:26:00,Algeciras,Piraeus,COSCO SHIPPING LINES SPAIN SA
59837-1,36A,TERMINAL CATALUNYA SA,20-26,CORCOVADO,9687564,636092798,Libèria,300,48.2,15.02,2024-12-24 09:15:00,2024-12-26 11:00:00,Valencia,Livorno,HAPAG LLOYD SPAIN SL
60465-1,36A,TERMINAL CATALUNYA SA,27-30,WEC JAN STEEN,9354416,255806280,Portugal,134.44,,8.71,2024-12-24 12:41:00,2024-12-26 13:54:00,Valencia,Santa Cruz de Tenerife,WEC LINES ESPAÑA SLU
60457-1,36A,TERMINAL CATALUNYA SA,4-11,MSC DILETTA,9897004,636020598,Libèria,399.77,61,16.5,2024-12-24 16:43:00,2024-12-29 11:39:00,Valencia,Gioia Tauro,MEDITERRANEAN SHIPPING COM ESPAÑA SLU
60372-1,36A,TERMINAL CATALUNYA SA,13-19,MSC ALANYA,9785483,636021123,Libèria,328.46,,16,2024-12-25 07:27:00,2024-12-26 18:48:00,La Spezia,Valencia,MEDITERRANEAN SHIPPING COM ESPAÑA SLU
59461-1,36A,TERMINAL CATALUNYA SA,21-26,CMA CGM KHAO SOK,9925837,256619000,Malta,240.05,,14.56,2024-12-26 13:18:00,2024-12-27 15:32:00,Genoa,Valencia,CMA CGM IBERICA SAU
60771-1,36A,TERMINAL CATALUNYA SA,27-30,BARBARA P,9144720,255805600,Portugal,138.97,23.9,9.19,2024-12-26 18:28:00,2024-12-28 00:23:00,Sagunto,Sagunto,SOLUCIONES INTEGRALES MARITIMAS SLU
60563-1,36A,TERMINAL CATALUNYA SA,17-20,KANTATA,9327580,277549000,Lituània,147.84,,8.51,2024-12-26 20:36:00,2024-12-27 21:25:00,Oran,Oran,MEDITERRANEAN SHIPPING COM ESPAÑA SLU
60866-1,36A,TERMINAL CATALUNYA SA,13-16,MSC IRA II,9323493,636023306,Libèria,176.9,27.4,10.9,2024-12-27 07:37:00,2024-12-27 18:50:00,Valencia,Annaba (ex Bone),MEDITERRANEAN SHIPPING COM ESPAÑA SLU
60950-1,36A,TERMINAL CATALUNYA SA,21-24,PANDA 003,9968891,255915662,Portugal,169.95,,9.6,2024-12-27 17:11:00,2024-12-29 09:45:00,Moerdijk,Moerdijk,MARTICO SL
60565-1,36A,TERMINAL CATALUNYA SA,13-18,MSC ENGLAND,9232890,636019395,Libèria,257.87,,12.52,2024-12-27 23:19:00,2024-12-28 08:07:00,La Spezia,Castellon de la Plana,MEDITERRANEAN SHIPPING COM ESPAÑA SLU
60882-3,36A,TERMINAL CATALUNYA SA,25-30,MAERSK NAKURU,9356103,477552900,Hong Kong,210.54,,11.4,2024-12-28 02:14:00,2024-12-29 15:31:00,Vado Ligure,Vado Ligure,NOATUM MARITIME SPAIN SAU
60782-1,36A,TERMINAL CATALUNYA SA,13-19,PORTO CHELI,9221839,636020869,Libèria,300,,14.52,2024-12-28 09:59:00,2024-12-29 23:03:00,"Freeport, Grand Bahama",Gioia Tauro,NOATUM MARITIME SPAIN SAU
60396-1,36A,TERMINAL CATALUNYA SA,20-24,AS CONSTANTINA,9308390,636093054,Libèria,221.69,,11.4,2024-12-29 18:11:00,2024-12-30 10:29:00,Algeciras,Piraeus,COSCO SHIPPING LINES SPAIN SA
60688-1,36A,TERMINAL CATALUNYA SA,5-11,MSC DOMITILLE,9720201,255806507,Portugal,299.82,,14.5,2024-12-29 20:22:00,2024-12-30 11:11:00,Valencia,Livorno,MEDITERRANEAN SHIPPING COM ESPAÑA SLU
60508-1,36A,TERMINAL CATALUNYA SA,26-29,CTM ISTMO,9430870,352003103,Panamà,175.56,,10.9,2024-12-30 03:24:00,2024-12-30 20:01:00,Genoa,Valencia,ANTILLAS SEA AGENCY SL
60568-1,36A,TERMINAL CATALUNYA SA,13-19,MSC AMALFI,9605279,229626000,Malta,299.91,,14.5,2024-12-30 05:02:00,2024-12-30 18:37:00,Valencia,Gioia Tauro,MEDITERRANEAN SHIPPING COM ESPAÑA SLU
60114-1,36A,TERMINAL CATALUNYA SA,21-24,GREEN OCEAN,9865960,563095700,Singapur,172.07,,9.77,2024-12-30 12:18:00,2024-12-30 22:54:00,Genoa,Valencia,A PEREZ Y CIA SL
60790-1,36A,TERMINAL CATALUNYA SA,13-19,MSC BREMERHAVEN V,9313967,255804350,Portugal,293.83,,13.45,2024-12-30 22:02:00,2024-12-31 06:32:00,Valencia,Piraeus,MEDITERRANEAN SHIPPING COM ESPAÑA SLU
60536-1,36A,TERMINAL CATALUNYA SA,21-24,ATLANTIC MERCHANT,9378929,563143700,Singapur,147.8,23.25,8.51,2024-12-31 00:52:00,2024-12-31 17:42:00,Mostaganem,Marseille,CMA CGM IBERICA SAU
